<?xml version="1.0" encoding="UTF-8"?>
<TuningWizardStrings>
	<label rtlFlag="0"/>
        <label discardChanges= "지금 종료하면 모든 변경 사항이 손실됩니다. 그래도 종료하시겠습니까?"/>

        <label noPlay        = "오디오 조정 마법사를 사용하여 소리를 재생하도록 이 장치를 구성할 수 없습니다. Cisco IP Communicator에서 이 장치를 사용할 경우 제대로 작동하지 않을 수 있습니다."/>

        <label unmute        = "%s 볼륨이 음소거되었으나 오디오 조정 마법사에서 이 문제를 해결했습니다. 여전히 샘플 소리를 재생할 수 없는 경우, Cisco IP Communicator에서 이 장치를 사용하면 제대로 작동하지 않을 수 있습니다."/>

        <label noMicInput    = "오디오 조정 마법사를 사용하여 소리를 녹음하도록 %s을(를) 구성할 수 없습니다. Cisco IP Communicator에서 이 장치를 사용할 경우 제대로 작동하지 않을 수 있습니다."/>

        <label setMicInput   = "%s이(가) 마이크에서 소리를 녹음할 수 있도록 구성되지 않았으나 오디오 조정 마법사에서 이 문제를 해결했습니다. 여전히 소리를 녹음할 수 없는 경우, Cisco IP Communicator에서 이 장치를 사용하면 제대로 작동하지 않을 수 있습니다."/>

        <label unmuteMic     = "%s 마이크가 음소거되었으나 오디오 조정 마법사에서 이 문제를 해결했습니다. 여전히 소리를 녹음할 수 없는 경우, Cisco IP Communicator에서 이 장치를 사용하면 제대로 작동하지 않을 수 있습니다."/>

        <label MicInUse      = "마이크를 모니터링하지 못했습니다. 다음을 확인하십시오. (1) 통화 처리 중 (2) 다른 애플리케이션에서 이 마이크를 사용 중임 (3) 마이크가 음소거되었음"/>

        <label troubleshootmenu1    = "오디오 조정 마법사 설정 및 오류 정보를 %s에 저장했습니다."/>
        <label troubleshootmenu3    = "Cisco Unified 문제 보고 도구를 지금 시작하시겠습니까?"/>

        <label missingdevice1    = "%s이(가) 누락되었거나 제대로 연결되지 않았습니다. 다시 연결하고 [확인]을 선택하십시오."/>
        <label missingdevice3    = "조정 마법사를 사용하여 다른 장치를 선택하려면 [취소]를 선택하십시오."/>
	<label noSoundDevices    = "이 컴퓨터에 호환되는 사운드 장치가 설치되어 있지 않습니다. 종료하려면 [확인]을 클릭하십시오."/> 
	<label devicesNotTuned = "사운드 장치를 조정하지 않으면 Communicator에서 오디오가 제대로 작동하지 않을 수 있습니다. 그래도 취소하시겠습니까?"/> 
	
        <label copyright     = "Copyright ⓒ 2004-2011 Cisco Systems, Inc. 모든 권리 보유."/>

	<label title	     = "오디오 조정 마법사"/>
        <label test          = "테스트"/>
        <label play          = "재생"/>
        <label stop          = "중지"/>

        <label page1title    = "오디오 조정 마법사 - 오디오 장치 선택"/>
	<label headset       = "헤드셋:"/>
	<label speakerphone  = "스피커폰:"/>
	<label ringer        = "벨소리 장치:"/>
	<label handset       = "핸드셋:"/>

        <label page2title          = "오디오 조정 마법사 - %s의 수신 볼륨 조정"/>
	<label page2playbackdevice = "재생 장치:"/>	
        <label page2wavevolume     = "웨이브 볼륨:"/>
        <label page2mastervolume   = "마스터 볼륨:"/>
	<label page2enabled        = "활성화됨"/>

        <label page3title          = "오디오 조정 마법사 - %s의 마이크 볼륨 조정"/>
        <label page3device         = "녹음 장치:"/>
        <label page3finegain       = "미세 볼륨:"/>
        <label page3coarsegain     = "마스터 볼륨:"/>
        <label page3enable         = "Enable"/>
        <label page3highgain       = "마이크 증폭"/>
        <label page3playback       = "플레이아웃"/>
        <label page4title    = "오디오 조정 마법사 - %s에 대한 AEC 품질 평가 테스트"/>

        <label checktitle    = "오디오 조정 마법사 - 오디오 설정 확인"/>
        <label checkdisable  = "확인 안 함"/>
        <label revert        = "되돌리기"/>
        <label tune          = "조정"/>
	<label skip	     = "건너뛰기"/>

        <label yes           = "예"/>
        <label no            = "아니오"/>
        <label ok            = "확인"/>
        <label cancel        = "취소"/>
        <label back          = "뒤로"/>
        <label next          = "다음"/>
        <label finish        = "Finish"/>
	  <label Help        = "도움말"/>
        <label Troubleshooting        = "문제 해결 정보..."/>
        <label About        = "AudioTuningWizard 정보..."/>
	<label UseDefaultDevices 	= "Windows 기본 장치 사용"/>
        <label errOpenSoundCard		= "사운드 장치를 다음으로 변경할 수 없습니다. "/>
        
        <label AboutTitle		= "오디오 조정 마법사 정보"/>
        <label Move		= "이동"/>
        <label Close		= "닫기"/>
        <label AlreadyRunning		= "오디오 조정 마법사의 다른 인스턴스가 지금 실행 중입니다!"/>
        <label FileOpenFailure		= "%s 열기 실패"/>
        <label MicInError		= "오류: 마이크 입력이 범위를 벗어남"/>


	<label checksettingshelp = "{\rtf1\ansi\ansicpg949\deff0\deflang1033\deflangfe1042\deftab800{\fonttbl{\f0\fmodern\fprq1\fcharset129 GulimChe;}{\f1\fswiss\fcharset0 Arial;}{\f2\froman\fprq2\fcharset2 Symbol;}{\f3\fmodern\fprq1\fcharset0 GulimChe;}}
{\*\generator Msftedit 5.41.15.1507;}{\info{\horzdoc}{\*\lchars $([\'5c\'7b\'a1\'cc\'a1\'cd\'a1\'ae\'a1\'b0\'a1\'b4\'a1\'b6\'a1\'b8\'a1\'ba\'a1\'bc\'a1\'b2\'a3\'a4\'a3\'a8\'a3\'db\'a3\'fb\'a1\'cc\'a1\'cd\'a3\'dc}{\*\fchars !%),.:\'3b?]\'7d\'a1\'cb\'a1\'c6\'a1\'af\'a1\'b1\'a1\'c7\'a1\'c8\'a1\'c9\'a1\'b5\'a1\'b7\'a1\'b9\'a1\'bb\'a1\'bd\'a1\'b3\'a3\'a1\'a3\'a5\'a3\'a9\'a3\'ac\'a3\'ae\'a3\'ba\'a3\'bb\'a3\'bf\'a3\'dd\'a3\'fd\'a1\'cb}}
\viewkind4\uc1\pard\nowidctlpar\qj\kerning2\f0\fs18 Cisco IP Communicator\'b8\'a6 \'bb\'e7\'bf\'eb\'c7\'cf\'b5\'b5\'b7\'cf \'b1\'b8\'bc\'ba\'c7\'d1 \'c0\'cc\'c8\'c4 PC \'bf\'c0\'b5\'f0\'bf\'c0 \'bc\'b3\'c1\'a4\'c0\'cc \'ba\'af\'b0\'e6\'b5\'c7\'be\'fa\'bd\'c0\'b4\'cf\'b4\'d9\f1 .\par
\f0\'b4\'d9\'c0\'bd\'c0\'bb \'bc\'b1\'c5\'c3\'c7\'d5\'b4\'cf\'b4\'d9\f1 .\par
\par
\kerning0\f2\'b7  \kerning2\b\f0\'b5\'c7\'b5\'b9\'b8\'ae\'b1\'e2\b0  - \'bf\'c0\'b5\'f0\'bf\'c0 \'bc\'b3\'c1\'a4\'c0\'bb \'bf\'f8\'b7\'a1 \'c1\'b6\'c1\'a4\'c7\'df\'b4\'f8 \'b4\'eb\'b7\'ce\par
\f3   \f0\'b4\'d9\'bd\'c3 \'ba\'af\'b0\'e6\'c7\'d5\'b4\'cf\'b4\'d9\f1 .\par
\kerning0\f2\'b7  \kerning2\b\f0\'c1\'b6\'c1\'a4\b0  - \'c7\'f6\'c0\'e7 \'bf\'c0\'b5\'f0\'bf\'c0 \'bc\'b3\'c1\'a4\'c0\'bb \'c7\'a5\'bd\'c3\'c7\'cf\'b0\'c5\'b3\'aa \'bc\'f6\'c1\'a4\'c7\'d5\'b4\'cf\'b4\'d9\f1 .\par
\kerning0\f2\'b7  \kerning2\b\f0\'b0\'c7\'b3\'ca\'b6\'d9\'b1\'e2\b0  - \'c7\'f6\'c0\'e7 \'bf\'c0\'b5\'f0\'bf\'c0 \'bc\'b3\'c1\'a4\'c0\'bb \'b0\'e8\'bc\'d3 \'bb\'e7\'bf\'eb\'c7\'d5\'b4\'cf\'b4\'d9\f1 .\par
}
"/>

	<label checknewdevicehelp = "{\rtf1\ansi\ansicpg949\deff0\deflang1033\deflangfe1042\deftab800{\fonttbl{\f0\fmodern\fprq1\fcharset129 GulimChe;}{\f1\fswiss\fcharset0 Arial;}{\f2\froman\fprq2\fcharset2 Symbol;}}
{\*\generator Msftedit 5.41.15.1507;}{\info{\horzdoc}{\*\lchars $([\'5c\'7b\'a1\'cc\'a1\'cd\'a1\'ae\'a1\'b0\'a1\'b4\'a1\'b6\'a1\'b8\'a1\'ba\'a1\'bc\'a1\'b2\'a3\'a4\'a3\'a8\'a3\'db\'a3\'fb\'a1\'cc\'a1\'cd\'a3\'dc}{\*\fchars !%),.:\'3b?]\'7d\'a1\'cb\'a1\'c6\'a1\'af\'a1\'b1\'a1\'c7\'a1\'c8\'a1\'c9\'a1\'b5\'a1\'b7\'a1\'b9\'a1\'bb\'a1\'bd\'a1\'b3\'a3\'a1\'a3\'a5\'a3\'a9\'a3\'ac\'a3\'ae\'a3\'ba\'a3\'bb\'a3\'bf\'a3\'dd\'a3\'fd\'a1\'cb}}
\viewkind4\uc1\pard\nowidctlpar\qj\kerning2\f0\fs18\'bc\'b1\'c5\'c3\'c7\'d1 \'c0\'cf\'ba\'ce \'bf\'c0\'b5\'f0\'bf\'c0 \'c0\'e5\'c4\'a1\'b0\'a1 Cisco IP Communicator\'b8\'a6 \'bb\'e7\'bf\'eb\'c7\'cf\'b5\'b5\'b7\'cf \'b1\'b8\'bc\'ba\'b5\'c7\'c1\'f6 \'be\'ca\'be\'d2\'bd\'c0\'b4\'cf\'b4\'d9. \'b4\'d9\'c0\'bd\'c0\'bb \'bc\'b1\'c5\'c3\'c7\'d5\'b4\'cf\'b4\'d9\f1 .\par
\f0\par
\kerning0\f2\'b7  \kerning2\b\f0\'c1\'b6\'c1\'a4\b0  - \'c0\'e5\'c4\'a1\'b8\'a6 \'b1\'b8\'bc\'ba\'c7\'cf\'b0\'c5\'b3\'aa \'b4\'d9\'b8\'a5 \'c0\'e5\'c4\'a1\'b8\'a6 \'bc\'b1\'c5\'c3\'c7\'d5\'b4\'cf\'b4\'d9\f1 .\par
\kerning0\f2\'b7  \kerning2\b\f0\'c3\'eb\'bc\'d2\b0  - \'c7\'f6\'c0\'e7 \'bf\'c0\'b5\'f0\'bf\'c0 \'bc\'b3\'c1\'a4\'c0\'bb \'b0\'e8\'bc\'d3 \'bb\'e7\'bf\'eb\'c7\'d5\'b4\'cf\'b4\'d9\f1 .\par
}
"/>

	<label page0help = "{\rtf1\ansi\ansicpg949\deff0\deflang1033\deflangfe1042\deftab800{\fonttbl{\f0\fmodern\fprq1\fcharset129 GulimChe;}{\f1\fswiss\fcharset0 Arial;}}
{\*\generator Msftedit 5.41.15.1507;}{\info{\horzdoc}{\*\lchars $([\'5c\'7b\'a1\'cc\'a1\'cd\'a1\'ae\'a1\'b0\'a1\'b4\'a1\'b6\'a1\'b8\'a1\'ba\'a1\'bc\'a1\'b2\'a3\'a4\'a3\'a8\'a3\'db\'a3\'fb\'a1\'cc\'a1\'cd\'a3\'dc}{\*\fchars !%),.:\'3b?]\'7d\'a1\'cb\'a1\'c6\'a1\'af\'a1\'b1\'a1\'c7\'a1\'c8\'a1\'c9\'a1\'b5\'a1\'b7\'a1\'b9\'a1\'bb\'a1\'bd\'a1\'b3\'a3\'a1\'a3\'a5\'a3\'a9\'a3\'ac\'a3\'ae\'a3\'ba\'a3\'bb\'a3\'bf\'a3\'dd\'a3\'fd\'a1\'cb}}
\viewkind4\uc1\pard\nowidctlpar\qj\kerning2\b\i\f0\fs18\'bf\'c0\'b5\'f0\'bf\'c0 \'c0\'e5\'c4\'a1 \'bc\'b1\'c5\'c3 \'b9\'d7 \'c1\'b6\'c1\'a4\b0\i0\par
\par
\'bd\'c3\'c0\'db\'c7\'cf\'b1\'e2 \'c0\'fc\'bf\'a1:\par
\par
Microsoft Sound Recorder\'bf\'cd \'b0\'b0\'c0\'cc \'bc\'d2\'b8\'ae\'b8\'a6 \'c0\'e7\'bb\'fd\'c7\'cf\'b0\'c5\'b3\'aa \'b3\'ec\'c0\'bd\'c7\'cf\'b4\'c2 \'b4\'d9\'b8\'a5 \'b8\'f0\'b5\'e7 \'c7\'c1\'b7\'ce\'b1\'d7\'b7\'a5\'c0\'bb \'b4\'dd\'bd\'c0\'b4\'cf\'b4\'d9\f1 .\par
\f0\par
\'bb\'e7\'bf\'eb\'c7\'d2 \'bf\'c0\'b5\'f0\'bf\'c0 \'c0\'e5\'c4\'a1(\'c7\'ec\'b5\'e5\'bc\'c2, \'bd\'ba\'c7\'c7\'c4\'bf, \'b8\'b6\'c0\'cc\'c5\'a9 \'b9\'d7 \'c7\'da\'b5\'e5\'bc\'c2)\'c0\'c7 \'c0\'fc\'bf\'f8\'c0\'cc \'bf\'ac\'b0\'e1\'b5\'c7\'be\'ee \'c0\'d6\'b0\'ed \'c4\'d1\'c1\'ae \'c0\'d6\'b4\'c2\'c1\'f6 \'c8\'ae\'c0\'ce\'c7\'d5\'b4\'cf\'b4\'d9\f1 .\par
\par
\f0\'c7\'ec\'b5\'e5\'bc\'c2\'c0\'bb \'bb\'e7\'bf\'eb\'c7\'cf\'b4\'c2 \'b0\'e6\'bf\'ec \'b8\'b6\'c0\'cc\'c5\'a9\'b8\'a6 \'c7\'ec\'b5\'e5\'bc\'c2 \'c1\'a6\'c1\'b6\'be\'f7\'c3\'bc\'bf\'a1\'bc\'ad \'b1\'c7\'c0\'e5\'c7\'cf\'b4\'c2 \'b8\'b8\'c5\'ad \'c0\'d4 \'b0\'a1\'b1\'ee\'c0\'cc\'bf\'a1 \'b9\'e8\'c4\'a1\'c7\'d5\'b4\'cf\'b4\'d9\f1 .\par
\par
\f0\'b0\'e8\'bc\'d3\'c7\'cf\'b7\'c1\'b8\'e9 \'b4\'d9\'c0\'bd\'c0\'bb \'bc\'b1\'c5\'c3\'c7\'d5\'b4\'cf\'b4\'d9\f1 .\par
}
"/>

	<label page1help = "{\rtf1\ansi\ansicpg949\deff0\deflang1033\deflangfe1042\deftab800{\fonttbl{\f0\fmodern\fprq1\fcharset129 GulimChe;}{\f1\fswiss\fcharset0 Arial;}}
{\*\generator Msftedit 5.41.15.1507;}{\info{\horzdoc}{\*\lchars $([\'5c\'7b\'a1\'cc\'a1\'cd\'a1\'ae\'a1\'b0\'a1\'b4\'a1\'b6\'a1\'b8\'a1\'ba\'a1\'bc\'a1\'b2\'a3\'a4\'a3\'a8\'a3\'db\'a3\'fb\'a1\'cc\'a1\'cd\'a3\'dc}{\*\fchars !%),.:\'3b?]\'7d\'a1\'cb\'a1\'c6\'a1\'af\'a1\'b1\'a1\'c7\'a1\'c8\'a1\'c9\'a1\'b5\'a1\'b7\'a1\'b9\'a1\'bb\'a1\'bd\'a1\'b3\'a3\'a1\'a3\'a5\'a3\'a9\'a3\'ac\'a3\'ae\'a3\'ba\'a3\'bb\'a3\'bf\'a3\'dd\'a3\'fd\'a1\'cb}}
\viewkind4\uc1\pard\nowidctlpar\qj\kerning2\b\i\f0\fs18\'bf\'c0\'b5\'f0\'bf\'c0 \'c0\'e5\'c4\'a1 \'bc\'b1\'c5\'c3\b0\i0\par
\'b9\'dd\'c7\'e2\'c0\'bd \'bf\'c0\'b5\'f0\'bf\'c0 \'b8\'f0\'b5\'e5\'c0\'c7 \'b0\'e6\'bf\'ec Communicator\'bf\'a1\'bc\'ad \'bb\'e7\'bf\'eb\'c7\'d2 \'c0\'e5\'c4\'a1\'b8\'a6 \'bc\'b1\'c5\'c3\'c7\'d8\'be\'df \'c7\'d5\'b4\'cf\'b4\'d9. \'bf\'c0\'b5\'f0\'bf\'c0 \'c0\'e5\'c4\'a1\'bf\'cd \'b8\'f0\'b5\'e5\'bf\'a1 \'b4\'eb\'c7\'d1 \'c0\'da\'bc\'bc\'c7\'d1 \'b3\'bb\'bf\'eb\'c0\'ba \'bb\'e7\'bf\'eb \'bc\'b3\'b8\'ed\'bc\'ad\'b8\'a6 \'c2\'fc\'c1\'b6\'c7\'cf\'bd\'ca\'bd\'c3\'bf\'c0\f1 .\par
}
"/>

	<label page2help = "{\rtf1\ansi\ansicpg949\deff0\deflang1033\deflangfe1042\deftab800{\fonttbl{\f0\fmodern\fprq1\fcharset129 GulimChe;}{\f1\fswiss\fcharset0 Arial;}}
{\*\generator Msftedit 5.41.15.1507;}{\info{\horzdoc}{\*\lchars $([\'5c\'7b\'a1\'cc\'a1\'cd\'a1\'ae\'a1\'b0\'a1\'b4\'a1\'b6\'a1\'b8\'a1\'ba\'a1\'bc\'a1\'b2\'a3\'a4\'a3\'a8\'a3\'db\'a3\'fb\'a1\'cc\'a1\'cd\'a3\'dc}{\*\fchars !%),.:\'3b?]\'7d\'a1\'cb\'a1\'c6\'a1\'af\'a1\'b1\'a1\'c7\'a1\'c8\'a1\'c9\'a1\'b5\'a1\'b7\'a1\'b9\'a1\'bb\'a1\'bd\'a1\'b3\'a3\'a1\'a3\'a5\'a3\'a9\'a3\'ac\'a3\'ae\'a3\'ba\'a3\'bb\'a3\'bf\'a3\'dd\'a3\'fd\'a1\'cb}}
\viewkind4\uc1\pard\nowidctlpar\qj\kerning2\b\i\f0\fs18\'bc\'f6\'bd\'c5 \'ba\'bc\'b7\'fd \'c1\'b6\'c1\'a4\b0\i0\par
\'be\'c6\'b7\'a1\'c0\'c7 \'c0\'e7\'bb\'fd \'c0\'e5\'c4\'a1\'b8\'a6 \'b5\'e8\'b0\'ed \'c0\'d6\'be\'ee\'be\'df \'c7\'d5\'b4\'cf\'b4\'d9. \'c0\'e5\'c4\'a1\'bf\'a1 \'bf\'dc\'ba\'ce \'ba\'bc\'b7\'fd \'c4\'c1\'c6\'ae\'b7\'d1\'c0\'cc \'c0\'d6\'b4\'c2 \'b0\'e6\'bf\'ec\'bf\'a1\'b4\'c2 \'c1\'b6\'c1\'a4\'c7\'cf\'b1\'e2 \'c0\'fc\'bf\'a1 \'c4\'c1\'c6\'ae\'b7\'d1\'c0\'bb \'c3\'d6\'b4\'eb\'b0\'aa\'c0\'b8\'b7\'ce \'b3\'f4\'c0\'d4\'b4\'cf\'b4\'d9. \b\'c0\'e7\'bb\'fd\b0  \'b4\'dc\'c3\'df\'b8\'a6 \'b4\'a9\'b8\'a5 \'b4\'d9\'c0\'bd \'bb\'f9\'c7\'c3 \'bc\'d2\'b8\'ae\'b0\'a1 \'c6\'ed\'be\'c8\'c7\'d1 \'bc\'f6\'c1\'d8\'bf\'a1\'bc\'ad \'c0\'e7\'bb\'fd\'b5\'c9 \'b6\'a7\'b1\'ee\'c0\'da \'ba\'bc\'b7\'fd \'bd\'bd\'b6\'f3\'c0\'cc\'b4\'f5\'b8\'a6 \'c1\'b6\'c1\'a4\'c7\'d5\'b4\'cf\'b4\'d9. \'b8\'b6\'bd\'ba\'c5\'cd \'b9\'d7 \'bf\'fe\'c0\'cc\'ba\'ea \'bd\'bd\'b6\'f3\'c0\'cc\'b4\'f5\'b0\'a1 \'b8\'f0\'b5\'ce \'c7\'a5\'bd\'c3\'b5\'c7\'b4\'c2 \'b0\'e6\'bf\'ec\'bf\'a1\'b4\'c2 \'bf\'fe\'c0\'cc\'ba\'ea \'bd\'bd\'b6\'f3\'c0\'cc\'b4\'f5\'b8\'a6 75%\'b7\'ce \'bc\'b3\'c1\'a4\'c7\'d1 \'b4\'d9\'c0\'bd \'b8\'b6\'bd\'ba\'c5\'cd \'bd\'bd\'b6\'f3\'c0\'cc\'b4\'f5\'b8\'a6 \'c6\'ed\'be\'c8\'c7\'d1 \'bc\'f6\'c1\'d8\'c0\'b8\'b7\'ce \'c1\'b6\'c1\'a4\'c7\'d5\'b4\'cf\'b4\'d9\f1 .\par
}
"/>

	<label page3help = "{\rtf1\ansi\ansicpg949\deff0\deflang1033\deflangfe1042\deftab800{\fonttbl{\f0\fmodern\fprq1\fcharset129 GulimChe;}{\f1\fswiss\fcharset0 Arial;}}
{\*\generator Msftedit 5.41.15.1507;}{\info{\horzdoc}{\*\lchars $([\'5c\'7b\'a1\'cc\'a1\'cd\'a1\'ae\'a1\'b0\'a1\'b4\'a1\'b6\'a1\'b8\'a1\'ba\'a1\'bc\'a1\'b2\'a3\'a4\'a3\'a8\'a3\'db\'a3\'fb\'a1\'cc\'a1\'cd\'a3\'dc}{\*\fchars !%),.:\'3b?]\'7d\'a1\'cb\'a1\'c6\'a1\'af\'a1\'b1\'a1\'c7\'a1\'c8\'a1\'c9\'a1\'b5\'a1\'b7\'a1\'b9\'a1\'bb\'a1\'bd\'a1\'b3\'a3\'a1\'a3\'a5\'a3\'a9\'a3\'ac\'a3\'ae\'a3\'ba\'a3\'bb\'a3\'bf\'a3\'dd\'a3\'fd\'a1\'cb}}
\viewkind4\uc1\pard\nowidctlpar\qj\kerning2\b\i\f0\fs18\'b8\'b6\'c0\'cc\'c5\'a9 \'ba\'bc\'b7\'fd \'c1\'b6\'c1\'a4\b0\i0\par
\'be\'c6\'b7\'a1 \'b3\'aa\'bf\'ad\'b5\'c8 \'b3\'ec\'c0\'bd \'c0\'e5\'c4\'a1\'b8\'a6 \'c7\'e2\'c7\'d8 \'bc\'d2\'b8\'ae\'b8\'a6 \'b3\'bb\'be\'df \'c7\'d5\'b4\'cf\'b4\'d9. \'c5\'d7\'bd\'ba\'c6\'ae \'b4\'dc\'c3\'df\'b8\'a6 \'b4\'a9\'b8\'a3\'b0\'ed \'c0\'fc\'c8\'ad\'b8\'a6 \'b0\'c5\'b4\'c2 \'b5\'bf\'be\'c8 \'c0\'cc\'be\'df\'b1\'e2\'c7\'d2 \'b6\'a7\'c3\'b3\'b7\'b3 \'c0\'cf\'b9\'dd\'c0\'fb\'c0\'ce \'ba\'bc\'b7\'fd\'c0\'b8\'b7\'ce \'c0\'cc \'b8\'de\'bd\'c3\'c1\'f6\'b8\'a6 \'c0\'d0\'bd\'c0\'b4\'cf\'b4\'d9. \'bc\'f6\'c1\'d8 \'c3\'f8\'c1\'a4\'b1\'e2\'b0\'a1 \'c3\'d6\'b0\'ed \'b3\'eb\'b6\'f5\'bb\'f6 \'bc\'bc\'b1\'d7\'b8\'d5\'c6\'ae\'bf\'a1 \'b5\'b5\'b4\'de\'c7\'d2 \'b6\'a7\'b1\'ee\'c1\'f6 \'ba\'bc\'b7\'fd \'bd\'bd\'b6\'f3\'c0\'cc\'b4\'f5\'b8\'a6 \'c1\'b6\'c1\'a4\'c7\'d5\'b4\'cf\'b4\'d9. \'b8\'b6\'bd\'ba\'c5\'cd \'b9\'d7 \'b9\'cc\'bc\'bc \'bd\'bd\'b6\'f3\'c0\'cc\'b4\'f5\'b0\'a1 \'b8\'f0\'b5\'ce \'c7\'a5\'bd\'c3\'b5\'c7\'b4\'c2 \'b0\'e6\'bf\'ec\'bf\'a1\'b4\'c2 \'b8\'b6\'bd\'ba\'c5\'cd \'bd\'bd\'b6\'f3\'c0\'cc\'b4\'f5\'b8\'a6 75%\'b7\'ce \'bc\'b3\'c1\'a4\'c7\'d1 \'b4\'d9\'c0\'bd \'b9\'cc\'bc\'bc \'bd\'bd\'b6\'f3\'c0\'cc\'b4\'f5\'b8\'a6 \'c6\'ed\'be\'c8\'c7\'d1 \'bc\'f6\'c1\'d8\'c0\'b8\'b7\'ce \'c1\'b6\'c1\'a4\'c7\'d5\'b4\'cf\'b4\'d9. \'ba\'bc\'b7\'fd \'bd\'bd\'b6\'f3\'c0\'cc\'b4\'f5\'b8\'a6 \'c3\'d6\'b0\'ed \'bc\'f6\'c1\'d8\'c0\'b8\'b7\'ce \'bc\'b3\'c1\'a4\'c7\'d8\'b5\'b5 \'bc\'f6\'c1\'d8 \'c3\'f8\'c1\'a4\'b1\'e2\'b0\'a1 \'b3\'ec\'bb\'f6 \'bc\'bc\'b1\'d7\'b8\'d5\'c6\'ae \'c0\'a7\'bf\'a1 \'b5\'b5\'b4\'de\'c7\'cf\'c1\'f6 \'be\'ca\'c0\'b8\'b8\'e9 \'bb\'e7\'bf\'eb \'b0\'a1\'b4\'c9\'c7\'d1 \'b0\'e6\'bf\'ec \'b8\'b6\'c0\'cc\'c5\'a9 \'c1\'f5\'c6\'f8\'c0\'bb \'c8\'b0\'bc\'ba\'c8\'ad\'c7\'d5\'b4\'cf\'b4\'d9\f1 .\par
}
"/>

	<label page99help = "{\rtf1\ansi\ansicpg949\deff0\deflang1033\deflangfe1042\deftab800{\fonttbl{\f0\fmodern\fprq1\fcharset129 GulimChe;}{\f1\fswiss\fcharset0 Arial;}{\f2\froman\fprq2\fcharset2 Symbol;}}
{\*\generator Msftedit 5.41.15.1507;}{\info{\horzdoc}{\*\lchars $([\'5c\'7b\'a1\'cc\'a1\'cd\'a1\'ae\'a1\'b0\'a1\'b4\'a1\'b6\'a1\'b8\'a1\'ba\'a1\'bc\'a1\'b2\'a3\'a4\'a3\'a8\'a3\'db\'a3\'fb\'a1\'cc\'a1\'cd\'a3\'dc}{\*\fchars !%),.:\'3b?]\'7d\'a1\'cb\'a1\'c6\'a1\'af\'a1\'b1\'a1\'c7\'a1\'c8\'a1\'c9\'a1\'b5\'a1\'b7\'a1\'b9\'a1\'bb\'a1\'bd\'a1\'b3\'a3\'a1\'a3\'a5\'a3\'a9\'a3\'ac\'a3\'ae\'a3\'ba\'a3\'bb\'a3\'bf\'a3\'dd\'a3\'fd\'a1\'cb}}
\viewkind4\uc1\pard\nowidctlpar\qj\kerning2\b\f0\fs18\'bf\'c0\'b5\'f0\'bf\'c0 \'c1\'b6\'c1\'a4 \'b8\'b6\'b9\'fd\'bb\'e7\'b8\'a6 \'bf\'cf\'b7\'e1\'c7\'df\'bd\'c0\'b4\'cf\'b4\'d9\f1 .\b0\par
\par
\f0\'b4\'d9\'c0\'bd\'b0\'fa \'b0\'b0\'c0\'ba \'b0\'e6\'bf\'ec \'c0\'cc \'b8\'b6\'b9\'fd\'bb\'e7\'b8\'a6 \'b4\'d9\'bd\'c3 \'bd\'c7\'c7\'e0\'c7\'d5\'b4\'cf\'b4\'d9\f1 .\par
\pard\nowidctlpar\li630\qj\kerning0\f2\'b7\tab\kerning2\f0\'bb\'f5 \'c0\'e5\'c4\'a1\'b8\'a6 \'bf\'ac\'b0\'e1\'c7\'cf\'b4\'c2 \'b0\'e6\'bf\'ec\par
\kerning0\f2\'b7\tab\kerning2\f0\'bf\'c0\'b5\'f0\'bf\'c0 \'c0\'e5\'c4\'a1\'bf\'a1\'bc\'ad \'bf\'c0\'b5\'f0\'bf\'c0 \'c7\'b0\'c1\'fa \'b9\'ae\'c1\'a6\'b0\'a1 \'b9\'df\'bb\'fd\'c7\'cf\'b4\'c2 \'b0\'e6\'bf\'ec\par
\kerning0\f2\'b7\tab\kerning2\f0\'bb\'e7\'bf\'ee\'b5\'e5 \'b9\'d7 \'b8\'d6\'c6\'bc\'b9\'cc\'b5\'f0\'be\'ee \'c1\'a6\'be\'ee\'c6\'c7\'b0\'fa \'b0\'b0\'c0\'ba \'b4\'d9\'b8\'a5 \'c7\'c1\'b7\'ce\'b1\'d7\'b7\'a5\'bf\'a1\'bc\'ad \'bf\'c0\'b5\'f0\'bf\'c0 \'bc\'b3\'c1\'a4\'c0\'bb \'ba\'af\'b0\'e6\'c7\'cf\'b4\'c2 \'b0\'e6\'bf\'ec\par
\pard\nowidctlpar\qj\par
\'c0\'cc \'b8\'b6\'b9\'fd\'bb\'e7\'b4\'c2 \'b8\'b6\'b9\'fd\'bb\'e7 \'bf\'dc\'ba\'ce\'bf\'a1\'bc\'ad \'bf\'c0\'b5\'f0\'bf\'c0 \'bc\'b3\'c1\'a4\'c0\'bb \'ba\'af\'b0\'e6\'c7\'d1 \'b0\'e6\'bf\'ec Cisco IP Communicator\'b8\'a6 \'bd\'c3\'c0\'db\'c7\'d2 \'b6\'a7 \'c0\'da\'b5\'bf\'c0\'b8\'b7\'ce \'b4\'d9\'bd\'c3 \'b3\'aa\'c5\'b8\'b3\'af \'bc\'f6 \'c0\'d6\'bd\'c0\'b4\'cf\'b4\'d9. \'bf\'c0\'b5\'f0\'bf\'c0 \'bc\'b3\'c1\'a4\'bf\'a1 \'ba\'af\'b0\'e6 \'b3\'bb\'bf\'eb\'c0\'bb \'c0\'fb\'bf\'eb\'c7\'cf\'b7\'c1\'b4\'c2 \'b0\'e6\'bf\'ec\'b0\'a1 \'be\'c6\'b4\'cf\'b8\'e9 \'b5\'c7\'b5\'b9\'b8\'ae\'b1\'e2\'b8\'a6 \'bc\'b1\'c5\'c3\'c7\'d8\'be\'df \'c7\'d5\'b4\'cf\'b4\'d9\f1 .\par
\par
\f0\'c0\'cc \'b8\'b6\'b9\'fd\'bb\'e7\'b8\'a6 \'b4\'dd\'c0\'b8\'b7\'c1\'b8\'e9 \'b8\'b6\'c4\'a7\'c0\'bb \'c5\'ac\'b8\'af\'c7\'d5\'b4\'cf\'b4\'d9\f1 .\par
}
"/>

</TuningWizardStrings>