﻿<?xml version="1.0"?>

<CommunicatorStrings>
	<label rtlFlag="0"/>
	<label ok			="확인"/>
	<label cancel		="취소"/>
	<label apply		="적용"/>
	<label verify		="확인"/>
	<label yes			="예"/>
	<label no			="아니오"/>
	<label yesToAll		="모두 예"/>
	<label noToAll		="모두 아니오"/>
	<label abort		="중단"/>
	<label retry		="재시도"/>
	<label error		="오류"/>
	<label edit			="편집"/>
	<label exit			="종료"/>
	<label close		="닫기"/>
	<label view			="보기"/>
	<label update		="업데이트"/>
	<label help			="도움말"/>
	<label about		="정보"/>
	<label proceed		="Proceed"/>
	<label next			="Next"/>
	<label back			="Back"/>
	<label finish		="Finish"/>
	<label accept		="승인"/>
	<label acceptAll	="모두 승인"/>
	<label reject		="거부"/>
	<label rejectAll	="모두 거부"/>
	<label status		="Status"/>
	<label cannotProceed="처리할 수 없습니다."/>
	<label details		="세부 정보"/>
	<label viewDetails	="세부 정보 보기"/>
	<label consultAdmin	="시스템 관리자에게 문의하십시오."/>
	<label ensureNetwork="네트워크에 연결해야 합니다."/>

	<label title		="Cisco IP Communicator"/>
	<label autoUpdate	="CIPCLocaleDownloader"/>
	<label file			="File"/>
	<label module		="모듈"/>
	<label archive		="아카이브"/>
	<label downloading	="다운로드 중..."/>
	<label installing	="설치하는 중..."/>
	<label extracting	="압축을 푸는 중..."/>
	<label progress		="진행률"/>
	<label updateType	="업데이트 유형"/>
	<label recommended	="권장"/>
	<label required		="필수"/>

	<label bitsLong			="비트"/>
	<label bitsShort		="b"/>
	<label bytesLong		="bytes"/>
	<label bytesShort		="B"/>
	<label kiloLong			="킬로"/>
	<label kiloShort		="K"/>
	<label kilobytesShort	="KB"/>
	<label kilobytesLong	="킬로바이트"/>
	<label megaLong			="메가"/>
	<label megaShort		="M"/>
	<label megabytesShort	="MB"/>
	<label megabytesLong	="메가바이트"/>
	<label gigaLong			="기가"/>
	<label gigaShort		="G"/>
	<label gigabytesShort	="GB"/>
	<label gigabytesLong	="기가바이트"/>
	<label teraLong			="테라"/>
	<label teraShort		="T"/>
	<label terabytesShort	="TB"/>
	<label terabytesLong	="테라바이트"/>

	<label downloadSpeed	="다운로드 속도"/>
	<label timeRemaining	="남은 시간"/>

	<label secondShort		="s"/>
	<label secondLong		="초"/>
	<label secondsLong		="초"/>
	<label minuteShort		="분"/>
	<label minuteLong		="분"/>
	<label minutesLong		="minutes"/>
	<label hourShort		="시"/>
	<label hoursLong		="시"/>
	<label hoursLong		="hours"/>

	<label unknown					="알 수 없음"/>
	<label overallProgress			="전체 진행률..."/>
	<label gettingManifest			="설치 설명을 다운로드하는 중..."/>
	<label inspectingInstallation	="현재 설치를 검사하는 중..."/>
	<label preparingToInstallFiles	="파일 설치 준비 중..."/>
	<label doingUpdates				="로케일을 다운로드하고 설치하는 중..."/>
	<label confirmCancel			="취소하시겠습니까?"/>

	<label AU_usageString			="사용&#13;=======&#13;CIPCLocaleDownloader parameterName1=&lt;parameterValue1&gt; parameterName2=&lt;parameterValue2&gt; ...&#13;&#13;매개 변수:&#13;httpServer/tftpServer, installFolder 및 manifestFile을 지정해야 합니다.&#13;mode, waitWindow 및 postUpdateScript는 선택적 매개 변수입니다.&#13;매개 변수는 순서와 대소문자를 구분하지 않습니다.&#13;&#13;E.g.&#13;CIPCLocaleDownloader httpServer=http://www.webserver.com/Communicator installFolder=&quot;D:\Program Files\ACME Systems\ACME Studio&quot; mode=install waitWindow=&quot;ACME Studio&quot; postUpdateScript=Notepad.exe"/>
	<label AU_errorTitle			="CIPCLocaleDownloader 오류"/>
	<label AU_errorHeading			="오류가 발생했습니다."/>
	<label AU_stackTrace			="스택 추적"/>
	<label AU_viewStackTrace		="스택 추적 보기"/>
	<label AU_autoupdateComponentNotDefined	="CIPC 로케일 매니페스트 파일에 오류가 있습니다. 로케일 구성 요소가 정의되지 않았습니다."/>
	<label AU_closeWindowTitle		="다음 제목의 창을 모두 닫으십시오."/>
	<label AU_endProcesses			="계속하기 전에 다음 프로세스를 종료하십시오."/>

	<label AU_repairs					="복구"/>
	<label AU_repairsList				="다음 모듈에 누락되었거나 변경된 파일이 포함되어 있습니다."/>
	<label AU_requiredUpdates			="필수 업데이트"/>
	<label AU_requiredUpdatesList		="다음 모듈에 적용할 수 있는 필수 업데이트가 있습니다."/>
	<label AU_recommendedUpdates		="권장 업데이트"/>
	<label AU_recommendedUpdatesList	="다음 모듈에 적용할 수 있는 권장 업데이트가 있습니다."/>
	<label AU_chooseIndividualUpdates	="모듈별 개별 선택"/>
	<label AU_selectUpdate				="다음 모듈에 권장 업데이트를 적용하시겠습니까?"/>
	<label AU_installAny				="권장 업데이트를 설치하시겠습니까?"/>
	<label AU_module					="모듈"/>
	<label AU_downloadSize				="다운로드 크기"/>
	<label AU_wantToDoUpdates			="적용할 수 있는 업데이트가 있습니다.&#13;&#13;지금 다운로드하여 설치하시겠습니까?" />

	<label AU_olderVersionInstalled		="설치한 파일에 이전 버전이 있습니다."/>
	<label AU_newerVersionInstalled		="설치한 파일에 새 버전이 있습니다."/>
	<label AU_equalVersionInstalled		="설치한 파일과 같은 버전이 있습니다."/>
	<label AU_checksumMismatch			="파일 체크섬이 예상한 값과 일치하지 않습니다."/>
	<label AU_olderFileInstalled		="설치된 파일의 수정한 날짜가 오래되었습니다."/>
	<label AU_newerFileInstalled		="설치된 파일의 수정한 날짜가 최신 날짜입니다."/>
	<label AU_modifiedDatesMatch		="수정한 날짜가 일치합니다."/>
	<label AU_unableToCompareFiles		="파일을 비교할 수 없습니다."/>

	<label AU_Error_tftpHttpNotDefined			="tftpServer 또는 httpServer를 지정해야 합니다."/>
	<label AU_Error_installFolderNotDefined		="설치 폴더를 지정하지 않았습니다."/>
	<label AU_Error_manifestFileNotDefined		="매니페스트 파일을 지정하지 않았습니다."/>
	<label AU_Error_downloadManifestFailed		="매니페스트 파일을 다운로드하지 못했습니다."/>
	<label AU_Error_invalidUpdateMode			="잘못된 업데이트 모드입니다. '설치' 및 '쿼리' 모드만 사용할 수 있습니다."/>
	<label AU_Error_errorInManifest				="매니페스트 파일이 손상되었습니다."/>
	<label AU_Error_cannotProceed				="CIPCLocaleDownloader를 계속할 수 없습니다."/>
	<label AU_Error_invalidVersionString		="잘못된 버전 문자열입니다."/>
	<label AU_Error_fileNotFound				="파일이 없습니다."/>
	<label AU_Error_unsupportedProtocol			="전송 프로토콜이 지원되지 않거나 잘못되었습니다."/>
	<label AU_Error_downloadedFileInvalid		="다운로드한 파일이 설명과 일치하지 않습니다."/>
	<label AU_Error_requiredUpdateFailed		="다음 모듈에 대한 필수 업데이트를 설치하지 못했습니다."/>
	<label AU_Error_recommendedUpdateFailed		="다음 모듈에 대한 권장 업데이트를 설치하지 못했습니다."/>
	<label AU_Error_repairFailed				="다음 모듈을 업데이트하지 못했습니다."/>
	<label AU_Error_preinstallFileInstall		="사전 설치 파일을 설치하지 못했습니다."/>
	<label AU_Error_postinstallFileInstall		="사후 설치 파일을 설치하지 못했습니다."/>
	<label AU_Error_moduleFileInstall			="모듈 파일을 설치하지 못했습니다."/>
	<label AU_Error_preinstallFileDownload		="사전 설치 파일을 다운로드하지 못했습니다."/>
	<label AU_Error_postinstallFileDownload		="사후 설치 파일을 다운로드하지 못했습니다."/>
	<label AU_Error_moduleFileDownload			="모듈 파일을 다운로드하지 못했습니다."/>
	<label AU_Error_preinstallFileInstall		="사전 설치 파일을 설치하지 못했습니다."/>
	<label AU_Error_postinstallFileInstall		="사후 설치 파일을 설치하지 못했습니다."/>
	<label AU_Error_moduleFileInstall			="모듈 파일을 설치하지 못했습니다."/>
	<label AU_Error_moduleSettingInstall		="모듈 설정을 설치하지 못했습니다."/>
	<label AU_Error_preinstallScript			="사전 설치 스크립트 결과 오류가 반환되었습니다."/>
	<label AU_Error_postinstallScript			="사후 설치 스크립트 결과 오류가 반환되었습니다."/>
	<label AU_Error_downloadFileError			="파일을 다운로드하지 못했습니다."/>
	<label AU_Error_installFileError			="파일을 설치하지 못했습니다."/>
	<label AU_Error_unableToChangeModifiedDate	="마지막 수정 날짜를 변경할 수 없습니다."/>
	<label AU_Error_archiveFileMismatch			="아카이브의 파일이 설명과 일치하지 않습니다."/>
	<label AU_Error_archiveInstall				="아카이브를 설치할 수 없습니다."/>
	<label AU_Error_recommendedUpdateFailureList="다음 권장 업데이트가 실패했습니다."/>
	<label AU_Error_autoUpdateCancelled			="CIPCLocaleDownloader가 취소되었습니다."/>

	<label AU_Error_HTTPTimeout					="HTTP 시간 초과"/>
	<label AU_Error_HTTPError					="HTTP 오류"/>
	<label AU_Error_HTTPConnectionClosed		="HTTP 연결이 끊어졌습니다."/>

	<label AU_Error_xmlTagNotFound		="XML 태그를 찾을 수 없습니다."/>
	<label AU_Error_xmlDataNotFound		="XML 데이터를 찾을 수 없습니다."/>
	
	<label AU_Error_failedToInitialize			="CIPCLocaleDownloader를 초기화하지 못했습니다."/>
	<label AU_Error_ensureNoOtherApps			="다른 모든 애플리케이션을 닫고 다시 시도해 보십시오."/>

</CommunicatorStrings>