﻿<?xml version="1.0"?>

<ErrorReportStrings>
	
	<label ok			="OK"/>
	<label exit			="종료"/>
	<label cancel			="취소"/>
	<label errorHeading		="오류"/>
	<label stackTrace		="스택 추적"/>
	<label viewStackTrace		="스택 추적 보기"/>

	<label name			="이름"/>
	<label extension		="Cisco IP Communicator 확장"/>
	<label problemTime		="문제 발생 시간"/>
	<label problemDetails		="문제 세부 정보"/>
	<label specifyAllFields		="모든 필드를 지정하십시오."/>

	<label ERT_usageString			="사용&#13;=======&#13;AutoUpdate parameterName1=&lt;parameterValue1&gt; parameterName2=&lt;parameterValue2&gt; ...&#13;&#13;매개 변수:&#13;httpServer/tftpServer, installFolder 및 manifestFile을 지정해야 합니다.&#13;mode, waitWindow 및 postUpdateScript는 선택적 매개 변수입니다.&#13;매개 변수는 순서와 대소문자를 구분하지 않습니다.&#13;&#13;E.g.&#13;자동 업데이트 httpServer=http://www.webserver.com/Communicator installFolder=&quot;D:\Program Files\ACME Systems\ACME Studio&quot; mode=install waitWindow=&quot;ACME Studio&quot; postUpdateScript=Notepad.exe"/>
	<label ERT_errorTitle			="오류 보고서 도구 - 오류"/>
	<label ERT_endMessage			="오류 보고서 도구가 필요한 정보를 모았습니다.&#13;위치는 아래와 같습니다.&#13;이 정보가 더 이상 필요 없으면 파일을 삭제하십시오."/>
	<label ERT_gatheringSystemInfo		="시스템 정보를 모으는 중..."/>
	<label ERT_gatheringAppConfig		="애플리케이션 구성을 모으는 중..."/>
	<label ERT_gatheringAppLogs		="애플리케이션 로그를 모으는 중..."/>
	<label ERT_gatheringInstallLogs		="설치 로그를 모으는 중..."/>
	<label ERT_gatheringAutoUpdateLogs	="자동 업데이트 로그를 모으는 중..."/>
	<label ERT_gatheringCrashDumpLogs	="크래시 덤프 로그를 모으는 중..."/>
	<label ERT_logsGathered			="정보 수집 완료"/>
	<label ERT_enterProblemDescription	="아래에 문제 설명을 입력하십시오."/>
	<label ERT_windowTitle			="Cisco IP Communicator 오류 보고서"/>
	<label ERT_unableToZip			="필요한 파일을 압축할 수 없습니다."/>
	<label ERT_unableToChangeDirectory	="디렉터리를 다음 폴더로 변경할 수 없습니다."/>
	<label ERT_unableToCopyFiles		="다음 파일을 복사할 수 없습니다."/>
	<label ERT_SoftPhoneSENotFound		="Cisco IP Communicator 설치를 찾지 못했습니다.&#13;제대로 설치되었는지 확인하십시오."/>
	<label ERT_RemoveConfig			="기존 구성을 제거하시겠습니까?"/>
	<label ERT_RemoveLogs			="기존 로그를 제거하시겠습니까?"/>
	<label ERT_RemoveAction			="제거 중..."/>
	<label ERT_DeleteAction			="삭제하는 중..."/>

</ErrorReportStrings>