﻿<?xml version="1.0"?>
<CommunicatorStrings>
	<label rtlFlag="0"/>
	<label ok="OK"/>
	<label cancel="Cancel"/>
	<label apply="적용"/>
	<label applyToAll="모두 적용"/>
	<label verify="확인"/>
	<label yes="예"/>
	<label no="아니오"/>
	<label yesToAll="모두 예"/>
	<label noToAll="모두 아니오"/>
	<label abort="중단"/>
	<label retry="재시도"/>
	<label error="오류"/>
	<label edit="편집"/>
	<label exit="종료"/>
	<label close="닫기"/>
	<label move="이동"/>
	<label view="보기"/>
	<label update="업데이트"/>
	<label help="도움말"/>
	<label about="Cisco IP Communicator 정보"/>
	<label proceed="Proceed"/>
	<label next="Next"/>
	<label back="Back"/>
	<label show="Cisco IP Communicator 표시"/>
	<label hide="Cisco IP Communicator 숨기기"/>
	<label AGNT_checkAutoUpdate="새 업데이트 확인"/>
	<label finish="Finish"/>
	<label accept="승인"/>
	<label acceptAll="모두 승인"/>
	<label reject="거부"/>
	<label rejectAll="모두 거부"/>
	<label none="None"/>
	<label network="네트워크"/>
	<label user="사용자"/>
	<label java="Java"/>
	<label audio="오디오"/>
	<label advAudio="고급 오디오"/>
	<label directories="디렉터리 "/>
	<label ldapSettings="LDAP 디렉터리 설정"/>
	<label ldapUserName="사용자 이름:"/>
	<label ldapPassword="암호:"/>
	<label wave="웨이브"/>
	<label kernelStreaming="커널 스트리밍"/>
	<label itu="ITU"/>
	<label ciscoIPPhone="Cisco IP Phone"/>
	<label speakerphone="스피커폰"/>
	<label headset="헤드셋"/>
	<label handset="핸드셋"/>
	<label ringer="벨소리 장치"/>
	<label hid="HID(Human Interface Device)"/>
	<label status="Status"/>
	<label title="Cisco IP Communicator"/>
	<label autoUpdate="자동 업데이트"/>
	<label skins="스킨"/>
	<label screenOnly="화면 전용"/>
	<label alwaysOnTop="항상 위"/>
	<label startPhone="전화 시작"/>
	<label stopPhone="전화 중지"/>
	<label atwMenu="오디오 조정 마법사"/>
	<label quickSearchMenu="빠른 검색..."/>
	<label ciscoUserOptions="Cisco Unified CM 사용자 옵션"/>
	<label preferences="기본 설정..."/>
	<label userGuide="사용 설명서"/>
	<label DLG_Settings="기본 설정"/>
	<label default="기본값"/>
	<label file="File"/>
	<label module="모듈"/>
	<label archive="아카이브"/>
	<label progress="진행률"/>
	<label updateType="업데이트 유형"/>
	<label recommended="권장"/>
	<label required="필수"/>
	<label statStarting="%s을(를) 시작하는 중"/>
	<label statInstalling="%s을(를) 설치하는 중"/>
	<label statInitializing="%s을(를) 초기화하는 중"/>
	<label statReading="%s을(를) 읽는 중"/>
	<label statConnectTFTP="TFTP 서버에 연결하는 중"/>
	<label cdpDriver="CDP"/>
	<label questionMark="?"/>
	<label mtDriver="오디오"/>
	<label localSettings="로컬 설정"/>
	<label networkSettings="Network Settings"/>
	<label hibernateWarning="컴퓨터가 최대 절전 모드인 경우 Cisco IP Communicator의 현재 통화 연결이 끊깁니다. 컴퓨터가 최대 절전 모드로 전환되지 않도록 하시겠습니까?"/>
	<label closeWarning="지금 종료하면 Cisco IP Communicator의 현재 통화 연결이 끊깁니다. 그래도 종료하시겠습니까?"/>
	<label configWarning="지금 기본 설정을 변경하면 Cisco IP Communicator의 현재 통화 연결이 끊깁니다. 계속하시겠습니까?"/>
	<label configError="활성 통화 중에 오디오 장치가 제거되었습니다. 이로 인해 활성 통화 연결이 끊어집니다."/>
	<label undockWarning="컴퓨터가 도킹 해제되고 있으면 Cisco IP Communicator의 현재 통화 연결이 끊어집니다. 컴퓨터가 도킹 해제되지 않도록 하시겠습니까?"/>
	<label endSessionWarning="지금 Windows 세션을 종료하면 Cisco IP Communicator의 현재 통화 연결이 끊깁니다. 세션을 종료하시겠습니까?"/>
	<label INF_infoCaption="Cisco IP Communicator - 정보"/>
	<label INF_TFTPRestart="Cisco IP Communicator를 재시작하지 못했습니다. 애플리케이션을 수동으로 다시 시작하십시오."/>
	<label needReboot="Cisco IP Communicator가 설치 완료를 위해 컴퓨터를 재시작하는 데 필요한 새 소프트웨어를 설치했습니다."/>
	<label fetchingDirectories="LDAP 디렉터리 정보를 가져오는 중"/>
	<label fetchingDialingRules="전화 걸기 규칙을 가져오는 중"/>
	<label restartForLocaleChange="언어 변경을 적용하려면 Communicator를 다시 시작해야 합니다."/>
	<label copyright="Copyright (C) 2004-2011 Cisco Systems, Inc. 모든 권리 보유."/>
	<label copyrightSplash="© 2011 Cisco Systems, Inc. 모든 권리 보유. 암호화 가져오기, 사용 및 공급 권고 정보는 'Cisco IP Communicator 정보'의 도움말 메뉴에서 제공됩니다. "/>
	<label versionSplash="버전 "/>
	<label versionCdp="CDP 드라이버 버전:"/>
	<label versionCpmt="음성 엔진 버전:"/>
	<label Notices="Cisco 알림 및 보증의 부인:"/>
	<label NoticesText="***중요 긴급 통화 알림 - 읽어 주십시오.***&#13;&#10;&#13;&#10;긴급 통화(예: 911, 999, 112)에 사용되는 소프트폰 기술은 긴급 상황에서는 시기 적절치 않거나 정확한 위치 데이터를 제공하지 않을 수 있습니다. 사용자 위치를 확인할 때 통화가 잘못된 긴급 응답 센터로 잘못 전송되거나 긴급 응답 센터에서 오류가 발생할 수 있습니다. 긴급 상황 중에서는 본인 책임하에 소프트폰을 사용하십시오. 오류나 지연이 있더라도 Cisco에서는 이에 대해 책임지지 않습니다.&#13;&#10;&#13;&#10;&#13;&#10;***강력한 암호화 내용에 대한 알림***&#13;&#10;&#13;&#10;이 제품은 암호화 기능을 포함하며 미국 및 수입, 수출, 양도 및 사용을 관할하는 현지 국가의 법규를 따릅니다. Cisco 암호화 제품을 전달한다고 해서 타기관에서 암호화를 수입, 수출, 배포 또는 사용할 수 있다는 것을 의미하지 않습니다. 수입업자, 수출업자, 유통업자 및 사용자는 미국 및 현지 국가의 법규를 준수해야 합니다. 이 제품을 사용하는 것은 관련 법규 및 규정을 준수한다는 데 동의하는 것입니다. 미국 및 현지 법규를 따를 수 없는 경우 이 제품을 즉시 반품하십시오.&#13;&#10;&#13;&#10;&#13;&#10;Cisco 암호화 제품을 관할하는 미국 법규는 다음에 요약되어 있습니다.&#13;&#10;&#13;&#10;http://www.cisco.com/wwl/export/crypto/tool/stqrg.html&#13;&#10;&#13;&#10;추가 지원이 필요한 경우 export@cisco.com으로 전자 메일을 보내어 문의하십시오.&#13;&#10;&#13;&#10;&#13;&#10;***PRT 알림***&#13;&#10;&#13;&#10;PRT(문제 보고 도구)는 연락처 정보, 인스턴트 메시지 내용, 전화 번호 및 사용자 본인 또는 다른 사용자를 개인적으로 식별하는 데 사용할 수 있는 기타 정보가 포함된 로그를 사용자 PC에서 추출합니다. 이 정보는 사용자가 보고한 기술적인 문제의 원인을 파악하기 위한 진단 프로세스의 일부로 필요합니다. 로그는 외부로 전송될 수 있으며 진단 프로세스의 일부로 임시 저장될 수 있습니다. PRT를 사용하면 Cisco IP Communicator의 기술적인 문제를 해결할 수 있도록 Cisco에 로그를 제공하는 데 동의하는 것으로 간주됩니다. "/>
		
	<label ERR_alreadyRunning="Cisco IP Communicator가 이미 실행 중입니다."/>
	<label ERR_exception="예외"/>
	<label ERR_exceptionCaption="Communicator - 예외 오류"/>
	<label ERR_notDib="현재 스킨에 문제가 있습니다. 비트맵 파일이 DIB 형식이 아닙니다."/>
	<label ERR_notOS2Supported="현재 스킨에 문제가 있습니다. OS2 비트맵 형식은 지원되지 않습니다."/>
	<label ERR_invalidSkin="현재 스킨 파일이 잘못되었습니다."/>
	<label ERR_invalidButton="현재 스킨 파일에 잘못된 단추가 있습니다."/>
	<label ERR_noStreamDev="이 컴퓨터에 호환되는 사운드 장치가 설치되어 있지 않습니다. 종료하려면 [확인]을 클릭하십시오."/>
	<label ERR_noRingDev="이 컴퓨터에 호환되는 사운드 장치가 설치되어 있지 않습니다. 종료하려면 [확인]을 클릭하십시오."/>
	<label ERR_noNetworkDev="이 시스템에 호환되는 네트워크 인터페이스가 없습니다. 네트워크 인터페이스를 설치하십시오."/>
	<label ERR_noJVM="JVM 경로가 구성되지 않았습니다. JVM을 DEBUG 모드로 실행할 수 없습니다."/>
	<label ERR_invokeJVM="JVM - JNI_CreateJavaVM()을 호출할 수 없습니다."/>
	<label ERR_noVenderInfo="config 파일에 공급업체 정보가 없습니다."/>
	<label ERR_mismatchMAC="Cisco CallManager에 등록할 네트워크 인터페이스가 없거나 비활성화되었습니다. 이 인터페이스를 제거한 경우 [확인]을 선택하고 새 인터페이스를 선택하십시오. 종료하려면 [취소]를 선택하십시오."/>
	<label ERR_mismatchVPN="오디오에 대해 선택한 네트워크 인터페이스에 유효한 IP 주소가 없습니다. 다른 인터페이스를 선택하려면 [확인]을 선택하고, 종료하려면 [취소]를 선택하십시오."/>
	<label ERR_noNetAdapterCC="Cisco CallManager에 등록할 네트워크 인터페이스를 선택하십시오. 기본값이 선택되어 있습니다."/>
	<label ERR_deviceNameLength="잘못된 장치 이름입니다. 장치 이름은 15자 이하여야 하며 문자 [a-z A-Z 0-9._-]를 포함해야 합니다." />
	<label ERR_noNetAdapterVPN="오디오에 적합한 네트워크 인터페이스를 선택하십시오."/>
	<label ERR_noTFTPServer="TFTP 서버에 연결할 수 없습니다."/>
	<label ERR_cannotReadSettings="설정을 읽을 수 없습니다."/>
	<label ERR_networkAdaptorAbsent="등록에 필요한 네트워크 어댑터를 찾지 못했습니다."/>
	<label ERR_badHostNameSpecified="기본 설정에 잘못된 호스트 이름이 지정되었습니다."/>
	<label ERR_badNetworkInterfaceSpecified="기본 설정에 잘못된 네트워크 인터페이스가 지정되었습니다."/>
	<label ERR_cannotInitializeGraphics="디스플레이를 초기화하지 못했습니다."/>
	<label ERR_cannotInitializeMedia="미디어를 초기화하지 못했습니다."/>
	<label ERR_cannotStartCdp="Cisco Emergency Responder 서비스 지원을 초기화할 수 없습니다. 시스템 관리자에게 문의하십시오."/>
	<label ERR_cannotInitializeKeyboard="키보드 매핑을 초기화할 수 없습니다."/>
	<label ERR_cannotInitializeGUI="그래픽 사용자 인터페이스를 초기화할 수 없습니다."/>
	<label ERR_cannotAutoUpdate="업데이트를 확인하지 못했습니다."/>
	<label ERR_invalidDeviceLoad="잘못된 장치 로드입니다."/>
	<label ERR_wrongAutoUpdatePath="다음 자동 업데이트 경로가 지원되지 않습니다."/>
	<label ERR_invalidPortRange="지정한 포트 범위가 잘못되었습니다. 범위는 1부터 65536 이하여야 합니다. 범위를 수정하고 [확인]을 클릭하십시오."/>
	<label ERR_cannotLaunchCVTA="Cisco Unified Video Advantage를 시작하지 못했습니다."/>
	<label ERR_cvtaNotFound="Cisco Unified Video Advantage 버전 2.0(1) 이상이 필요합니다."/>
	<label ERR_checkDevicePreferences="오디오 조정 마법사를 사용하거나 기본 설정 메뉴에서 오디오 장치 기본 설정이 올바른지 확인하십시오."/>	
	<label ERR_invalidTFTPServer="TFTP 서버 주소에 빈 필드가 포함되어 있습니다."/>
	<label ERR_invalidAudioIP="오디오 IP 주소에 빈 필드가 포함되어 있습니다."/>

	<label DLG_ND_Label="전화걸 이름 또는 번호를 입력하십시오."/>
	<label DLG_ND_MessageNone="일치하는 항목이 없습니다."/>
	<label DLG_ND_MessageOne="일치하는 항목이 1개 있습니다."/>
	<label DLG_ND_Message25="일치하는 항목이 여러 개 있습니다. 다음은 일치 결과 목록입니다."/>
	<label DLG_ND_Message25p="일치하는 항목이 여러 개 있습니다. 다음은 처음 %d개의 결과 목록입니다. 더 자세히 검색하려면 검색 조건을 구체화하십시오."/>
	<label DLG_ND_MultipleMatches="검색 결과가 여러 개 있습니다."/>
	<label DLG_ND_TooManyMatches="검색 결과가 너무 많습니다."/>
	<label DLG_ND_RefineSearch="처음 %d개 항목을 표시합니다. 검색 조건을 구체화해 보십시오."/>
	<label DLG_ND_QuickSearch="빠른 검색"/>
	<label DLG_ND_QuickDial="고속 다이얼"/>
	<label DLG_ND_Search="Search"/>
	<label DLG_ND_Dial="선택"/>
	<label DLG_ND_First="이름"/>
	<label DLG_ND_Last ="성"/>
	<label DLG_ND_EMail="전자 메일"/>
	<label DLG_ND_Number="Number"/>
	<label DLG_ND_Mobile="휴대폰"/>
	<label DLG_ND_ThereWereErrors="오류가 있습니다."/>
	<label DLG_ND_Label="검색..."/>
	<label ERR_ND_NoSearchBase="LDAP 검색 기준을 지정하지 않았습니다."/>
	<label ERR_ND_NoUserName="LDAP 인증 오류: 사용자 이름을 지정하지 않았습니다."/> 
	<label ERR_ND_ConnectFailed="서버에 대한 LDAP 연결을 열지 못했습니다."/>
	<label ERR_ND_AuthFailed="로그인에 실패했습니다. 사용자 이름/암호를 확인하십시오."/>
	<label ERR_ND_FileError="LDAP 결과를 쓰는 중 파일 오류가 발생했습니다."/>
	<label ERR_ND_NoSelection="선택하지 않았습니다."/>
	<label ERR_ND_NoPhoneNumbers="선택한 항목에 전화 번호가 없습니다."/>

	<label DLG_ChoosePhoneNumber="전화 번호 선택"/>
	<label DLG_CPN_Message="전화 번호 결과가 여러 개 있습니다. 전화를 걸 전화 번호를 선택하십시오."/>

	<label DLG_NW_TFTPServerGroup="TFTP 서버"/>
	<label DLG_NW_ConnConfig="CallManager 설정"/>
	<label DLG_NW_AutoTftp="기본 TFTP 서버 사용"/>
	<label DLG_NW_CustomTftp="다음 TFTP 서버 사용:"/>
	<label DLG_NW_TFTP1="TFTP 서버 1:"/>
	<label DLG_NW_TFTP2="TFTP 서버 2:"/>
	<label DLG_NW_DeviceNameGroup="Device Name"/>
	<label DLG_NW_DeviceName="장치 이름:"/>
	<label DLG_NW_NetAdapter="네트워크 어댑터:"/>
	<label DLG_NW_RadioNetAdapter="네트워크 어댑터를 사용하여 장치 이름 생성"/>
	<label DLG_NW_RadioUseDeviceName="이 장치 이름 사용"/>
	<label DLG_NW_StaticUseThisDeviceName="이 장치 이름 사용:"/>

	<label DLG_Audio_Use729="낮은 대역폭에 맞게 최적화"/>
	<label DLG_Audio_UseDefaultDevices="Windows 기본 장치 사용"/>
	<label DLG_Audio_Advanced="고급..."/>
	<label DLG_Audio_Network="네트워크..."/>
	<label DLG_Audio_Selections="오디오 모드 장치"/>
	<label DLG_Ringer_Selection="벨소리 장치"/>

	<label DLG_AdvancedAudioSettings="고급 오디오 설정"/>
	<label DLG_AudioAdv_Sidetone="측음 볼륨"/>
	<label DLG_AudioAdv_EnableSidetone="측음 사용"/>
	<label DLG_AudioAdv_Slider="-                        0                       +"/>
	<label DLG_AudioAdv_Microphone="마이크 볼륨 증폭"/>
	<label DLG_AudioAdv_Filters="필터"/>
	<label DLG_AudioAdv_Mode="모드:"/>
	<label DLG_AudioAdv_PlayFilter="듣기:"/>
	<label DLG_AudioAdv_RecordFilter="말하기:"/>
	<label DLG_AudioAdv_LimitVolume="볼륨 제한"/>
	<label DLG_AudioAdv_AudioLatency="오디오 품질 및 성능"/>
	<label DLG_AudioAdv_AudioLatencyLow="최상(낮은 지연)"/>
	<label DLG_AudioAdv_AudioLatencyMedium="매우 좋음(중간 지연)"/>
	<label DLG_AudioAdv_AudioLatencyHigh="좋음(높은 지연)"/>
	<label DLG_AudioAdv_SilenceSuppression="소음 제거"/>
	<label DLG_AudioAdv_SsDisabled="비활성화(권장하지 않음)"/>
	<label DLG_AudioAdv_NoiseSuppression="소음 제거"/>
	<label DLG_AudioAdv_Aggressiveness="공격성 수준"/>
	<label DLG_AudioAdv_AggressivenessLeast="최소"/>
	<label DLG_AudioAdv_AggressivenessMedium="중간"/>
	<label DLG_AudioAdv_AggressivenessMost="최대"/>
	<label DLG_AudioAdv_AggressivenessLow="낮음"/>
	<label DLG_AudioAdv_AggressivenessModerate="보통"/>
	<label DLG_AudioAdv_AggressivenessHigh="높음"/>
	<label DLG_AudioAdv_AggressivenessVeryHigh="매우 높음"/>

	<label DLG_AudioAdv_AGC="자동 게인 제어"/>
	<label DLG_AudioAdv_EC="반향음 취소"/>
	<label DLG_AudioAdv_Enabled="활성화"/>
	<label DLG_AudioAdv_Disabled="비활성화"/>
	<label DLG_AudioAdv_Auto="자동"/>
	<label DLG_AudioAdv_Analog="아날로그"/>
	<label DLG_AudioAdv_Digital="디지털"/>
	<label DLG_AudioAdv_Both="모두"/>
	<label DLG_AudioAdv_Cancellation="취소"/>
	<label DLG_AudioAdv_Suppression="제거"/>
	<label DLG_AudioAdv_UseInput="입력 값 사용"/>

	<label DLG_NWA="네트워크 오디오 설정"/>
	<label DLG_NWA_AudioIP="오디오 IP 주소"/>
	<label DLG_NWA_AutoDetectIP="자동 감지"/>
	<label DLG_NWA_SelectInterface="이 어댑터 주소 사용:"/>
	<label DLG_NWA_UseThisIP="이 주소 사용:"/>
	<label DLG_NWA_PortRange="오디오 포트 범위"/>
	<label DLG_NWA_AutoSelectPort="기본 포트 범위 사용"/>
	<label DLG_NWA_SpecifyPort="이 포트 범위 사용:"/>
	<label DLG_NWA_PortFrom="시작:"/>
	<label DLG_NWA_PortTo="끝:"/>

	<label DLG_USR_usrInfo="사용자 정보"/>
	<label DLG_USR_usrID="사용자 이름:"/>
	<label DLG_USR_password="암호:"/>
	<label DLG_USR_usrInput="사용자 입력"/>
	<label DLG_USR_usbHandset="USB 핸드셋:"/>
	<label DLG_USR_trace="문제 해결"/>
	<label DLG_USR_traceEnable="로깅 사용"/>
	<label DLG_USR_CloseHidesApp="숨겨진 애플리케이션 닫기"/>
	<label DLG_USR_BringToFront="활성 통화 앞으로 가져오기"/>
	<label DLG_USR_DisableToast="수신 통화 알림 숨기기"/>
	<label DLG_USR_EnableAnswerHotkey="응답 단축키 활성화"/>
	<label DLG_USR_UserOptionsGroup="Cisco Unified CM 사용자 옵션 페이지 주소"/>
	<label DLG_USR_AutoUserOptions="기본값(TFTP 서버) 사용"/>
	<label DLG_USR_SpecifyUserOptions="특정 URL 사용"/>

	<label SKINS_Main_MessageWaiting="메시지 대기 중"/>
	<label SKINS_ButtonSets_Close="Close"/>
	<label SKINS_ButtonSets_Minimize="최소화"/>
	<label SKINS_ButtonSets_Mode="모드"/>
	<label SKINS_ButtonSets_Menu="메뉴"/>
	<label SKINS_lines_Line1="회선 1"/>
	<label SKINS_lines_Line2="회선 2"/>
	<label SKINS_lines_Line3="회선 3"/>
	<label SKINS_lines_Line4="회선 4"/>
	<label SKINS_lines_Line5="회선 5"/>
	<label SKINS_lines_Line6="회선 6"/>
	<label SKINS_lines_Line7="회선 7"/>
	<label SKINS_lines_Line8="회선 8"/>
	<label SKINS_keypad_One="1"/>
	<label SKINS_keypad_Two="2"/>
	<label SKINS_keypad_Three="3"/>
	<label SKINS_keypad_Four="4"/>
	<label SKINS_keypad_Five="5"/>
	<label SKINS_keypad_Six="6"/>
	<label SKINS_keypad_Seven="7"/>
	<label SKINS_keypad_Eight="8"/>
	<label SKINS_keypad_Nine="9"/>
	<label SKINS_keypad_Star="별표"/>
	<label SKINS_keypad_Zero="0"/>
	<label SKINS_keypad_Pound="파운드"/>
	<label SKINS_softkeys_Softkey1="소프트키 1"/>
	<label SKINS_softkeys_Softkey2="소프트키 2"/>
	<label SKINS_softkeys_Softkey3="소프트키 3"/>
	<label SKINS_softkeys_Softkey4="소프트키 4"/>
	<label SKINS_softkeys_Softkey5="소프트키 5"/>
	<label SKINS_features_Messages="Messages"/>
	<label SKINS_features_Services="Services"/>
	<label SKINS_features_Settings="설정"/>
	<label SKINS_features_Directories="디렉터리"/>
	<label SKINS_features_Information="도움말"/>
	<label SKINS_controls_Headset="헤드셋"/>
	<label SKINS_controls_Mute="음소거"/>
	<label SKINS_controls_Speaker="스피커"/>
	<label SKINS_controls_VolumeDown="볼륨 내리기"/>
	<label SKINS_controls_VolumeUp="볼륨 올리기"/>
	<label SKINS_navigation_Navigation="Navigation"/>
	<label SKINS_navigation_Up="Up"/>
	<label SKINS_navigation_Down="Down"/>
	<label SKINS_navigation_Left="왼쪽"/>
	<label SKINS_navigation_Right="오른쪽"/>

	<label DLG_AUDIO_LatencyOptimization="대기 시간 최적화"/>
	<label DLG_AUDIO_LowDelay="낮은 지연"/>
	<label DLG_AUDIO_MediumDelay="중간 지연"/>
	<label DLG_AUDIO_HighDelay="높은 지연"/>
	<label DLG_AUDIO_VeryHighDelay="매우 높은 지연"/>
	<label DLG_AUDIO_LowestLatency="최저 대기 시간"/>
	<label DLG_AUDIO_HighestLatency="최고 대기 시간"/>
	<label DLG_AUDIO_Default="기본 설정"/>
	<label DLG_AUDIO_Recommended="처음에는 최저 설정에서 시작하여 필요에 따라 다음 설정으로 올려서 사용하는 것이 좋습니다."/>
	<label DLG_AUDIO_Speaker="스피커"/>	
	<label DLG_AUDIO_Mic="마이크"/>
	<label DLG_AUDIO_SpeakerBuffer="스피커 버퍼 번호"/>
	<label DLG_AUDIO_MicBuffer="마이크 버퍼 번호"/>

	<label DLG_TRACE_Tracing="추적"/>
	<label DLG_TRACE_GUI="GUI"/>
	<label DLG_TRACE_CallControl="통화 제어"/>
	<label DLG_TRACE_Media="오디오"/>
	<label DLG_TRACE_CDP="CDP"/>
	<label DLG_TRACE_ATW="오디오 조정 마법사"/>
	<label DLG_TRACE_R2d="전화기 표시 화면 사용"/>
	<label DLG_TRACE_Levels="추적 레벨"/>
	<label DLG_TRACE_Errors="오류"/>
	<label DLG_TRACE_Detailed="자세히"/>
	<label DLG_TRACE_Low="낮음"/>
	<label DLG_TRACE_Med="중간"/>
	<label DLG_TRACE_High="높음"/>
	<label DLG_TRACE_All="모두"/>

	<label DLG_L10N_Language="언어"/>
	<label DLG_L10N_Locale="Locale"/>

	<label ChangeInterfaceWarningText="네트워크 인터페이스를 변경하면 Cisco IP Communicator의 작동이 중지될 수 있습니다. 이 매개 변수를 변경하려면 시스템 관리자에게 문의하십시오."/>
	<label ChangeInterfaceWarningCaption="Warning"/>

	<label ChangeProtocolWarningText="이 장치에 대한 통화 제어 프로토콜이 변경됩니다. [확인]을 클릭하여 Cisco IP Communicator를 다시 시작하십시오."/>
	<label JPhoneStartupErrorText="Cisco IP Communicator가 전화 애플리케이션을 초기화하는 데 실패했으며 지금 종료됩니다. Cisco IP Communicator를 다시 시작하시겠습니까?"/>
	<label AutoUpdateNeedUpdatesText="Cisco IP Commnunicator에 대한 업데이트를 사용할 수 있습니다. 업데이트 프로세스 중에 애플리케이션을 닫아야 합니다. 업데이트를 계속하시겠습니까?"/>

	<label CheckingLocaleUpdates="로케일 변경을 확인하는 중..."/>

<!-- ETOUCH -->
	<label Paste="붙여넣기"/>
	<label AnswerCall="응답"/>
	<label IgnoreCall="무시"/>
	<label UnknownCaller="알 수 없음"/>
<!-- ETOUCH -->
	<SkinLocMap>
		<entry file="Default" name="기본 모드" />
		<entry file="Mercurio" name="압축 모드" />
	</SkinLocMap>

</CommunicatorStrings>