<?xml version="1.0" encoding="UTF-8"?>
<TuningWizardStrings>
	<label rtlFlag="0"/>
        <label discardChanges= "Do you really want to exit now and lose all of your changes?"/>

        <label noPlay        = "Audio Tuning Wizard cannot configure this device to play sound. Cisco IP Communicator may not function properly with this device."/>

        <label unmute        = "The volume for %s was muted, but Audio Tuning Wizard has corrected the problem. If you still cannot play the sample sound, Cisco IP Communicator may not function properly with this device."/>

        <label noMicInput    = "Audio Tuning Wizard cannot configure %s to record sound. Cisco IP Communicator may not function properly with this device."/>

        <label setMicInput   = "%s was not configured to record sound from its microphone, but Audio Tuning Wizard has corrected the problem. If you still cannot record sound, Cisco IP Communicator may not function properly with this device."/>

        <label unmuteMic     = "The microphone for %s was muted, but Audio Tuning Wizard has corrected the problem. If you still cannot record sound, Cisco IP Communicator may not function properly with this device."/>

        <label MicInUse      = "Could not monitor microphone. Please check the following: (1) A call is in progress (2) Another application is using the Microphone (3) Microphone is muted"/>

        <label troubleshootmenu1    = "Audio Tuning Wizard settings and error information have been saved to %s"/>
        <label troubleshootmenu3    = "Do you want to launch Cisco Unified Problem Reporting Tool now?"/>

        <label missingdevice1    = "%s is either missing or not connected properly. Please reconnect it and select OK."/>
        <label missingdevice3    = "To select a different device using Tuning Wizard, select Cancel."/>
	<label noSoundDevices    = "There are no compatible sound devices installed on this computer. Please click 'OK' to exit."/> 
	<label devicesNotTuned = "If you do not tune the sound devices, audio may not work correctly in Communicator. Do you really want to cancel?"/> 
	
        <label copyright     = "Copyright © 2004-2011 Cisco Systems, Inc. All Rights Reserved."/>

	<label title	     = "Audio Tuning Wizard"/>
        <label test          = "Test"/>
        <label play          = "Play"/>
        <label stop          = "Stop"/>

        <label page1title    = "Audio Tuning Wizard - Select Audio Devices"/>
	<label headset       = "Headset:"/>
	<label speakerphone  = "Speakerphone:"/>
	<label ringer        = "Ringer:"/>
	<label handset       = "Handset:"/>

        <label page2title          = "Audio Tuning Wizard - Adjust the Listening Volume for %s"/>
	<label page2playbackdevice = "Playback device:"/>	
        <label page2wavevolume     = "Wave volume:"/>
        <label page2mastervolume   = "Master volume:"/>
	<label page2enabled        = "Enabled"/>

        <label page3title          = "Audio Tuning Wizard - Adjust the Microphone Volume for %s"/>
        <label page3device         = "Recording device:"/>
        <label page3finegain       = "Fine volume:"/>
        <label page3coarsegain     = "Master volume:"/>
        <label page3enable         = "Enable"/>
        <label page3highgain       = "Microphone Boost"/>
        <label page3playback       = "Playout"/>
        <label page4title    = "Audio Tuning Wizard - AEC Quality Assessment Test for %s"/>

        <label checktitle    = "Audio Tuning Wizard - Check Audio Settings"/>
        <label checkdisable  = "Don't ask me again"/>
        <label revert        = "Revert"/>
        <label tune          = "Tune"/>
	<label skip	     = "Skip"/>

        <label yes           = "Yes"/>
        <label no            = "No"/>
        <label ok            = "OK"/>
        <label cancel        = "Cancel"/>
        <label back          = "Back"/>
        <label next          = "Next"/>
        <label finish        = "Finish"/>
	  <label Help        = "Help"/>
        <label Troubleshooting        = "Troubleshooting Info..."/>
        <label About        = "About AudioTuningWizard..."/>
	<label UseDefaultDevices 	= "Use Windows default devices"/>
        <label errOpenSoundCard		= "Could not change sound device to "/>
        
        <label AboutTitle		= "About Audio Tuning Wizard"/>
        <label Move		= "Move"/>
        <label Close		= "Close"/>
        <label AlreadyRunning		= "Another instance of Audio Tuning Wizard is running now!"/>
        <label FileOpenFailure		= "Failed to open %s"/>
        <label MicInError		= "Error: Mic input is out of range"/>


	<label checksettingshelp = "{\rtf1\ansi\ansicpg1252\uc1\deff0\stshfdbch0\stshfloch0\stshfhich0\stshfbi0\deflang1033\deflangfe1033{\fonttbl{\f0\froman\fcharset0\fprq2{\*\panose 02020603050405020304}Times New Roman;}{\f1\fswiss\fcharset0\fprq2{\*\panose 020b0604020202020204}Arial;}
{\f2\fmodern\fcharset0\fprq1{\*\panose 02070309020205020404}Courier New;}{\f3\froman\fcharset2\fprq2{\*\panose 05050102010706020507}Symbol;}{\f37\froman\fcharset238\fprq2 Times New Roman CE;}{\f38\froman\fcharset204\fprq2 Times New Roman Cyr;}
{\f40\froman\fcharset161\fprq2 Times New Roman Greek;}{\f41\froman\fcharset162\fprq2 Times New Roman Tur;}{\f42\froman\fcharset177\fprq2 Times New Roman (Hebrew);}{\f43\froman\fcharset178\fprq2 Times New Roman (Arabic);}
{\f44\froman\fcharset186\fprq2 Times New Roman Baltic;}{\f45\froman\fcharset163\fprq2 Times New Roman (Vietnamese);}{\f47\fswiss\fcharset238\fprq2 Arial CE;}{\f48\fswiss\fcharset204\fprq2 Arial Cyr;}{\f50\fswiss\fcharset161\fprq2 Arial Greek;}
{\f51\fswiss\fcharset162\fprq2 Arial Tur;}{\f52\fswiss\fcharset177\fprq2 Arial (Hebrew);}{\f53\fswiss\fcharset178\fprq2 Arial (Arabic);}{\f54\fswiss\fcharset186\fprq2 Arial Baltic;}{\f55\fswiss\fcharset163\fprq2 Arial (Vietnamese);}
{\f57\fmodern\fcharset238\fprq1 Courier New CE;}{\f58\fmodern\fcharset204\fprq1 Courier New Cyr;}{\f60\fmodern\fcharset161\fprq1 Courier New Greek;}{\f61\fmodern\fcharset162\fprq1 Courier New Tur;}{\f62\fmodern\fcharset177\fprq1 Courier New (Hebrew);}
{\f63\fmodern\fcharset178\fprq1 Courier New (Arabic);}{\f64\fmodern\fcharset186\fprq1 Courier New Baltic;}{\f65\fmodern\fcharset163\fprq1 Courier New (Vietnamese);}}{\colortbl;\red0\green0\blue0;\red0\green0\blue255;\red0\green255\blue255;
\red0\green255\blue0;\red255\green0\blue255;\red255\green0\blue0;\red255\green255\blue0;\red255\green255\blue255;\red0\green0\blue128;\red0\green128\blue128;\red0\green128\blue0;\red128\green0\blue128;\red128\green0\blue0;\red128\green128\blue0;
\red128\green128\blue128;\red192\green192\blue192;}{\stylesheet{\ql \li0\ri0\widctlpar\aspalpha\aspnum\faauto\adjustright\rin0\lin0\itap0 \fs24\lang1033\langfe1033\cgrid\langnp1033\langfenp1033 \snext0 Normal;}{\*\cs10 \additive \ssemihidden 
Default Paragraph Font;}{\*\ts11\tsrowd\trftsWidthB3\trpaddl108\trpaddr108\trpaddfl3\trpaddft3\trpaddfb3\trpaddfr3\trcbpat1\trcfpat1\tscellwidthfts0\tsvertalt\tsbrdrt\tsbrdrl\tsbrdrb\tsbrdrr\tsbrdrdgl\tsbrdrdgr\tsbrdrh\tsbrdrv 
\ql \li0\ri0\widctlpar\aspalpha\aspnum\faauto\adjustright\rin0\lin0\itap0 \fs20\lang1024\langfe1024\cgrid\langnp1024\langfenp1024 \snext11 \ssemihidden Normal Table;}{\s15\ql \li0\ri0\widctlpar
\tx916\tx1832\tx2748\tx3664\tx4580\tx5496\tx6412\tx7328\tx8244\tx9160\tx10076\tx10992\tx11908\tx12824\tx13740\tx14656\aspalpha\aspnum\faauto\adjustright\rin0\lin0\itap0 \f2\fs20\lang1033\langfe1033\cgrid\langnp1033\langfenp1033 
\sbasedon0 \snext15 \styrsid8083252 HTML Preformatted;}{\*\cs16 \additive \sbasedon10 \styrsid8083252 changedtext;}}{\*\latentstyles\lsdstimax156\lsdlockeddef0}{\*\pgptbl {\pgp\ipgp0\itap0\li0\ri0\sb0\sa0}}{\*\rsidtbl \rsid5791440\rsid8083252\rsid11369555
}{\*\generator Microsoft Word 11.0.6568;}{\info{\author Cisco Systems, Inc.}{\operator Gary Resurreccion}{\creatim\yr2005\mo12\dy16\hr14\min14}{\revtim\yr2006\mo3\dy15\hr18\min11}{\version3}{\edmins3}{\nofpages1}{\nofwords43}{\nofchars246}
{\*\company Cisco Systems, Inc.}{\nofcharsws288}{\vern24579}}\widowctrl\ftnbj\aenddoc\noxlattoyen\expshrtn\noultrlspc\dntblnsbdb\nospaceforul\hyphcaps0\horzdoc\dghspace120\dgvspace120\dghorigin1701\dgvorigin1984\dghshow0\dgvshow3
\jcompress\viewkind4\viewscale100\nolnhtadjtbl\rsidroot8083252 \fet0\sectd \linex0\sectdefaultcl\sftnbj {\*\pnseclvl1\pnucrm\pnstart1\pnindent720\pnhang {\pntxta .}}{\*\pnseclvl2\pnucltr\pnstart1\pnindent720\pnhang {\pntxta .}}{\*\pnseclvl3
\pndec\pnstart1\pnindent720\pnhang {\pntxta .}}{\*\pnseclvl4\pnlcltr\pnstart1\pnindent720\pnhang {\pntxta )}}{\*\pnseclvl5\pndec\pnstart1\pnindent720\pnhang {\pntxtb (}{\pntxta )}}{\*\pnseclvl6\pnlcltr\pnstart1\pnindent720\pnhang {\pntxtb (}{\pntxta )}}
{\*\pnseclvl7\pnlcrm\pnstart1\pnindent720\pnhang {\pntxtb (}{\pntxta )}}{\*\pnseclvl8\pnlcltr\pnstart1\pnindent720\pnhang {\pntxtb (}{\pntxta )}}{\*\pnseclvl9\pnlcrm\pnstart1\pnindent720\pnhang {\pntxtb (}{\pntxta )}}\pard\plain \s15\ql \li0\ri0\widctlpar
\tx916\tx1832\tx2748\tx3664\tx4580\tx5496\tx6412\tx7328\tx8244\tx9160\tx10076\tx10992\tx11908\tx12824\tx13740\tx14656\aspalpha\aspnum\faauto\adjustright\rin0\lin0\itap0\pararsid8083252 \f2\fs20\lang1033\langfe1033\cgrid\langnp1033\langfenp1033 {
\cs16\f1\fs18\insrsid8083252\charrsid8083252 Your PC audio settings have changed since you configured them for Cisco IP Communicator.}{\f1\fs18\insrsid8083252\charrsid8083252 
\par }\pard\plain \ql \li0\ri0\nowidctlpar\faauto\rin0\lin0\itap0 \fs24\lang1033\langfe1033\cgrid\langnp1033\langfenp1033 {\f1\fs18\insrsid8083252 Choose:
\par 
\par }\pard \ql \fi-360\li360\ri0\nowidctlpar\tx360\faauto\rin0\lin360\itap0 {\f3\fs18\insrsid8083252 \'b7\'20\'20}{\b\f1\fs18\insrsid8083252 Revert}{\f1\fs18\insrsid8083252  to change your audio settings back to the way you
\par     originally tuned them
\par }\pard \ql \fi-360\li360\ri0\nowidctlpar\faauto\rin0\lin360\itap0 {\f3\fs18\insrsid8083252 \'b7\'20\'20}{\b\f1\fs18\insrsid8083252 Tune}{\f1\fs18\insrsid8083252  to view or modify the current audio settings
\par }{\f3\fs18\insrsid8083252 \'b7\'20\'20}{\b\f1\fs18\insrsid5791440 Skip}{\f1\fs18\insrsid8083252  to continue with the current audio settings
\par }}"/>

	<label checknewdevicehelp = "{\rtf1\ansi\ansicpg1252\deff0\deflang1033\deflangfe1033{\fonttbl{\f0\fswiss\fprq2\fcharset0 Arial;}{\f1\froman\fprq2\fcharset2 Symbol;}}
\viewkind4\uc1\pard\nowidctlpar\f0\fs18 Some of the audio devices you have selected have never been configured for use with Cisco IP Communicator. Choose:\par
\pard\nowidctlpar\fi-360\li360\tx360\f1\par
\pard\nowidctlpar\fi-360\li360\'b7  \b\f0 Tune\b0  to configure the devices or to select different devices\par
\f1\'b7  \b\f0 Cancel\b0  to continue with the current audio settings\par}"/>

	<label page0help = "{\rtf1\ansi\ansicpg1252\uc1\deff1\stshfdbch0\stshfloch0\stshfhich0\stshfbi0\deflang1033\deflangfe1033{\fonttbl{\f0\froman\fcharset0\fprq2{\*\panose 02020603050405020304}Times New Roman;}{\f1\fswiss\fcharset0\fprq2{\*\panose 020b0604020202020204}Arial;}
{\f2\fmodern\fcharset0\fprq1{\*\panose 02070309020205020404}Courier New;}{\f37\froman\fcharset238\fprq2 Times New Roman CE;}{\f38\froman\fcharset204\fprq2 Times New Roman Cyr;}{\f40\froman\fcharset161\fprq2 Times New Roman Greek;}
{\f41\froman\fcharset162\fprq2 Times New Roman Tur;}{\f42\froman\fcharset177\fprq2 Times New Roman (Hebrew);}{\f43\froman\fcharset178\fprq2 Times New Roman (Arabic);}{\f44\froman\fcharset186\fprq2 Times New Roman Baltic;}
{\f45\froman\fcharset163\fprq2 Times New Roman (Vietnamese);}{\f47\fswiss\fcharset238\fprq2 Arial CE;}{\f48\fswiss\fcharset204\fprq2 Arial Cyr;}{\f50\fswiss\fcharset161\fprq2 Arial Greek;}{\f51\fswiss\fcharset162\fprq2 Arial Tur;}
{\f52\fswiss\fcharset177\fprq2 Arial (Hebrew);}{\f53\fswiss\fcharset178\fprq2 Arial (Arabic);}{\f54\fswiss\fcharset186\fprq2 Arial Baltic;}{\f55\fswiss\fcharset163\fprq2 Arial (Vietnamese);}{\f57\fmodern\fcharset238\fprq1 Courier New CE;}
{\f58\fmodern\fcharset204\fprq1 Courier New Cyr;}{\f60\fmodern\fcharset161\fprq1 Courier New Greek;}{\f61\fmodern\fcharset162\fprq1 Courier New Tur;}{\f62\fmodern\fcharset177\fprq1 Courier New (Hebrew);}
{\f63\fmodern\fcharset178\fprq1 Courier New (Arabic);}{\f64\fmodern\fcharset186\fprq1 Courier New Baltic;}{\f65\fmodern\fcharset163\fprq1 Courier New (Vietnamese);}}{\colortbl;\red0\green0\blue0;\red0\green0\blue255;\red0\green255\blue255;
\red0\green255\blue0;\red255\green0\blue255;\red255\green0\blue0;\red255\green255\blue0;\red255\green255\blue255;\red0\green0\blue128;\red0\green128\blue128;\red0\green128\blue0;\red128\green0\blue128;\red128\green0\blue0;\red128\green128\blue0;
\red128\green128\blue128;\red192\green192\blue192;}{\stylesheet{\ql \li0\ri0\nowidctlpar\faauto\rin0\lin0\itap0 \f1\fs24\lang1033\langfe1033\cgrid\langnp1033\langfenp1033 \snext0 Normal;}{\s1\ql \li0\ri0\nowidctlpar\faauto\outlinelevel0\rin0\lin0\itap0 
\f1\fs24\lang1033\langfe1033\cgrid\langnp1033\langfenp1033 \sbasedon0 \snext0 heading 1;}{\*\cs10 \additive \ssemihidden Default Paragraph Font;}{\*
\ts11\tsrowd\trftsWidthB3\trpaddl108\trpaddr108\trpaddfl3\trpaddft3\trpaddfb3\trpaddfr3\trcbpat1\trcfpat1\tscellwidthfts0\tsvertalt\tsbrdrt\tsbrdrl\tsbrdrb\tsbrdrr\tsbrdrdgl\tsbrdrdgr\tsbrdrh\tsbrdrv 
\ql \li0\ri0\widctlpar\aspalpha\aspnum\faauto\adjustright\rin0\lin0\itap0 \fs20\lang1024\langfe1024\cgrid\langnp1024\langfenp1024 \snext11 \ssemihidden Normal Table;}{\s15\ql \li0\ri0\widctlpar
\tx916\tx1832\tx2748\tx3664\tx4580\tx5496\tx6412\tx7328\tx8244\tx9160\tx10076\tx10992\tx11908\tx12824\tx13740\tx14656\aspalpha\aspnum\faauto\adjustright\rin0\lin0\itap0 \f2\fs20\lang1033\langfe1033\cgrid\langnp1033\langfenp1033 
\sbasedon0 \snext15 \styrsid4137108 HTML Preformatted;}{\*\cs16 \additive \sbasedon10 \styrsid4137108 changedtext;}}{\*\latentstyles\lsdstimax156\lsdlockeddef0}{\*\pgptbl {\pgp\ipgp0\itap0\li0\ri0\sb0\sa0}{\pgp\ipgp0\itap0\li0\ri0\sb0\sa0}}
{\*\rsidtbl \rsid4137108\rsid4202610\rsid8399201\rsid9447335}{\*\generator Microsoft Word 11.0.6502;}{\info{\title Use this wizard to Select and Tune Audio Devices}{\author Ganesan Venkataraman (gvenkata)}{\operator Cisco Systems, Inc.}
{\creatim\yr2003\mo5\dy31\hr16\min47}{\revtim\yr2005\mo12\dy16\hr14\min52}{\version13}{\edmins21}{\nofpages1}{\nofwords59}{\nofchars339}{\*\company Cisco Systems, Inc.}{\nofcharsws397}{\vern24579}}
\widowctrl\ftnbj\aenddoc\noxlattoyen\expshrtn\noultrlspc\dntblnsbdb\nospaceforul\hyphcaps0\horzdoc\dghspace120\dgvspace120\dghorigin1701\dgvorigin1984\dghshow0\dgvshow3\jcompress\viewkind4\viewscale100\nolnhtadjtbl\rsidroot4137108 \fet0\sectd 
\linex0\sectdefaultcl\sftnbj {\*\pnseclvl1\pnucrm\pnstart1\pnindent720\pnhang {\pntxta .}}{\*\pnseclvl2\pnucltr\pnstart1\pnindent720\pnhang {\pntxta .}}{\*\pnseclvl3\pndec\pnstart1\pnindent720\pnhang {\pntxta .}}{\*\pnseclvl4
\pnlcltr\pnstart1\pnindent720\pnhang {\pntxta )}}{\*\pnseclvl5\pndec\pnstart1\pnindent720\pnhang {\pntxtb (}{\pntxta )}}{\*\pnseclvl6\pnlcltr\pnstart1\pnindent720\pnhang {\pntxtb (}{\pntxta )}}{\*\pnseclvl7\pnlcrm\pnstart1\pnindent720\pnhang {\pntxtb (}
{\pntxta )}}{\*\pnseclvl8\pnlcltr\pnstart1\pnindent720\pnhang {\pntxtb (}{\pntxta )}}{\*\pnseclvl9\pnlcrm\pnstart1\pnindent720\pnhang {\pntxtb (}{\pntxta )}}\pard\plain \s1\ql \li0\ri0\sa80\keepn\nowidctlpar\faauto\outlinelevel0\rin0\lin0\itap0 
\f1\fs24\lang1033\langfe1033\cgrid\langnp1033\langfenp1033 {\b\i\fs20\insrsid4137108 Select and Tune Audio Devices
\par }\pard\plain \ql \li0\ri0\nowidctlpar\faauto\rin0\lin0\itap0 \f1\fs24\lang1033\langfe1033\cgrid\langnp1033\langfenp1033 {\fs18\insrsid4202610 
\par }{\fs18\insrsid4137108 Before you begin:
\par 
\par Close all other programs that play or record sound, such as Microsoft Sound Recorder.
\par 
\par Make sure the audio devices (headset, speakers, microphone and handset) you wish to use are plugged in and turned on.
\par 
\par }\pard \ql \li0\ri0\widctlpar\tx916\tx1832\tx2748\tx3664\tx4580\tx5496\tx6412\tx7328\tx8244\tx9160\tx10076\tx10992\tx11908\tx12824\tx13740\tx14656\aspalpha\aspnum\faauto\adjustright\rin0\lin0\itap0\pararsid9447335 {\fs18\insrsid9447335\charrsid9447335 
If you are using a headset, position its microphone as close to your mouth as the headset manufacturer recommends.
\par }\pard \ql \li0\ri0\nowidctlpar\faauto\rin0\lin0\itap0 {\fs18\insrsid4137108 
\par To continue, select Next.
\par }}"/>

	<label page1help = "{\rtf1\ansi\ansicpg1252\uc1\deff0\stshfdbch0\stshfloch0\stshfhich0\stshfbi0\deflang1033\deflangfe1033{\fonttbl{\f0\froman\fcharset0\fprq2{\*\panose 02020603050405020304}Times New Roman;}{\f1\fswiss\fcharset0\fprq2{\*\panose 020b0604020202020204}Arial;}
{\f2\fmodern\fcharset0\fprq1{\*\panose 02070309020205020404}Courier New;}{\f125\froman\fcharset238\fprq2 Times New Roman CE;}{\f126\froman\fcharset204\fprq2 Times New Roman Cyr;}{\f128\froman\fcharset161\fprq2 Times New Roman Greek;}
{\f129\froman\fcharset162\fprq2 Times New Roman Tur;}{\f130\froman\fcharset177\fprq2 Times New Roman (Hebrew);}{\f131\froman\fcharset178\fprq2 Times New Roman (Arabic);}{\f132\froman\fcharset186\fprq2 Times New Roman Baltic;}
{\f133\froman\fcharset163\fprq2 Times New Roman (Vietnamese);}{\f135\fswiss\fcharset238\fprq2 Arial CE;}{\f136\fswiss\fcharset204\fprq2 Arial Cyr;}{\f138\fswiss\fcharset161\fprq2 Arial Greek;}{\f139\fswiss\fcharset162\fprq2 Arial Tur;}
{\f140\fswiss\fcharset177\fprq2 Arial (Hebrew);}{\f141\fswiss\fcharset178\fprq2 Arial (Arabic);}{\f142\fswiss\fcharset186\fprq2 Arial Baltic;}{\f143\fswiss\fcharset163\fprq2 Arial (Vietnamese);}{\f145\fmodern\fcharset238\fprq1 Courier New CE;}
{\f146\fmodern\fcharset204\fprq1 Courier New Cyr;}{\f148\fmodern\fcharset161\fprq1 Courier New Greek;}{\f149\fmodern\fcharset162\fprq1 Courier New Tur;}{\f150\fmodern\fcharset177\fprq1 Courier New (Hebrew);}
{\f151\fmodern\fcharset178\fprq1 Courier New (Arabic);}{\f152\fmodern\fcharset186\fprq1 Courier New Baltic;}{\f153\fmodern\fcharset163\fprq1 Courier New (Vietnamese);}}{\colortbl;\red0\green0\blue0;\red0\green0\blue255;\red0\green255\blue255;
\red0\green255\blue0;\red255\green0\blue255;\red255\green0\blue0;\red255\green255\blue0;\red255\green255\blue255;\red0\green0\blue128;\red0\green128\blue128;\red0\green128\blue0;\red128\green0\blue128;\red128\green0\blue0;\red128\green128\blue0;
\red128\green128\blue128;\red192\green192\blue192;}{\stylesheet{\ql \li0\ri0\widctlpar\aspalpha\aspnum\faauto\adjustright\rin0\lin0\itap0 \fs24\lang1033\langfe1033\cgrid\langnp1033\langfenp1033 \snext0 Normal;}{\*\cs10 \additive \ssemihidden 
Default Paragraph Font;}{\*\ts11\tsrowd\trftsWidthB3\trpaddl108\trpaddr108\trpaddfl3\trpaddft3\trpaddfb3\trpaddfr3\trcbpat1\trcfpat1\tscellwidthfts0\tsvertalt\tsbrdrt\tsbrdrl\tsbrdrb\tsbrdrr\tsbrdrdgl\tsbrdrdgr\tsbrdrh\tsbrdrv 
\ql \li0\ri0\widctlpar\aspalpha\aspnum\faauto\adjustright\rin0\lin0\itap0 \fs20\lang1024\langfe1024\cgrid\langnp1024\langfenp1024 \snext11 \ssemihidden Normal Table;}{\s15\ql \li0\ri0\widctlpar
\tx916\tx1832\tx2748\tx3664\tx4580\tx5496\tx6412\tx7328\tx8244\tx9160\tx10076\tx10992\tx11908\tx12824\tx13740\tx14656\aspalpha\aspnum\faauto\adjustright\rin0\lin0\itap0 \f2\fs20\lang1033\langfe1033\cgrid\langnp1033\langfenp1033 
\sbasedon0 \snext15 \styrsid8809335 HTML Preformatted;}{\*\cs16 \additive \sbasedon10 \styrsid8809335 changedtext;}}{\*\latentstyles\lsdstimax156\lsdlockeddef0}{\*\pgptbl {\pgp\ipgp0\itap0\li0\ri0\sb0\sa0}}{\*\rsidtbl \rsid2389431\rsid8809335}
{\*\generator Microsoft Word 11.0.6502;}{\info{\author Cisco Systems, Inc.}{\operator Cisco Systems, Inc.}{\creatim\yr2005\mo12\dy16\hr14\min20}{\revtim\yr2005\mo12\dy16\hr14\min23}{\version2}{\edmins2}{\nofpages1}{\nofwords26}{\nofchars150}
{\*\company Cisco Systems, Inc.}{\nofcharsws175}{\vern24579}}\widowctrl\ftnbj\aenddoc\noxlattoyen\expshrtn\noultrlspc\dntblnsbdb\nospaceforul\hyphcaps0\horzdoc\dghspace120\dgvspace120\dghorigin1701\dgvorigin1984\dghshow0\dgvshow3
\jcompress\viewkind4\viewscale100\nolnhtadjtbl\rsidroot8809335 \fet0\sectd \linex0\sectdefaultcl\sftnbj {\*\pnseclvl1\pnucrm\pnstart1\pnindent720\pnhang {\pntxta .}}{\*\pnseclvl2\pnucltr\pnstart1\pnindent720\pnhang {\pntxta .}}{\*\pnseclvl3
\pndec\pnstart1\pnindent720\pnhang {\pntxta .}}{\*\pnseclvl4\pnlcltr\pnstart1\pnindent720\pnhang {\pntxta )}}{\*\pnseclvl5\pndec\pnstart1\pnindent720\pnhang {\pntxtb (}{\pntxta )}}{\*\pnseclvl6\pnlcltr\pnstart1\pnindent720\pnhang {\pntxtb (}{\pntxta )}}
{\*\pnseclvl7\pnlcrm\pnstart1\pnindent720\pnhang {\pntxtb (}{\pntxta )}}{\*\pnseclvl8\pnlcltr\pnstart1\pnindent720\pnhang {\pntxtb (}{\pntxta )}}{\*\pnseclvl9\pnlcrm\pnstart1\pnindent720\pnhang {\pntxtb (}{\pntxta )}}\pard\plain 
\ql \li0\ri0\sa80\nowidctlpar\faauto\rin0\lin0\itap0 \fs24\lang1033\langfe1033\cgrid\langnp1033\langfenp1033 {\b\i\f1\fs20\insrsid8809335 Select Audio Devices
\par }\pard\plain \s15\ql \li0\ri0\widctlpar\tx916\tx1832\tx2748\tx3664\tx4580\tx5496\tx6412\tx7328\tx8244\tx9160\tx10076\tx10992\tx11908\tx12824\tx13740\tx14656\aspalpha\aspnum\faauto\adjustright\rin0\lin0\itap0\pararsid8809335 
\f2\fs20\lang1033\langfe1033\cgrid\langnp1033\langfenp1033 {\cs16\f1\fs18\insrsid8809335\charrsid8809335 For each audio mode, you must select the device you want Communicator to use. If you need help understanding audio devices and mod
es, see the user guide}{\cs16\f1\fs18\insrsid8809335\charrsid8809335 .}{\f1\fs18\insrsid8809335\charrsid8809335 
\par }\pard\plain \ql \li0\ri0\nowidctlpar\faauto\rin0\lin0\itap0\pararsid8809335 \fs24\lang1033\langfe1033\cgrid\langnp1033\langfenp1033 {\insrsid8809335 
\par }}"/>

	<label page2help = "{\rtf1\ansi\ansicpg1252\uc1\deff0\stshfdbch0\stshfloch0\stshfhich0\stshfbi0\deflang1033\deflangfe1033{\fonttbl{\f0\froman\fcharset0\fprq2{\*\panose 02020603050405020304}Times New Roman;}{\f1\fswiss\fcharset0\fprq2{\*\panose 020b0604020202020204}Arial;}
{\f2\fmodern\fcharset0\fprq1{\*\panose 02070309020205020404}Courier New;}{\f125\froman\fcharset238\fprq2 Times New Roman CE;}{\f126\froman\fcharset204\fprq2 Times New Roman Cyr;}{\f128\froman\fcharset161\fprq2 Times New Roman Greek;}
{\f129\froman\fcharset162\fprq2 Times New Roman Tur;}{\f130\froman\fcharset177\fprq2 Times New Roman (Hebrew);}{\f131\froman\fcharset178\fprq2 Times New Roman (Arabic);}{\f132\froman\fcharset186\fprq2 Times New Roman Baltic;}
{\f133\froman\fcharset163\fprq2 Times New Roman (Vietnamese);}{\f135\fswiss\fcharset238\fprq2 Arial CE;}{\f136\fswiss\fcharset204\fprq2 Arial Cyr;}{\f138\fswiss\fcharset161\fprq2 Arial Greek;}{\f139\fswiss\fcharset162\fprq2 Arial Tur;}
{\f140\fswiss\fcharset177\fprq2 Arial (Hebrew);}{\f141\fswiss\fcharset178\fprq2 Arial (Arabic);}{\f142\fswiss\fcharset186\fprq2 Arial Baltic;}{\f143\fswiss\fcharset163\fprq2 Arial (Vietnamese);}{\f145\fmodern\fcharset238\fprq1 Courier New CE;}
{\f146\fmodern\fcharset204\fprq1 Courier New Cyr;}{\f148\fmodern\fcharset161\fprq1 Courier New Greek;}{\f149\fmodern\fcharset162\fprq1 Courier New Tur;}{\f150\fmodern\fcharset177\fprq1 Courier New (Hebrew);}
{\f151\fmodern\fcharset178\fprq1 Courier New (Arabic);}{\f152\fmodern\fcharset186\fprq1 Courier New Baltic;}{\f153\fmodern\fcharset163\fprq1 Courier New (Vietnamese);}}{\colortbl;\red0\green0\blue0;\red0\green0\blue255;\red0\green255\blue255;
\red0\green255\blue0;\red255\green0\blue255;\red255\green0\blue0;\red255\green255\blue0;\red255\green255\blue255;\red0\green0\blue128;\red0\green128\blue128;\red0\green128\blue0;\red128\green0\blue128;\red128\green0\blue0;\red128\green128\blue0;
\red128\green128\blue128;\red192\green192\blue192;}{\stylesheet{\ql \li0\ri0\widctlpar\aspalpha\aspnum\faauto\adjustright\rin0\lin0\itap0 \fs24\lang1033\langfe1033\cgrid\langnp1033\langfenp1033 \snext0 Normal;}{\*\cs10 \additive \ssemihidden 
Default Paragraph Font;}{\*\ts11\tsrowd\trftsWidthB3\trpaddl108\trpaddr108\trpaddfl3\trpaddft3\trpaddfb3\trpaddfr3\trcbpat1\trcfpat1\tscellwidthfts0\tsvertalt\tsbrdrt\tsbrdrl\tsbrdrb\tsbrdrr\tsbrdrdgl\tsbrdrdgr\tsbrdrh\tsbrdrv 
\ql \li0\ri0\widctlpar\aspalpha\aspnum\faauto\adjustright\rin0\lin0\itap0 \fs20\lang1024\langfe1024\cgrid\langnp1024\langfenp1024 \snext11 \ssemihidden Normal Table;}{\s15\ql \li0\ri0\widctlpar
\tx916\tx1832\tx2748\tx3664\tx4580\tx5496\tx6412\tx7328\tx8244\tx9160\tx10076\tx10992\tx11908\tx12824\tx13740\tx14656\aspalpha\aspnum\faauto\adjustright\rin0\lin0\itap0 \f2\fs20\lang1033\langfe1033\cgrid\langnp1033\langfenp1033 
\sbasedon0 \snext15 \styrsid11359176 HTML Preformatted;}{\*\cs16 \additive \sbasedon10 \styrsid11359176 changedtext;}}{\*\latentstyles\lsdstimax156\lsdlockeddef0}{\*\pgptbl {\pgp\ipgp0\itap0\li0\ri0\sb0\sa0}}{\*\rsidtbl \rsid10301881\rsid11359176}
{\*\generator Microsoft Word 11.0.6502;}{\info{\author Cisco Systems, Inc.}{\operator Cisco Systems, Inc.}{\creatim\yr2005\mo12\dy16\hr14\min23}{\revtim\yr2005\mo12\dy16\hr14\min25}{\version2}{\edmins2}{\nofpages1}{\nofwords66}{\nofchars381}
{\*\company Cisco Systems, Inc.}{\nofcharsws446}{\vern24579}}\widowctrl\ftnbj\aenddoc\noxlattoyen\expshrtn\noultrlspc\dntblnsbdb\nospaceforul\hyphcaps0\horzdoc\dghspace120\dgvspace120\dghorigin1701\dgvorigin1984\dghshow0\dgvshow3
\jcompress\viewkind4\viewscale100\nolnhtadjtbl\rsidroot11359176 \fet0\sectd \linex0\sectdefaultcl\sftnbj {\*\pnseclvl1\pnucrm\pnstart1\pnindent720\pnhang {\pntxta .}}{\*\pnseclvl2\pnucltr\pnstart1\pnindent720\pnhang {\pntxta .}}{\*\pnseclvl3
\pndec\pnstart1\pnindent720\pnhang {\pntxta .}}{\*\pnseclvl4\pnlcltr\pnstart1\pnindent720\pnhang {\pntxta )}}{\*\pnseclvl5\pndec\pnstart1\pnindent720\pnhang {\pntxtb (}{\pntxta )}}{\*\pnseclvl6\pnlcltr\pnstart1\pnindent720\pnhang {\pntxtb (}{\pntxta )}}
{\*\pnseclvl7\pnlcrm\pnstart1\pnindent720\pnhang {\pntxtb (}{\pntxta )}}{\*\pnseclvl8\pnlcltr\pnstart1\pnindent720\pnhang {\pntxtb (}{\pntxta )}}{\*\pnseclvl9\pnlcrm\pnstart1\pnindent720\pnhang {\pntxtb (}{\pntxta )}}\pard\plain 
\ql \li0\ri0\sa80\nowidctlpar\faauto\rin0\lin0\itap0 \fs24\lang1033\langfe1033\cgrid\langnp1033\langfenp1033 {\b\i\f1\fs20\insrsid11359176 Adjust the Listening Volume}{\f1\fs20\insrsid11359176 
\par }\pard\plain \s15\ql \li0\ri0\widctlpar\tx916\tx1832\tx2748\tx3664\tx4580\tx5496\tx6412\tx7328\tx8244\tx9160\tx10076\tx10992\tx11908\tx12824\tx13740\tx14656\aspalpha\aspnum\faauto\adjustright\rin0\lin0\itap0\pararsid11359176 
\f2\fs20\lang1033\langfe1033\cgrid\langnp1033\langfenp1033 {\cs16\f1\fs18\insrsid11359176\charrsid11359176 Make sure you are listening to the playback device below. If your device has external volume controls, increase them to their maximum values bef}{
\cs16\f1\fs18\insrsid11359176 ore tuning. Press the }{\cs16\b\f1\fs18\insrsid11359176\charrsid11359176 Play}{\cs16\f1\fs18\insrsid11359176\charrsid11359176  button and then adjust the Volume sliders until t
he sample sounds are being played at a comfortable level. If you see both a Master and a Wave slider, try setting the Wave slider at 75% and then adjusting the Master slider to a comfortable level}{\cs16\f1\fs18\insrsid11359176\charrsid11359176 .}{
\f1\fs18\insrsid11359176\charrsid11359176 
\par }\pard\plain \ql \li0\ri0\nowidctlpar\faauto\rin0\lin0\itap0\pararsid11359176 \fs24\lang1033\langfe1033\cgrid\langnp1033\langfenp1033 {\insrsid11359176 
\par }}"/>

	<label page3help = "{\rtf1\ansi\ansicpg1252\uc1\deff0\stshfdbch0\stshfloch0\stshfhich0\stshfbi0\deflang1033\deflangfe1033{\fonttbl{\f0\froman\fcharset0\fprq2{\*\panose 02020603050405020304}Times New Roman;}{\f1\fswiss\fcharset0\fprq2{\*\panose 020b0604020202020204}Arial;}
{\f2\fmodern\fcharset0\fprq1{\*\panose 02070309020205020404}Courier New;}{\f125\froman\fcharset238\fprq2 Times New Roman CE;}{\f126\froman\fcharset204\fprq2 Times New Roman Cyr;}{\f128\froman\fcharset161\fprq2 Times New Roman Greek;}
{\f129\froman\fcharset162\fprq2 Times New Roman Tur;}{\f130\froman\fcharset177\fprq2 Times New Roman (Hebrew);}{\f131\froman\fcharset178\fprq2 Times New Roman (Arabic);}{\f132\froman\fcharset186\fprq2 Times New Roman Baltic;}
{\f133\froman\fcharset163\fprq2 Times New Roman (Vietnamese);}{\f135\fswiss\fcharset238\fprq2 Arial CE;}{\f136\fswiss\fcharset204\fprq2 Arial Cyr;}{\f138\fswiss\fcharset161\fprq2 Arial Greek;}{\f139\fswiss\fcharset162\fprq2 Arial Tur;}
{\f140\fswiss\fcharset177\fprq2 Arial (Hebrew);}{\f141\fswiss\fcharset178\fprq2 Arial (Arabic);}{\f142\fswiss\fcharset186\fprq2 Arial Baltic;}{\f143\fswiss\fcharset163\fprq2 Arial (Vietnamese);}{\f145\fmodern\fcharset238\fprq1 Courier New CE;}
{\f146\fmodern\fcharset204\fprq1 Courier New Cyr;}{\f148\fmodern\fcharset161\fprq1 Courier New Greek;}{\f149\fmodern\fcharset162\fprq1 Courier New Tur;}{\f150\fmodern\fcharset177\fprq1 Courier New (Hebrew);}
{\f151\fmodern\fcharset178\fprq1 Courier New (Arabic);}{\f152\fmodern\fcharset186\fprq1 Courier New Baltic;}{\f153\fmodern\fcharset163\fprq1 Courier New (Vietnamese);}}{\colortbl;\red0\green0\blue0;\red0\green0\blue255;\red0\green255\blue255;
\red0\green255\blue0;\red255\green0\blue255;\red255\green0\blue0;\red255\green255\blue0;\red255\green255\blue255;\red0\green0\blue128;\red0\green128\blue128;\red0\green128\blue0;\red128\green0\blue128;\red128\green0\blue0;\red128\green128\blue0;
\red128\green128\blue128;\red192\green192\blue192;}{\stylesheet{\ql \li0\ri0\widctlpar\aspalpha\aspnum\faauto\adjustright\rin0\lin0\itap0 \fs24\lang1033\langfe1033\cgrid\langnp1033\langfenp1033 \snext0 Normal;}{\*\cs10 \additive \ssemihidden 
Default Paragraph Font;}{\*\ts11\tsrowd\trftsWidthB3\trpaddl108\trpaddr108\trpaddfl3\trpaddft3\trpaddfb3\trpaddfr3\trcbpat1\trcfpat1\tscellwidthfts0\tsvertalt\tsbrdrt\tsbrdrl\tsbrdrb\tsbrdrr\tsbrdrdgl\tsbrdrdgr\tsbrdrh\tsbrdrv 
\ql \li0\ri0\widctlpar\aspalpha\aspnum\faauto\adjustright\rin0\lin0\itap0 \fs20\lang1024\langfe1024\cgrid\langnp1024\langfenp1024 \snext11 \ssemihidden Normal Table;}{\s15\ql \li0\ri0\widctlpar
\tx916\tx1832\tx2748\tx3664\tx4580\tx5496\tx6412\tx7328\tx8244\tx9160\tx10076\tx10992\tx11908\tx12824\tx13740\tx14656\aspalpha\aspnum\faauto\adjustright\rin0\lin0\itap0 \f2\fs20\lang1033\langfe1033\cgrid\langnp1033\langfenp1033 
\sbasedon0 \snext15 \styrsid4813480 HTML Preformatted;}{\*\cs16 \additive \sbasedon10 \styrsid4813480 changedtext;}}{\*\latentstyles\lsdstimax156\lsdlockeddef0}{\*\pgptbl {\pgp\ipgp0\itap0\li0\ri0\sb0\sa0}}{\*\rsidtbl \rsid4813480\rsid9242814}
{\*\generator Microsoft Word 11.0.6502;}{\info{\author Cisco Systems, Inc.}{\operator Cisco Systems, Inc.}{\creatim\yr2005\mo12\dy16\hr14\min25}{\revtim\yr2005\mo12\dy16\hr14\min27}{\version2}{\edmins2}{\nofpages1}{\nofwords87}{\nofchars496}
{\*\company Cisco Systems, Inc.}{\nofcharsws582}{\vern24579}}\widowctrl\ftnbj\aenddoc\noxlattoyen\expshrtn\noultrlspc\dntblnsbdb\nospaceforul\hyphcaps0\horzdoc\dghspace120\dgvspace120\dghorigin1701\dgvorigin1984\dghshow0\dgvshow3
\jcompress\viewkind4\viewscale100\nolnhtadjtbl\rsidroot4813480 \fet0\sectd \linex0\sectdefaultcl\sftnbj {\*\pnseclvl1\pnucrm\pnstart1\pnindent720\pnhang {\pntxta .}}{\*\pnseclvl2\pnucltr\pnstart1\pnindent720\pnhang {\pntxta .}}{\*\pnseclvl3
\pndec\pnstart1\pnindent720\pnhang {\pntxta .}}{\*\pnseclvl4\pnlcltr\pnstart1\pnindent720\pnhang {\pntxta )}}{\*\pnseclvl5\pndec\pnstart1\pnindent720\pnhang {\pntxtb (}{\pntxta )}}{\*\pnseclvl6\pnlcltr\pnstart1\pnindent720\pnhang {\pntxtb (}{\pntxta )}}
{\*\pnseclvl7\pnlcrm\pnstart1\pnindent720\pnhang {\pntxtb (}{\pntxta )}}{\*\pnseclvl8\pnlcltr\pnstart1\pnindent720\pnhang {\pntxtb (}{\pntxta )}}{\*\pnseclvl9\pnlcrm\pnstart1\pnindent720\pnhang {\pntxtb (}{\pntxta )}}\pard\plain 
\ql \li0\ri0\sa80\nowidctlpar\faauto\rin0\lin0\itap0 \fs24\lang1033\langfe1033\cgrid\langnp1033\langfenp1033 {\b\i\f1\fs20\insrsid4813480 Adjust the Microphone Volume}{\f1\fs20\insrsid4813480 
\par }\pard\plain \s15\ql \li0\ri0\widctlpar\tx916\tx1832\tx2748\tx3664\tx4580\tx5496\tx6412\tx7328\tx8244\tx9160\tx10076\tx10992\tx11908\tx12824\tx13740\tx14656\aspalpha\aspnum\faauto\adjustright\rin0\lin0\itap0\pararsid4813480 
\f2\fs20\lang1033\langfe1033\cgrid\langnp1033\langfenp1033 {\cs16\f1\fs18\insrsid4813480\charrsid4813480 Make sure you are speaking into the recording d}{\cs16\f1\fs18\insrsid4813480 evice listed below. Press the }{
\cs16\b\f1\fs18\insrsid4813480\charrsid4813480 Test}{\cs16\f1\fs18\insrsid4813480\charrsid4813480  button and read this message at the typical volume at which you 
would speak while on a phone call. Adjust the volume sliders until the level meter peaks at the highest yellow segment. If you see both a Master and a Fine slider, set the Master slider at 75% and then adjust the Fine slider to a comfortable level. If the
 level meter does not peak above the green segments even when the volume sliders are set to their highest levels}{\cs16\f1\fs18\insrsid4813480 , enable }{\cs16\b\f1\fs18\insrsid4813480\charrsid4813480 Microphone Boost}{\cs16\f1\fs18\insrsid4813480  }{
\cs16\f1\fs18\insrsid4813480\charrsid4813480 if available}{\cs16\f1\fs18\insrsid4813480\charrsid4813480 .}{\f1\fs18\insrsid4813480\charrsid4813480 
\par }\pard\plain \ql \li0\ri0\nowidctlpar\faauto\rin0\lin0\itap0\pararsid4813480 \fs24\lang1033\langfe1033\cgrid\langnp1033\langfenp1033 {\insrsid4813480 
\par }}"/>

	<label page99help = "{\rtf1\ansi\ansicpg1252\uc1\deff0\stshfdbch11\stshfloch0\stshfhich0\stshfbi0\deflang1033\deflangfe1041{\fonttbl{\f0\froman\fcharset0\fprq2{\*\panose 02020603050405020304}Times New Roman;}{\f1\fswiss\fcharset0\fprq2{\*\panose 020b0604020202020204}Arial;}
{\f2\fmodern\fcharset0\fprq1{\*\panose 02070309020205020404}Courier New;}{\f3\froman\fcharset2\fprq2{\*\panose 05050102010706020507}Symbol;}{\f10\fnil\fcharset2\fprq2{\*\panose 05000000000000000000}Wingdings;}
{\f11\fmodern\fcharset128\fprq1{\*\panose 02020609040205080304}MS Mincho{\*\falt ?l?r ??\'81\'66c};}{\f36\fmodern\fcharset128\fprq1{\*\panose 00000000000000000000}@MS Mincho;}{\f37\froman\fcharset238\fprq2 Times New Roman CE;}
{\f38\froman\fcharset204\fprq2 Times New Roman Cyr;}{\f40\froman\fcharset161\fprq2 Times New Roman Greek;}{\f41\froman\fcharset162\fprq2 Times New Roman Tur;}{\f42\froman\fcharset177\fprq2 Times New Roman (Hebrew);}
{\f43\froman\fcharset178\fprq2 Times New Roman (Arabic);}{\f44\froman\fcharset186\fprq2 Times New Roman Baltic;}{\f45\froman\fcharset163\fprq2 Times New Roman (Vietnamese);}{\f47\fswiss\fcharset238\fprq2 Arial CE;}
{\f48\fswiss\fcharset204\fprq2 Arial Cyr;}{\f50\fswiss\fcharset161\fprq2 Arial Greek;}{\f51\fswiss\fcharset162\fprq2 Arial Tur;}{\f52\fswiss\fcharset177\fprq2 Arial (Hebrew);}{\f53\fswiss\fcharset178\fprq2 Arial (Arabic);}
{\f54\fswiss\fcharset186\fprq2 Arial Baltic;}{\f55\fswiss\fcharset163\fprq2 Arial (Vietnamese);}{\f57\fmodern\fcharset238\fprq1 Courier New CE;}{\f58\fmodern\fcharset204\fprq1 Courier New Cyr;}{\f60\fmodern\fcharset161\fprq1 Courier New Greek;}
{\f61\fmodern\fcharset162\fprq1 Courier New Tur;}{\f62\fmodern\fcharset177\fprq1 Courier New (Hebrew);}{\f63\fmodern\fcharset178\fprq1 Courier New (Arabic);}{\f64\fmodern\fcharset186\fprq1 Courier New Baltic;}
{\f65\fmodern\fcharset163\fprq1 Courier New (Vietnamese);}{\f149\fmodern\fcharset0\fprq1 MS Mincho Western{\*\falt ?l?r ??\'81\'66c};}{\f147\fmodern\fcharset238\fprq1 MS Mincho CE{\*\falt ?l?r ??\'81\'66c};}
{\f148\fmodern\fcharset204\fprq1 MS Mincho Cyr{\*\falt ?l?r ??\'81\'66c};}{\f150\fmodern\fcharset161\fprq1 MS Mincho Greek{\*\falt ?l?r ??\'81\'66c};}{\f151\fmodern\fcharset162\fprq1 MS Mincho Tur{\*\falt ?l?r ??\'81\'66c};}
{\f154\fmodern\fcharset186\fprq1 MS Mincho Baltic{\*\falt ?l?r ??\'81\'66c};}{\f399\fmodern\fcharset0\fprq1 @MS Mincho Western;}{\f397\fmodern\fcharset238\fprq1 @MS Mincho CE;}{\f398\fmodern\fcharset204\fprq1 @MS Mincho Cyr;}
{\f400\fmodern\fcharset161\fprq1 @MS Mincho Greek;}{\f401\fmodern\fcharset162\fprq1 @MS Mincho Tur;}{\f404\fmodern\fcharset186\fprq1 @MS Mincho Baltic;}}{\colortbl;\red0\green0\blue0;\red0\green0\blue255;\red0\green255\blue255;\red0\green255\blue0;
\red255\green0\blue255;\red255\green0\blue0;\red255\green255\blue0;\red255\green255\blue255;\red0\green0\blue128;\red0\green128\blue128;\red0\green128\blue0;\red128\green0\blue128;\red128\green0\blue0;\red128\green128\blue0;\red128\green128\blue128;
\red192\green192\blue192;}{\stylesheet{\ql \li0\ri0\widctlpar\aspalpha\aspnum\faauto\adjustright\rin0\lin0\itap0 \fs24\lang1033\langfe1033\loch\f0\hich\af0\dbch\af11\cgrid\langnp1033\langfenp1033 \snext0 Normal;}{\*\cs10 \additive \ssemihidden 
Default Paragraph Font;}{\*\ts11\tsrowd\trftsWidthB3\trpaddl108\trpaddr108\trpaddfl3\trpaddft3\trpaddfb3\trpaddfr3\trcbpat1\trcfpat1\tscellwidthfts0\tsvertalt\tsbrdrt\tsbrdrl\tsbrdrb\tsbrdrr\tsbrdrdgl\tsbrdrdgr\tsbrdrh\tsbrdrv 
\ql \li0\ri0\widctlpar\aspalpha\aspnum\faauto\adjustright\rin0\lin0\itap0 \fs20\lang1024\langfe1024\loch\f0\hich\af0\dbch\af11\cgrid\langnp1024\langfenp1024 \snext11 \ssemihidden Normal Table;}}{\*\listtable{\list\listtemplateid-1526924806{\listlevel
\levelnfc23\levelnfcn23\leveljc0\leveljcn0\levelfollow0\levelstartat1\levelspace360\levelindent0{\leveltext\'01\u-3913 ?;}{\levelnumbers;}\f3\fbias0 \fi-360\li360\jclisttab\tx360\lin360 }{\listlevel\levelnfc23\levelnfcn23\leveljc0\leveljcn0\levelfollow0
\levelstartat1\levelspace360\levelindent0{\leveltext\'01o;}{\levelnumbers;}\f2\fbias0 \fi-360\li1080\jclisttab\tx1080\lin1080 }{\listlevel\levelnfc23\levelnfcn23\leveljc0\leveljcn0\levelfollow0\levelstartat1\levelspace360\levelindent0{\leveltext
\'01\u-3929 ?;}{\levelnumbers;}\f10\fbias0 \fi-360\li1800\jclisttab\tx1800\lin1800 }{\listlevel\levelnfc23\levelnfcn23\leveljc0\leveljcn0\levelfollow0\levelstartat1\levelspace360\levelindent0{\leveltext\'01\u-3913 ?;}{\levelnumbers;}\f3\fbias0 
\fi-360\li2520\jclisttab\tx2520\lin2520 }{\listlevel\levelnfc23\levelnfcn23\leveljc0\leveljcn0\levelfollow0\levelstartat1\levelspace360\levelindent0{\leveltext\'01o;}{\levelnumbers;}\f2\fbias0 \fi-360\li3240\jclisttab\tx3240\lin3240 }{\listlevel
\levelnfc23\levelnfcn23\leveljc0\leveljcn0\levelfollow0\levelstartat1\levelspace360\levelindent0{\leveltext\'01\u-3929 ?;}{\levelnumbers;}\f10\fbias0 \fi-360\li3960\jclisttab\tx3960\lin3960 }{\listlevel\levelnfc23\levelnfcn23\leveljc0\leveljcn0
\levelfollow0\levelstartat1\levelspace360\levelindent0{\leveltext\'01\u-3913 ?;}{\levelnumbers;}\f3\fbias0 \fi-360\li4680\jclisttab\tx4680\lin4680 }{\listlevel\levelnfc23\levelnfcn23\leveljc0\leveljcn0\levelfollow0\levelstartat1\levelspace360\levelindent0
{\leveltext\'01o;}{\levelnumbers;}\f2\fbias0 \fi-360\li5400\jclisttab\tx5400\lin5400 }{\listlevel\levelnfc23\levelnfcn23\leveljc0\leveljcn0\levelfollow0\levelstartat1\levelspace360\levelindent0{\leveltext\'01\u-3929 ?;}{\levelnumbers;}\f10\fbias0 
\fi-360\li6120\jclisttab\tx6120\lin6120 }{\listname ;}\listid19015464}{\list\listtemplateid-1526924806\listhybrid{\listlevel\levelnfc23\levelnfcn23\leveljc0\leveljcn0\levelfollow0\levelstartat1\levelspace360\levelindent0{\leveltext\leveltemplateid67698689
\'01\u-3913 ?;}{\levelnumbers;}\f3\fbias0 \fi-360\li360\jclisttab\tx360\lin360 }{\listlevel\levelnfc23\levelnfcn23\leveljc0\leveljcn0\levelfollow0\levelstartat1\levelspace360\levelindent0{\leveltext\leveltemplateid67698691\'01o;}{\levelnumbers;}
\f2\fbias0 \fi-360\li1080\jclisttab\tx1080\lin1080 }{\listlevel\levelnfc23\levelnfcn23\leveljc0\leveljcn0\levelfollow0\levelstartat1\levelspace360\levelindent0{\leveltext\leveltemplateid67698693\'01\u-3929 ?;}{\levelnumbers;}\f10\fbias0 \fi-360\li1800
\jclisttab\tx1800\lin1800 }{\listlevel\levelnfc23\levelnfcn23\leveljc0\leveljcn0\levelfollow0\levelstartat1\levelspace360\levelindent0{\leveltext\leveltemplateid67698689\'01\u-3913 ?;}{\levelnumbers;}\f3\fbias0 \fi-360\li2520\jclisttab\tx2520\lin2520 }
{\listlevel\levelnfc23\levelnfcn23\leveljc0\leveljcn0\levelfollow0\levelstartat1\levelspace360\levelindent0{\leveltext\leveltemplateid67698691\'01o;}{\levelnumbers;}\f2\fbias0 \fi-360\li3240\jclisttab\tx3240\lin3240 }{\listlevel\levelnfc23\levelnfcn23
\leveljc0\leveljcn0\levelfollow0\levelstartat1\levelspace360\levelindent0{\leveltext\leveltemplateid67698693\'01\u-3929 ?;}{\levelnumbers;}\f10\fbias0 \fi-360\li3960\jclisttab\tx3960\lin3960 }{\listlevel\levelnfc23\levelnfcn23\leveljc0\leveljcn0
\levelfollow0\levelstartat1\levelspace360\levelindent0{\leveltext\leveltemplateid67698689\'01\u-3913 ?;}{\levelnumbers;}\f3\fbias0 \fi-360\li4680\jclisttab\tx4680\lin4680 }{\listlevel\levelnfc23\levelnfcn23\leveljc0\leveljcn0\levelfollow0\levelstartat1
\levelspace360\levelindent0{\leveltext\leveltemplateid67698691\'01o;}{\levelnumbers;}\f2\fbias0 \fi-360\li5400\jclisttab\tx5400\lin5400 }{\listlevel\levelnfc23\levelnfcn23\leveljc0\leveljcn0\levelfollow0\levelstartat1\levelspace360\levelindent0{\leveltext
\leveltemplateid67698693\'01\u-3929 ?;}{\levelnumbers;}\f10\fbias0 \fi-360\li6120\jclisttab\tx6120\lin6120 }{\listname ;}\listid880243047}{\list\listtemplateid-1008274796\listhybrid{\listlevel\levelnfc23\levelnfcn23\leveljc0\leveljcn0\levelfollow0
\levelstartat1\levelspace360\levelindent0{\leveltext\leveltemplateid67698689\'01\u-3913 ?;}{\levelnumbers;}\f3\fbias0 \fi-360\li720\jclisttab\tx720\lin720 }{\listlevel\levelnfc23\levelnfcn23\leveljc0\leveljcn0\levelfollow0\levelstartat1\levelspace360
\levelindent0{\leveltext\leveltemplateid67698691\'01o;}{\levelnumbers;}\f2\fbias0 \fi-360\li1440\jclisttab\tx1440\lin1440 }{\listlevel\levelnfc23\levelnfcn23\leveljc0\leveljcn0\levelfollow0\levelstartat1\levelspace360\levelindent0{\leveltext
\leveltemplateid67698693\'01\u-3929 ?;}{\levelnumbers;}\f10\fbias0 \fi-360\li2160\jclisttab\tx2160\lin2160 }{\listlevel\levelnfc23\levelnfcn23\leveljc0\leveljcn0\levelfollow0\levelstartat1\levelspace360\levelindent0{\leveltext\leveltemplateid67698689
\'01\u-3913 ?;}{\levelnumbers;}\f3\fbias0 \fi-360\li2880\jclisttab\tx2880\lin2880 }{\listlevel\levelnfc23\levelnfcn23\leveljc0\leveljcn0\levelfollow0\levelstartat1\levelspace360\levelindent0{\leveltext\leveltemplateid67698691\'01o;}{\levelnumbers;}
\f2\fbias0 \fi-360\li3600\jclisttab\tx3600\lin3600 }{\listlevel\levelnfc23\levelnfcn23\leveljc0\leveljcn0\levelfollow0\levelstartat1\levelspace360\levelindent0{\leveltext\leveltemplateid67698693\'01\u-3929 ?;}{\levelnumbers;}\f10\fbias0 \fi-360\li4320
\jclisttab\tx4320\lin4320 }{\listlevel\levelnfc23\levelnfcn23\leveljc0\leveljcn0\levelfollow0\levelstartat1\levelspace360\levelindent0{\leveltext\leveltemplateid67698689\'01\u-3913 ?;}{\levelnumbers;}\f3\fbias0 \fi-360\li5040\jclisttab\tx5040\lin5040 }
{\listlevel\levelnfc23\levelnfcn23\leveljc0\leveljcn0\levelfollow0\levelstartat1\levelspace360\levelindent0{\leveltext\leveltemplateid67698691\'01o;}{\levelnumbers;}\f2\fbias0 \fi-360\li5760\jclisttab\tx5760\lin5760 }{\listlevel\levelnfc23\levelnfcn23
\leveljc0\leveljcn0\levelfollow0\levelstartat1\levelspace360\levelindent0{\leveltext\leveltemplateid67698693\'01\u-3929 ?;}{\levelnumbers;}\f10\fbias0 \fi-360\li6480\jclisttab\tx6480\lin6480 }{\listname ;}\listid1465586477}{\list\listtemplateid947286050
\listhybrid{\listlevel\levelnfc23\levelnfcn23\leveljc0\leveljcn0\levelfollow0\levelstartat1\levelspace360\levelindent0{\leveltext\leveltemplateid67698689\'01\u-3913 ?;}{\levelnumbers;}\f3\fbias0 \fi-360\li720\jclisttab\tx720\lin720 }{\listlevel\levelnfc23
\levelnfcn23\leveljc0\leveljcn0\levelfollow0\levelstartat1\levelspace360\levelindent0{\leveltext\leveltemplateid67698691\'01o;}{\levelnumbers;}\f2\fbias0 \fi-360\li1440\jclisttab\tx1440\lin1440 }{\listlevel\levelnfc23\levelnfcn23\leveljc0\leveljcn0
\levelfollow0\levelstartat1\levelspace360\levelindent0{\leveltext\leveltemplateid67698693\'01\u-3929 ?;}{\levelnumbers;}\f10\fbias0 \fi-360\li2160\jclisttab\tx2160\lin2160 }{\listlevel\levelnfc23\levelnfcn23\leveljc0\leveljcn0\levelfollow0\levelstartat1
\levelspace360\levelindent0{\leveltext\leveltemplateid67698689\'01\u-3913 ?;}{\levelnumbers;}\f3\fbias0 \fi-360\li2880\jclisttab\tx2880\lin2880 }{\listlevel\levelnfc23\levelnfcn23\leveljc0\leveljcn0\levelfollow0\levelstartat1\levelspace360\levelindent0
{\leveltext\leveltemplateid67698691\'01o;}{\levelnumbers;}\f2\fbias0 \fi-360\li3600\jclisttab\tx3600\lin3600 }{\listlevel\levelnfc23\levelnfcn23\leveljc0\leveljcn0\levelfollow0\levelstartat1\levelspace360\levelindent0{\leveltext\leveltemplateid67698693
\'01\u-3929 ?;}{\levelnumbers;}\f10\fbias0 \fi-360\li4320\jclisttab\tx4320\lin4320 }{\listlevel\levelnfc23\levelnfcn23\leveljc0\leveljcn0\levelfollow0\levelstartat1\levelspace360\levelindent0{\leveltext\leveltemplateid67698689\'01\u-3913 ?;}{\levelnumbers
;}\f3\fbias0 \fi-360\li5040\jclisttab\tx5040\lin5040 }{\listlevel\levelnfc23\levelnfcn23\leveljc0\leveljcn0\levelfollow0\levelstartat1\levelspace360\levelindent0{\leveltext\leveltemplateid67698691\'01o;}{\levelnumbers;}\f2\fbias0 \fi-360\li5760
\jclisttab\tx5760\lin5760 }{\listlevel\levelnfc23\levelnfcn23\leveljc0\leveljcn0\levelfollow0\levelstartat1\levelspace360\levelindent0{\leveltext\leveltemplateid67698693\'01\u-3929 ?;}{\levelnumbers;}\f10\fbias0 \fi-360\li6480\jclisttab\tx6480\lin6480 }
{\listname ;}\listid1580366386}{\list\listtemplateid1827015650\listhybrid{\listlevel\levelnfc23\levelnfcn23\leveljc0\leveljcn0\levelfollow0\levelstartat0\levelspace0\levelindent0{\leveltext\leveltemplateid271755052\'01-;}{\levelnumbers;}
\loch\af1\hich\af1\dbch\af0\fbias0 \fi-360\li360\jclisttab\tx360\lin360 }{\listlevel\levelnfc23\levelnfcn23\leveljc0\leveljcn0\levelfollow0\levelstartat1\levelspace0\levelindent0{\leveltext\leveltemplateid67698691\'01o;}{\levelnumbers;}\f2\fbias0 
\fi-360\li1440\jclisttab\tx1440\lin1440 }{\listlevel\levelnfc23\levelnfcn23\leveljc0\leveljcn0\levelfollow0\levelstartat1\levelspace0\levelindent0{\leveltext\leveltemplateid67698693\'01\u-3929 ?;}{\levelnumbers;}\f10\fbias0 \fi-360\li2160
\jclisttab\tx2160\lin2160 }{\listlevel\levelnfc23\levelnfcn23\leveljc0\leveljcn0\levelfollow0\levelstartat1\levelspace0\levelindent0{\leveltext\leveltemplateid67698689\'01\u-3913 ?;}{\levelnumbers;}\f3\fbias0 \fi-360\li2880\jclisttab\tx2880\lin2880 }
{\listlevel\levelnfc23\levelnfcn23\leveljc0\leveljcn0\levelfollow0\levelstartat1\levelspace0\levelindent0{\leveltext\leveltemplateid67698691\'01o;}{\levelnumbers;}\f2\fbias0 \fi-360\li3600\jclisttab\tx3600\lin3600 }{\listlevel\levelnfc23\levelnfcn23
\leveljc0\leveljcn0\levelfollow0\levelstartat1\levelspace0\levelindent0{\leveltext\leveltemplateid67698693\'01\u-3929 ?;}{\levelnumbers;}\f10\fbias0 \fi-360\li4320\jclisttab\tx4320\lin4320 }{\listlevel\levelnfc23\levelnfcn23\leveljc0\leveljcn0
\levelfollow0\levelstartat1\levelspace0\levelindent0{\leveltext\leveltemplateid67698689\'01\u-3913 ?;}{\levelnumbers;}\f3\fbias0 \fi-360\li5040\jclisttab\tx5040\lin5040 }{\listlevel\levelnfc23\levelnfcn23\leveljc0\leveljcn0\levelfollow0\levelstartat1
\levelspace0\levelindent0{\leveltext\leveltemplateid67698691\'01o;}{\levelnumbers;}\f2\fbias0 \fi-360\li5760\jclisttab\tx5760\lin5760 }{\listlevel\levelnfc23\levelnfcn23\leveljc0\leveljcn0\levelfollow0\levelstartat1\levelspace0\levelindent0{\leveltext
\leveltemplateid67698693\'01\u-3929 ?;}{\levelnumbers;}\f10\fbias0 \fi-360\li6480\jclisttab\tx6480\lin6480 }{\listname ;}\listid1668508640}{\list\listtemplateid-1061778270\listhybrid{\listlevel\levelnfc23\levelnfcn23\leveljc0\leveljcn0\levelfollow0
\levelstartat1\levelspace360\levelindent0{\leveltext\leveltemplateid67698689\'01\u-3913 ?;}{\levelnumbers;}\f3\fbias0 \fi-360\li720\jclisttab\tx720\lin720 }{\listlevel\levelnfc23\levelnfcn23\leveljc0\leveljcn0\levelfollow0\levelstartat1\levelspace360
\levelindent0{\leveltext\leveltemplateid67698691\'01o;}{\levelnumbers;}\f2\fbias0 \fi-360\li1440\jclisttab\tx1440\lin1440 }{\listlevel\levelnfc23\levelnfcn23\leveljc0\leveljcn0\levelfollow0\levelstartat1\levelspace360\levelindent0{\leveltext
\leveltemplateid67698693\'01\u-3929 ?;}{\levelnumbers;}\f10\fbias0 \fi-360\li2160\jclisttab\tx2160\lin2160 }{\listlevel\levelnfc23\levelnfcn23\leveljc0\leveljcn0\levelfollow0\levelstartat1\levelspace360\levelindent0{\leveltext\leveltemplateid67698689
\'01\u-3913 ?;}{\levelnumbers;}\f3\fbias0 \fi-360\li2880\jclisttab\tx2880\lin2880 }{\listlevel\levelnfc23\levelnfcn23\leveljc0\leveljcn0\levelfollow0\levelstartat1\levelspace360\levelindent0{\leveltext\leveltemplateid67698691\'01o;}{\levelnumbers;}
\f2\fbias0 \fi-360\li3600\jclisttab\tx3600\lin3600 }{\listlevel\levelnfc23\levelnfcn23\leveljc0\leveljcn0\levelfollow0\levelstartat1\levelspace360\levelindent0{\leveltext\leveltemplateid67698693\'01\u-3929 ?;}{\levelnumbers;}\f10\fbias0 \fi-360\li4320
\jclisttab\tx4320\lin4320 }{\listlevel\levelnfc23\levelnfcn23\leveljc0\leveljcn0\levelfollow0\levelstartat1\levelspace360\levelindent0{\leveltext\leveltemplateid67698689\'01\u-3913 ?;}{\levelnumbers;}\f3\fbias0 \fi-360\li5040\jclisttab\tx5040\lin5040 }
{\listlevel\levelnfc23\levelnfcn23\leveljc0\leveljcn0\levelfollow0\levelstartat1\levelspace360\levelindent0{\leveltext\leveltemplateid67698691\'01o;}{\levelnumbers;}\f2\fbias0 \fi-360\li5760\jclisttab\tx5760\lin5760 }{\listlevel\levelnfc23\levelnfcn23
\leveljc0\leveljcn0\levelfollow0\levelstartat1\levelspace360\levelindent0{\leveltext\leveltemplateid67698693\'01\u-3929 ?;}{\levelnumbers;}\f10\fbias0 \fi-360\li6480\jclisttab\tx6480\lin6480 }{\listname ;}\listid1871146710}}{\*\listoverridetable
{\listoverride\listid1871146710\listoverridecount0\ls1}{\listoverride\listid1668508640\listoverridecount0\ls2}{\listoverride\listid1465586477\listoverridecount0\ls3}{\listoverride\listid880243047\listoverridecount0\ls4}{\listoverride\listid19015464
\listoverridecount0\ls5}{\listoverride\listid1580366386\listoverridecount0\ls6}}{\*\rsidtbl \rsid4010164\rsid12850387}{\*\generator Microsoft Word 10.0.4219;}{\info{\author Ganesan Venkataraman (gvenkata)}{\operator Ganesan Venkataraman (gvenkata)}
{\creatim\yr2003\mo5\dy31\hr17\min4}{\revtim\yr2003\mo12\dy20\hr19\min29}{\version10}{\edmins20}{\nofpages1}{\nofwords76}{\nofchars436}{\*\company Cisco Systems, Inc.}{\nofcharsws511}{\vern16469}}
\widowctrl\ftnbj\aenddoc\noxlattoyen\expshrtn\noultrlspc\dntblnsbdb\nospaceforul\hyphcaps0\horzdoc\dghspace120\dgvspace120\dghorigin1701\dgvorigin1984\dghshow0\dgvshow3\jcompress\viewkind4\viewscale100\nolnhtadjtbl\rsidroot12850387 \fet0\sectd 
\linex0\sectdefaultcl\sftnbj {\*\pnseclvl1\pnucrm\pnstart1\pnindent720\pnhang {\pntxta .}}{\*\pnseclvl2\pnucltr\pnstart1\pnindent720\pnhang {\pntxta .}}{\*\pnseclvl3\pndec\pnstart1\pnindent720\pnhang {\pntxta .}}{\*\pnseclvl4
\pnlcltr\pnstart1\pnindent720\pnhang {\pntxta )}}{\*\pnseclvl5\pndec\pnstart1\pnindent720\pnhang {\pntxtb (}{\pntxta )}}{\*\pnseclvl6\pnlcltr\pnstart1\pnindent720\pnhang {\pntxtb (}{\pntxta )}}{\*\pnseclvl7\pnlcrm\pnstart1\pnindent720\pnhang {\pntxtb (}
{\pntxta )}}{\*\pnseclvl8\pnlcltr\pnstart1\pnindent720\pnhang {\pntxtb (}{\pntxta )}}{\*\pnseclvl9\pnlcrm\pnstart1\pnindent720\pnhang {\pntxtb (}{\pntxta )}}\pard\plain \ql \li0\ri0\nowidctlpar\faauto\rin0\lin0\itap0 
\fs24\lang1033\langfe1033\loch\af0\hich\af0\dbch\af11\cgrid\langnp1033\langfenp1033 {\b\f1\fs20\insrsid12850387 \hich\af1\dbch\af11\loch\f1 You have now completed the Audio Tuning Wizard}{\f1\fs18\insrsid12850387 
\par 
\par \hich\af1\dbch\af11\loch\f1 Run this Wizard again if:
\par {\listtext\pard\plain\f3\fs18\lang1033\langfe1033\langfenp1033\insrsid12850387\charrsid12850387 \loch\af3\dbch\af11\hich\f3 \'b7\tab}}\pard \ql \fi-360\li720\ri0\nowidctlpar\jclisttab\tx720\faauto\ls6\rin0\lin720\itap0\pararsid4010164 {
\f1\fs18\insrsid12850387\charrsid12850387 \hich\af1\dbch\af11\loch\f1 You connect a new device
\par {\listtext\pard\plain\f3\fs18\lang1033\langfe1033\langfenp1033\insrsid12850387\charrsid12850387 \loch\af3\dbch\af11\hich\f3 \'b7\tab}\hich\af1\dbch\af11\loch\f1 Experience audio quality issues with your audio devices
\par {\listtext\pard\plain\f3\fs18\lang1033\langfe1033\langfenp1033\insrsid12850387\charrsid12850387 \loch\af3\dbch\af11\hich\f3 \'b7\tab}\hich\af1\dbch\af11\loch\f1 Change your audio settings in another program such as the Sounds and Multimedia Control Panel}
{\f1\fs18\insrsid12850387 
\par }\pard \ql \li0\ri0\nowidctlpar\faauto\rin0\lin0\itap0\pararsid12850387 {\f1\fs18\insrsid12850387\charrsid12850387 
\par }\pard \ql \li0\ri0\nowidctlpar\faauto\rin0\lin0\itap0 {\f1\fs18\insrsid12850387 \hich\af1\dbch\af11\loch\f1 
This Wizard may reappear automatically when you launch Cisco IP Communicator if you have changed any of your audio settings outside the Wizard. You should choose\hich\af1\dbch\af11\loch\f1  }{\b\f1\fs18\insrsid12850387 \hich\af1\dbch\af11\loch\f1 Revert}{
\f1\fs18\insrsid12850387 \hich\af1\dbch\af11\loch\f1  unless you wish to make changes to your audio settings.
\par 
\par \hich\af1\dbch\af11\loch\f1 To close this wizard, click Finish.
\par }}"/>

</TuningWizardStrings>