﻿<?xml version="1.0"?>

<ErrorReportStrings>
	
	<label ok			="OK"/>
	<label exit			="Exit"/>
	<label cancel			="Cancel"/>
	<label errorHeading		="Error"/>
	<label stackTrace		="Stack Trace"/>
	<label viewStackTrace		="View Stack Trace"/>

	<label name			="Name"/>
	<label extension		="Cisco IP Communicator extension"/>
	<label problemTime		="Time when problem occured"/>
	<label problemDetails		="Problem Details"/>
	<label specifyAllFields		="Please specify all fields"/>

	<label ERT_usageString			="USAGE&#13;=======&#13;AutoUpdate parameterName1=&lt;parameterValue1&gt; parameterName2=&lt;parameterValue2&gt; ...&#13;&#13;PARAMETERS:&#13;Must specify httpServer/tftpServer, installFolder, manifestFile&#13;Optional Parameters are mode, waitWindow and postUpdateScript&#13;Parameters are both order and case insensitive&#13;&#13;E.g.&#13;AutoUpdate httpServer=http://www.webserver.com/Communicator installFolder=&quot;D:\Program Files\ACME Systems\ACME Studio&quot; mode=install waitWindow=&quot;ACME Studio&quot; postUpdateScript=Notepad.exe"/>
	<label ERT_errorTitle			="Error Report Tool - Error"/>
	<label ERT_endMessage			="Error Report Tool has gathered the necessary information&#13;The location is shown below&#13;You should delete this file when this information is no longer necessary"/>
	<label ERT_gatheringSystemInfo		="Gathering system information..."/>
	<label ERT_gatheringAppConfig		="Gathering application configuration..."/>
	<label ERT_gatheringAppLogs		="Gathering application logs..."/>
	<label ERT_gatheringInstallLogs		="Gathering installation logs..."/>
	<label ERT_gatheringAutoUpdateLogs	="Gathering AutoUpdate logs..."/>
	<label ERT_gatheringCrashDumpLogs	="Gathering crash dump logs..."/>
	<label ERT_logsGathered			="Information gathering complete"/>
	<label ERT_enterProblemDescription	="Enter problem description below"/>
	<label ERT_windowTitle			="Cisco IP Communicator Error Report"/>
	<label ERT_unableToZip			="Unable to zip the necessary files"/>
	<label ERT_unableToChangeDirectory	="Unable to change directory to the following folder"/>
	<label ERT_unableToCopyFiles		="Unable to copy the following files"/>
	<label ERT_SoftPhoneSENotFound		="Could not locate Cisco IP Communicator installation&#13;Please make sure it is properly installed"/>
	<label ERT_RemoveConfig			="Remove existing configuration?"/>
	<label ERT_RemoveLogs			="Remove existing logs?"/>
	<label ERT_RemoveAction			="Removing..."/>
	<label ERT_DeleteAction			="Deleting..."/>

</ErrorReportStrings>