﻿<?xml version="1.0"?>
<CommunicatorStrings>
	<label rtlFlag="0"/>
	<label ok="OK"/>
	<label cancel="Cancel"/>
	<label apply="Apply"/>
	<label applyToAll="Apply to all"/>
	<label verify="Verify"/>
	<label yes="Yes"/>
	<label no="No"/>
	<label yesToAll="Yes to all"/>
	<label noToAll="No to all"/>
	<label abort="Abort"/>
	<label retry="Retry"/>
	<label error="Error"/>
	<label edit="Edit"/>
	<label exit="Exit"/>
	<label close="Close"/>
	<label move="Move"/>
	<label view="View"/>
	<label update="Update"/>
	<label help="Help"/>
	<label about="About Cisco IP Communicator"/>
	<label proceed="Proceed"/>
	<label next="Next"/>
	<label back="Back"/>
	<label show="Show Cisco IP Communicator"/>
	<label hide="Hide Cisco IP Communicator"/>
	<label AGNT_checkAutoUpdate="Checking for new updates"/>
	<label finish="Finish"/>
	<label accept="Accept"/>
	<label acceptAll="Accept all"/>
	<label reject="Reject"/>
	<label rejectAll="Reject all"/>
	<label none="None"/>
	<label network="Network"/>
	<label user="User"/>
	<label java="Java"/>
	<label audio="Audio"/>
	<label advAudio="Advanced Audio"/>
	<label directories="Directories "/>
	<label ldapSettings="LDAP Directory Settings"/>
	<label ldapUserName="Username:"/>
	<label ldapPassword="Password:"/>
	<label wave="Wave"/>
	<label kernelStreaming="Kernel Streaming"/>
	<label itu="ITU"/>
	<label ciscoIPPhone="Cisco IP Phone"/>
	<label speakerphone="Speakerphone"/>
	<label headset="Headset"/>
	<label handset="Handset"/>
	<label ringer="Ringer"/>
	<label hid="Human Interface Device (HID)"/>
	<label status="Status"/>
	<label title="Cisco IP Communicator"/>
	<label autoUpdate="AutoUpdate"/>
	<label skins="Skins"/>
	<label screenOnly="Screen Only"/>
	<label alwaysOnTop="Always On Top"/>
	<label startPhone="Start Phone"/>
	<label stopPhone="Stop Phone"/>
	<label atwMenu="Audio Tuning Wizard"/>
	<label quickSearchMenu="Quick Search..."/>
	<label ciscoUserOptions="Cisco Unified CM User Options"/>
	<label preferences="Preferences..."/>
	<label userGuide="User Guide"/>
	<label DLG_Settings="Preferences"/>
	<label default="Default"/>
	<label file="File"/>
	<label module="Module"/>
	<label archive="Archive"/>
	<label progress="Progress"/>
	<label updateType="Update Type"/>
	<label recommended="Recommended"/>
	<label required="Required"/>
	<label statStarting="Starting %s"/>
	<label statInstalling="Installing %s"/>
	<label statInitializing="Initializing %s"/>
	<label statReading="Reading %s"/>
	<label statConnectTFTP="Connecting to TFTP Server"/>
	<label cdpDriver="CDP"/>
	<label questionMark="?"/>
	<label mtDriver="Audio"/>
	<label localSettings="Local Settings"/>
	<label networkSettings="Network Settings"/>
	<label hibernateWarning="If your computer hibernates now, Cisco IP Communicator will disconnect your current call. Do you wish to stop your computer from going into hibernation?"/>
	<label closeWarning="If you exit now, Cisco IP Communicator will disconnect your current call. Do you wish to exit?"/>
	<label configWarning="If you change your preferences now, Cisco IP Communicator will disconnect your current call. Do you wish to continue?"/>
	<label configError="An audio device was removed during an active call. This will cause the active call to be disconnected."/>
	<label undockWarning="If your computer is being undocked now, Cisco IP Communicator will disconnect your current call. Do you wish to stop your computer from being undocked?"/>
	<label endSessionWarning="If you end your Windows session now, Cisco IP Communicator will disconnect your current call. Do you wish to end your session?"/>
	<label INF_infoCaption="Cisco IP Communicator - Information"/>
	<label INF_TFTPRestart="Cisco IP Communicator could not be restarted.  Please relaunch the application manually."/>
	<label needReboot="Cisco IP Communicator has installed new software that requires you to restart your computer to finish installation"/>
	<label fetchingDirectories="Fetching LDAP directory information"/>
	<label fetchingDialingRules="Fetching dialing rules"/>
	<label restartForLocaleChange="You need to restart Communicator for language changes to take effect"/>
	<label copyright="Copyright © 2004-2011 Cisco Systems, Inc. All Rights Reserved."/>
	<label copyrightSplash="© 2011 Cisco Systems, Inc. All Rights Reserved. Encryption Import, Use, and Supply Advisory Information is available in the Help menu under 'About Cisco IP Communicator.' "/>
	<label versionSplash="Version "/>
	<label versionCdp="CDP Driver Version:"/>
	<label versionCpmt="Voice Engine Version:"/>
	<label Notices="Cisco Notices and Disclaimers:"/>
	<label NoticesText="***IMPORTANT EMERGENCY CALLS NOTICE - PLEASE READ***&#13;&#10;&#13;&#10;During an emergency, softphone technology may not provide the most timely or accurate location data if used for an emergency call (example: 911, 999, 112). Calls may be misdirected to the wrong emergency response center or the emergency response center may make errors when determining your location. USE A SOFTPHONE ONLY AT YOUR OWN RISK DURING AN EMERGENCY. Cisco will not be liable for resulting errors or delays.&#13;&#10;&#13;&#10;&#13;&#10;***NOTICE OF STRONG ENCRYPTION CONTENT***&#13;&#10;&#13;&#10;This product contains cryptographic features and is subject to United States and local country laws governing import, export, transfer and use. Delivery of Cisco cryptographic products does not imply third-party authority to import, export, distribute or use encryption. Importers, exporters, distributors and users are responsible for compliance with U.S. and local country laws. By using this product you agree to comply with applicable laws and regulations. If you are unable to comply with U.S. and local laws, return this product immediately.&#13;&#10;&#13;&#10;&#13;&#10;A summary of U.S. laws governing Cisco cryptographic products may be found at:&#13;&#10;&#13;&#10;http://www.cisco.com/wwl/export/crypto/tool/stqrg.html&#13;&#10;&#13;&#10;If you require further assistance please contact us by sending email to export@cisco.com.&#13;&#10;&#13;&#10;&#13;&#10;***PRT NOTICE***&#13;&#10;&#13;&#10;The Problem Reporting Tool (PRT) will harvest logs from your PC that may include contact information, instant message content, phone numbers and other information that could be used to personally identify you or others. This information is required as part of the diagnostic process to determine the cause of the technical issue reported by you. The logs may be transferred across borders and stored temporarily as part of the diagnostic process. By using the PRT, you consent to provide the logs to Cisco in order to enable Cisco to troubleshoot any technical problems with Cisco IP Communicator. "/>
		
	<label ERR_alreadyRunning="Cisco IP Communicator is already running"/>
	<label ERR_exception="Exception"/>
	<label ERR_exceptionCaption="Communicator - Exception Error"/>
	<label ERR_notDib="There is a problem with the current skin: bitmap file is not a DIB format"/>
	<label ERR_notOS2Supported="There is a problem with the current skin: OS2 Bitmap format is not supported"/>
	<label ERR_invalidSkin="The current skin file is invalid"/>
	<label ERR_invalidButton="The current skin file has an invalid button"/>
	<label ERR_noStreamDev="There are no compatible sound devices installed on this computer. Please click 'OK' to exit."/>
	<label ERR_noRingDev="There are no compatible sound devices installed on this computer. Please click 'OK' to exit."/>
	<label ERR_noNetworkDev="There are no compatible network interfaces on this machine. Please install a network interface."/>
	<label ERR_noJVM="The JVM Path is not configured. The JVM cannot be executed in DEBUG mode."/>
	<label ERR_invokeJVM="Unable to invoke JVM - JNI_CreateJavaVM()"/>
	<label ERR_noVenderInfo="No vendor information inside of config file"/>
	<label ERR_mismatchMAC="The network interface you chose to register with Cisco CallManager is missing or disabled. Select 'OK' if you removed this interface intentionally and choose a new interface, or 'Cancel' to exit."/>
	<label ERR_mismatchVPN="The network interface you chose for audio does not have a valid IP address. Select 'OK' to choose different interface, or 'Cancel' to exit."/>
	<label ERR_noNetAdapterCC="Please select a network interface to register with Cisco CallManager. A default has been chosen for you."/>
	<label ERR_deviceNameLength="Invalid Device Name.  The Device Name must be 15 characters or less and must contain the characters [a-z A-Z 0-9._-]" />
	<label ERR_noNetAdapterVPN="Please select a network interface for audio."/>
	<label ERR_noTFTPServer="Unable to reach TFTP server."/>
	<label ERR_cannotReadSettings="Unable to read settings"/>
	<label ERR_networkAdaptorAbsent="Could not find network adapter needed for registration"/>
	<label ERR_badHostNameSpecified="Bad hostname specified in preferences"/>
	<label ERR_badNetworkInterfaceSpecified="Bad network interface specified in preferences"/>
	<label ERR_cannotInitializeGraphics="Could not initialize display"/>
	<label ERR_cannotInitializeMedia="Could not initialize media"/>
	<label ERR_cannotStartCdp="Unable to initialize support for Cisco Emergency Responder service. Please consult your system administrator"/>
	<label ERR_cannotInitializeKeyboard="Unable to initialize keyboard mappings"/>
	<label ERR_cannotInitializeGUI="Unable to initialize graphical user interface"/>
	<label ERR_cannotAutoUpdate="Could not check for updates"/>
	<label ERR_invalidDeviceLoad="Invalid device load"/>
	<label ERR_wrongAutoUpdatePath="The following AutoUpdate path is not supported:"/>
	<label ERR_invalidPortRange="Port range specified is invalid. It can only be within numbers 1 through 65536. Please correct it and click 'OK'."/>
	<label ERR_cannotLaunchCVTA="Could not Launch Cisco Unified Video Advantage."/>
	<label ERR_cvtaNotFound="Cisco Unified Video Advantage version 2.0(1) or greater is required."/>
	<label ERR_checkDevicePreferences="Please make sure the audio device preferences are correct using the Audio Tuning Wizard or from Preferences menu."/>	
	<label ERR_invalidTFTPServer="TFTP server address contains an empty field."/>
	<label ERR_invalidAudioIP="Audio IP address contains an empty field."/>

	<label DLG_ND_Label="Enter name or number to dial"/>
	<label DLG_ND_MessageNone="No matches found"/>
	<label DLG_ND_MessageOne="One match found"/>
	<label DLG_ND_Message25="Multiple matches were found. Below is a list of those matching results."/>
	<label DLG_ND_Message25p="Several matches were found. Below is a list of the first %d results. Refine your search to show more relevant matches."/>
	<label DLG_ND_MultipleMatches="Multiple search results"/>
	<label DLG_ND_TooManyMatches="Too many search results"/>
	<label DLG_ND_RefineSearch="Showing first %d items. Consider refining your search"/>
	<label DLG_ND_QuickSearch="Quick Search"/>
	<label DLG_ND_QuickDial="Quick Dial"/>
	<label DLG_ND_Search="Search"/>
	<label DLG_ND_Dial="Select"/>
	<label DLG_ND_First="First"/>
	<label DLG_ND_Last ="Last"/>
	<label DLG_ND_EMail="Email"/>
	<label DLG_ND_Number="Number"/>
	<label DLG_ND_Mobile="Mobile"/>
	<label DLG_ND_ThereWereErrors="There were errors"/>
	<label DLG_ND_Label="Search for ..."/>
	<label ERR_ND_NoSearchBase="LDAP search base not specified"/>
	<label ERR_ND_NoUserName="LDAP authentication error: username not specified"/> 
	<label ERR_ND_ConnectFailed="Could not open LDAP connection to server"/>
	<label ERR_ND_AuthFailed="Login failed. Check username/password"/>
	<label ERR_ND_FileError="File error while writing LDAP results"/>
	<label ERR_ND_NoSelection="You have not made a selection"/>
	<label ERR_ND_NoPhoneNumbers="There are no phone numbers in the selected entry"/>

	<label DLG_ChoosePhoneNumber="Choose A Phone Number"/>
	<label DLG_CPN_Message="Multiple phone numbers were found.  Please select the phone number to dial."/>

	<label DLG_NW_TFTPServerGroup="TFTP Servers"/>
	<label DLG_NW_ConnConfig="CallManager Settings"/>
	<label DLG_NW_AutoTftp="Use the default TFTP servers"/>
	<label DLG_NW_CustomTftp="Use these TFTP servers:"/>
	<label DLG_NW_TFTP1="TFTP Server 1:"/>
	<label DLG_NW_TFTP2="TFTP Server 2:"/>
	<label DLG_NW_DeviceNameGroup="Device Name"/>
	<label DLG_NW_DeviceName="Device Name:"/>
	<label DLG_NW_NetAdapter="Network Adapter:"/>
	<label DLG_NW_RadioNetAdapter="Use Network Adapter to generate Device Name"/>
	<label DLG_NW_RadioUseDeviceName="Use this Device Name"/>
	<label DLG_NW_StaticUseThisDeviceName="Use this Device Name:"/>

	<label DLG_Audio_Use729="Optimize for low bandwidth"/>
	<label DLG_Audio_UseDefaultDevices="Use Windows default devices"/>
	<label DLG_Audio_Advanced="Advanced..."/>
	<label DLG_Audio_Network="Network..."/>
	<label DLG_Audio_Selections="Devices for Audio Modes"/>
	<label DLG_Ringer_Selection="Device for Ringer"/>

	<label DLG_AdvancedAudioSettings="Advanced Audio Settings"/>
	<label DLG_AudioAdv_Sidetone="Sidetone Volume"/>
	<label DLG_AudioAdv_EnableSidetone="Enable Sidetone"/>
	<label DLG_AudioAdv_Slider="-                        0                       +"/>
	<label DLG_AudioAdv_Microphone="Microphone Volume Boost"/>
	<label DLG_AudioAdv_Filters="Filters"/>
	<label DLG_AudioAdv_Mode="Mode:"/>
	<label DLG_AudioAdv_PlayFilter="Listening:"/>
	<label DLG_AudioAdv_RecordFilter="Speaking:"/>
	<label DLG_AudioAdv_LimitVolume="Limit Volume"/>
	<label DLG_AudioAdv_AudioLatency="Audio Quality and Performance"/>
	<label DLG_AudioAdv_AudioLatencyLow="Best (Low Delay)"/>
	<label DLG_AudioAdv_AudioLatencyMedium="Very Good (Medium Delay)"/>
	<label DLG_AudioAdv_AudioLatencyHigh="Good (High Delay)"/>
	<label DLG_AudioAdv_SilenceSuppression="Silence Suppression"/>
	<label DLG_AudioAdv_SsDisabled="Disabled (Not recommended)"/>
	<label DLG_AudioAdv_NoiseSuppression="Noise Suppression"/>
	<label DLG_AudioAdv_Aggressiveness="Levels of Aggressiveness"/>
	<label DLG_AudioAdv_AggressivenessLeast="Least"/>
	<label DLG_AudioAdv_AggressivenessMedium="Medium"/>
	<label DLG_AudioAdv_AggressivenessMost="Most"/>
	<label DLG_AudioAdv_AggressivenessLow="Low"/>
	<label DLG_AudioAdv_AggressivenessModerate="Moderate"/>
	<label DLG_AudioAdv_AggressivenessHigh="High"/>
	<label DLG_AudioAdv_AggressivenessVeryHigh="Very High"/>

	<label DLG_AudioAdv_AGC="Automatic Gain Control"/>
	<label DLG_AudioAdv_EC="Echo Cancellation"/>
	<label DLG_AudioAdv_Enabled="Enabled"/>
	<label DLG_AudioAdv_Disabled="Disabled"/>
	<label DLG_AudioAdv_Auto="Automatic"/>
	<label DLG_AudioAdv_Analog="Analog"/>
	<label DLG_AudioAdv_Digital="Digital"/>
	<label DLG_AudioAdv_Both="Both"/>
	<label DLG_AudioAdv_Cancellation="Cancellation"/>
	<label DLG_AudioAdv_Suppression="Suppression"/>
	<label DLG_AudioAdv_UseInput="Use Input Value"/>

	<label DLG_NWA="Network Audio Settings"/>
	<label DLG_NWA_AudioIP="Audio IP Address"/>
	<label DLG_NWA_AutoDetectIP="Detect automatically"/>
	<label DLG_NWA_SelectInterface="Use this adapter's address:"/>
	<label DLG_NWA_UseThisIP="Use this address:"/>
	<label DLG_NWA_PortRange="Audio Port Range"/>
	<label DLG_NWA_AutoSelectPort="Use the default port range"/>
	<label DLG_NWA_SpecifyPort="Use this port range:"/>
	<label DLG_NWA_PortFrom="From:"/>
	<label DLG_NWA_PortTo="To:"/>

	<label DLG_USR_usrInfo="User Information"/>
	<label DLG_USR_usrID="Username:"/>
	<label DLG_USR_password="Password:"/>
	<label DLG_USR_usrInput="User Input"/>
	<label DLG_USR_usbHandset="USB Handset:"/>
	<label DLG_USR_trace="Troubleshooting"/>
	<label DLG_USR_traceEnable="Enable Logging"/>
	<label DLG_USR_CloseHidesApp="Close hides application"/>
	<label DLG_USR_BringToFront="Bring to front on active call"/>
	<label DLG_USR_DisableToast="Hide incoming call notification"/>
	<label DLG_USR_EnableAnswerHotkey="Enable answer hotkey"/>
	<label DLG_USR_UserOptionsGroup="Cisco Unified CM User Options Page Address"/>
	<label DLG_USR_AutoUserOptions="Use default (TFTP Server)"/>
	<label DLG_USR_SpecifyUserOptions="Use specific URL"/>

	<label SKINS_Main_MessageWaiting="Message Waiting"/>
	<label SKINS_ButtonSets_Close="Close"/>
	<label SKINS_ButtonSets_Minimize="Minimize"/>
	<label SKINS_ButtonSets_Mode="Mode"/>
	<label SKINS_ButtonSets_Menu="Menu"/>
	<label SKINS_lines_Line1="Line 1"/>
	<label SKINS_lines_Line2="Line 2"/>
	<label SKINS_lines_Line3="Line 3"/>
	<label SKINS_lines_Line4="Line 4"/>
	<label SKINS_lines_Line5="Line 5"/>
	<label SKINS_lines_Line6="Line 6"/>
	<label SKINS_lines_Line7="Line 7"/>
	<label SKINS_lines_Line8="Line 8"/>
	<label SKINS_keypad_One="One"/>
	<label SKINS_keypad_Two="Two"/>
	<label SKINS_keypad_Three="Three"/>
	<label SKINS_keypad_Four="Four"/>
	<label SKINS_keypad_Five="Five"/>
	<label SKINS_keypad_Six="Six"/>
	<label SKINS_keypad_Seven="Seven"/>
	<label SKINS_keypad_Eight="Eight"/>
	<label SKINS_keypad_Nine="Nine"/>
	<label SKINS_keypad_Star="Star"/>
	<label SKINS_keypad_Zero="Zero"/>
	<label SKINS_keypad_Pound="Pound"/>
	<label SKINS_softkeys_Softkey1="Softkey 1"/>
	<label SKINS_softkeys_Softkey2="Softkey 2"/>
	<label SKINS_softkeys_Softkey3="Softkey 3"/>
	<label SKINS_softkeys_Softkey4="Softkey 4"/>
	<label SKINS_softkeys_Softkey5="Softkey 5"/>
	<label SKINS_features_Messages="Messages"/>
	<label SKINS_features_Services="Services"/>
	<label SKINS_features_Settings="Settings"/>
	<label SKINS_features_Directories="Directories"/>
	<label SKINS_features_Information="Help"/>
	<label SKINS_controls_Headset="Headset"/>
	<label SKINS_controls_Mute="Mute"/>
	<label SKINS_controls_Speaker="Speaker"/>
	<label SKINS_controls_VolumeDown="Volume Down"/>
	<label SKINS_controls_VolumeUp="Volume Up"/>
	<label SKINS_navigation_Navigation="Navigation"/>
	<label SKINS_navigation_Up="Up"/>
	<label SKINS_navigation_Down="Down"/>
	<label SKINS_navigation_Left="Left"/>
	<label SKINS_navigation_Right="Right"/>

	<label DLG_AUDIO_LatencyOptimization="Latency Optimization"/>
	<label DLG_AUDIO_LowDelay="Low Delay"/>
	<label DLG_AUDIO_MediumDelay="Medium Delay"/>
	<label DLG_AUDIO_HighDelay="High Delay"/>
	<label DLG_AUDIO_VeryHighDelay="Very High Delay"/>
	<label DLG_AUDIO_LowestLatency="Lowest Latency"/>
	<label DLG_AUDIO_HighestLatency="Highest Latency"/>
	<label DLG_AUDIO_Default="Default Setting"/>
	<label DLG_AUDIO_Recommended="It is recommended to use the lowest settings first and continue to the next setting, if needed."/>
	<label DLG_AUDIO_Speaker="Speaker"/>	
	<label DLG_AUDIO_Mic="Microphone"/>
	<label DLG_AUDIO_SpeakerBuffer="Number of speaker buffer"/>
	<label DLG_AUDIO_MicBuffer="Number of microphone buffer"/>

	<label DLG_TRACE_Tracing="Tracing"/>
	<label DLG_TRACE_GUI="GUI"/>
	<label DLG_TRACE_CallControl="Call Control"/>
	<label DLG_TRACE_Media="Audio"/>
	<label DLG_TRACE_CDP="CDP"/>
	<label DLG_TRACE_ATW="Audio Tuning Wizard"/>
	<label DLG_TRACE_R2d="Enable phone display"/>
	<label DLG_TRACE_Levels="Trace Levels"/>
	<label DLG_TRACE_Errors="Errors"/>
	<label DLG_TRACE_Detailed="Detailed"/>
	<label DLG_TRACE_Low="Low"/>
	<label DLG_TRACE_Med="Medium"/>
	<label DLG_TRACE_High="High"/>
	<label DLG_TRACE_All="All"/>

	<label DLG_L10N_Language="Language"/>
	<label DLG_L10N_Locale="Locale"/>

	<label ChangeInterfaceWarningText="Changing your network interface may cause Cisco IP Communicator to stop working.  Please consult your system administrator before changing this parameter."/>
	<label ChangeInterfaceWarningCaption="Warning"/>

	<label ChangeProtocolWarningText="Call control protocol for this device is changed. Click 'OK' to restart Cisco IP Communicator."/>
	<label JPhoneStartupErrorText="Cisco IP Communicator failed to initialize phone application and will now exit. Do you want to restart Cisco IP Communicator?"/>
	<label AutoUpdateNeedUpdatesText="Updates available for Cisco IP Commnunicator. Application needs to be closed during update process. Do you want to continue with update?"/>

	<label CheckingLocaleUpdates="Checking for Locale changes..."/>

<!-- ETOUCH -->
	<label Paste="Paste"/>
	<label AnswerCall="Answer"/>
	<label IgnoreCall="Ignore"/>
	<label UnknownCaller="Unknown"/>
<!-- ETOUCH -->
	<SkinLocMap>
		<entry file="Default" name="Default Mode" />
		<entry file="Mercurio" name="Compact Mode" />
	</SkinLocMap>

</CommunicatorStrings>