﻿<?xml version="1.0"?>

<CommunicatorStrings>

	<label ok			="OK"/>
	<label cancel		="Annuler"/>
	<label apply		="Appliquer"/>
	<label verify		="Vérifier"/>
	<label yes			="Oui"/>
	<label no			="Non"/>
	<label yesToAll		="Oui à tous"/>
	<label noToAll		="Non à tous"/>
	<label abort		="Abandon"/>
	<label retry		="Réess."/>
	<label error		="Erreur"/>
	<label edit			="Modif."/>
	<label exit			="Quitter"/>
	<label close		="Fermer"/>
	<label view			="Afficher"/>
	<label update		="MàJ"/>
	<label help			="Aide"/>
	<label about		="À propos de"/>
	<label proceed		="Poursuivre"/>
	<label next			="Suivant"/>
	<label back			="Précédent"/>
	<label finish		="Terminer"/>
	<label accept		="Accepter"/>
	<label acceptAll	="Accepter tout"/>
	<label reject		="Rejeter"/>
	<label rejectAll	="Rejeter tout"/>
	<label status		="État"/>
	<label cannotProceed="Impossible de poursuivre"/>
	<label details		="Détails"/>
	<label viewDetails	="Afficher les détails"/>
	<label consultAdmin	="Consultez votre administrateur système"/>
	<label ensureNetwork="Vérifiez que vous êtes bien connecté au réseau"/>

	<label title		="Cisco IP Communicator"/>
	<label autoUpdate	="AutoUpdate"/>
	<label file			="Fichier"/>
	<label module		="Module"/>
	<label archive		="Archiver"/>
	<label downloading	="Téléchargement en cours..."/>
	<label installing	="Installation en cours..."/>
	<label extracting	="Extraction en cours..."/>
	<label progress		="Progression"/>
	<label updateType	="Type de mise à jour"/>
	<label recommended	="Recommandée"/>
	<label required		="Nécessaire"/>

	<label bitsLong			="bits"/>
	<label bitsShort		="b"/>
	<label bytesLong		="octets"/>
	<label bytesShort		="O"/>
	<label kiloLong			="Kilo"/>
	<label kiloShort		="K"/>
	<label kilobytesShort	="Ko"/>
	<label kilobytesLong	="Kilooctets"/>
	<label megaLong			="Méga"/>
	<label megaShort		="M"/>
	<label megabytesShort	="Mo"/>
	<label megabytesLong	="Mégaoctets"/>
	<label gigaLong			="Giga"/>
	<label gigaShort		="G"/>
	<label gigabytesShort	="Go"/>
	<label gigabytesLong	="Gigaoctets"/>
	<label teraLong			="Téra"/>
	<label teraShort		="T"/>
	<label terabytesShort	="To"/>
	<label terabytesLong	="Téraoctets"/>

	<label downloadSpeed	="Vitesse de téléchargement"/>
	<label timeRemaining	="Temps restant"/>

	<label secondShort		="s"/>
	<label secondLong		="seconde"/>
	<label secondsLong		="secondes"/>
	<label minuteShort		="min"/>
	<label minuteLong		="minute"/>
	<label minutesLong		="minutes"/>
	<label hourShort		="hr"/>
	<label hoursLong		="heure"/>
	<label hoursLong		="heures"/>

	<label unknown					="Inconnu"/>
	<label overallProgress			="Progression globale..."/>
	<label gettingManifest			="Téléchargement de la description de l'installation..."/>
	<label inspectingInstallation	="Vérification de l'installation en cours..."/>
	<label preparingToInstallFiles	="Préparation à l'installation des fichiers..."/>
	<label doingUpdates				="Téléchargement et installation des mises à jour..."/>
	<label confirmCancel			="Souhaitez-vous vraiment annuler ?"/>

	<label AU_usageString			="UTILISATION&#13;=======&#13;AutoUpdate parameterName1=&lt;parameterValue1&gt; parameterName2=&lt;parameterValue2&gt; ...&#13;&#13;PARAMÈTRES :&#13;Obligatoires : httpServer/tftpServer, installFolder, manifestFile&#13;Les paramètres facultatifs sont mode, waitWindow et postUpdateScript&#13;L'ordre et la casse des paramètres ne sont pas pris en compte&#13;&#13;Ex. :&#13;AutoUpdate httpServer=http://www.webserver.com/Communicator installFolder=&quot;D:\Program Files\ACME Systems\ACME Studio&quot; mode=install waitWindow=&quot;ACME Studio&quot; postUpdateScript=Notepad.exe"/>
	<label AU_errorTitle			="Erreur AutoUpdate"/>
	<label AU_errorHeading			="Une erreur s'est produite"/>
	<label AU_stackTrace			="Trace de la pile"/>
	<label AU_viewStackTrace		="Afficher la trace de la pile"/>
	<label AU_autoupdateComponentNotDefined	="Le fichier manifeste d'AutoUpdate contient une erreur - Composant d'AutoUpdate non défini"/>
	<label AU_closeWindowTitle		="Fermez toutes les fenêtres associées au titre suivant"/>
	<label AU_endProcesses			="Mettez fin aux processus suivants avant de continuer"/>

	<label AU_repairs					="Réparations"/>
	<label AU_repairsList				="Les modules suivants contiennent des fichiers manquants ou corrompus"/>
	<label AU_requiredUpdates			="Mises à jour nécessaires"/>
	<label AU_requiredUpdatesList		="Des mises à jour sont nécessaires pour les modules suivants"/>
	<label AU_recommendedUpdates		="Mises à jour recommandées"/>
	<label AU_recommendedUpdatesList	="Des mises à jour sont recommandées pour les modules suivants"/>
	<label AU_chooseIndividualUpdates	="Décider pour chaque module"/>
	<label AU_selectUpdate				="Souhaitez-vous appliquer les mises à jour recommandées au module suivant ?"/>
	<label AU_installAny				="Souhaitez-vous installer l'une d'entre elles ?"/>
	<label AU_module					="Module"/>
	<label AU_downloadSize				="Taille du téléchargement"/>
	<label AU_wantToDoUpdates			="Des mises à jour sont disponibles&#13;&#13;Voulez-vous les télécharger et les installer maintenant ?" />

	<label AU_olderVersionInstalled		="La version du fichier installé est plus ancienne"/>
	<label AU_newerVersionInstalled		="La version du fichier installé est plus récente"/>
	<label AU_equalVersionInstalled		="La version du fichier installé est la même"/>
	<label AU_checksumMismatch			="La somme de contrôle du fichier ne correspond pas à la valeur attendue"/>
	<label AU_olderFileInstalled		="La date de modification du fichier installé est plus ancienne"/>
	<label AU_newerFileInstalled		="La date de modification du fichier installé est plus récente"/>
	<label AU_modifiedDatesMatch		="Les dates de modification correspondent"/>
	<label AU_unableToCompareFiles		="Impossible de comparer les fichiers"/>

	<label AU_Error_tftpHttpNotDefined			="Vous devez indiquer soit tftpServer, soit httpServer"/>
	<label AU_Error_installFolderNotDefined		="Vous n'avez pas spécifié de dossier d'installation"/>
	<label AU_Error_manifestFileNotDefined		="Vous n'avez pas spécifié de fichier manifeste"/>
	<label AU_Error_downloadManifestFailed		="Impossible de télécharger le fichier manifeste"/>
	<label AU_Error_invalidUpdateMode			="Mode de mise à jour incorrect. Les modes autorisés sont 'install' et 'query'"/>
	<label AU_Error_errorInManifest				="Le fichier manifeste est corrompu"/>
	<label AU_Error_cannotProceed				="Impossible de poursuivre l'opération AutoUpdate"/>
	<label AU_Error_invalidVersionString		="Chaîne de version incorrecte"/>
	<label AU_Error_fileNotFound				="Fichier introuvable"/>
	<label AU_Error_unsupportedProtocol			="Ce protocole de transfert n'est pas pris en charge ou est incorrect"/>
	<label AU_Error_downloadedFileInvalid		="Le fichier téléchargé ne correspond pas à la description"/>
	<label AU_Error_requiredUpdateFailed		="Impossible d'installer les mises à jour nécessaires pour le module suivant"/>
	<label AU_Error_recommendedUpdateFailed		="Impossible d'installer les mises à jour recommandées pour le module suivant"/>
	<label AU_Error_repairFailed				="La mise à jour du module suivant a échoué"/>
	<label AU_Error_preinstallFileInstall		="L'installation des fichiers de préinstallation a échoué"/>
	<label AU_Error_postinstallFileInstall		="L'installation des fichiers de post-installation a échoué"/>
	<label AU_Error_moduleFileInstall			="L'installation des fichiers du module a échoué"/>
	<label AU_Error_preinstallFileDownload		="Le téléchargement des fichiers de préinstallation a échoué"/>
	<label AU_Error_postinstallFileDownload		="Le téléchargement des fichiers de post-installation a échoué"/>
	<label AU_Error_moduleFileDownload			="Le téléchargement des fichiers du module a échoué"/>
	<label AU_Error_preinstallFileInstall		="L'installation des fichiers de préinstallation a échoué"/>
	<label AU_Error_postinstallFileInstall		="L'installation des fichiers de post-installation a échoué"/>
	<label AU_Error_moduleFileInstall			="L'installation des fichiers du module a échoué"/>
	<label AU_Error_moduleSettingInstall		="L'installation des paramètres du module a échoué"/>
	<label AU_Error_preinstallScript			="Le script de préinstallation a renvoyé une erreur"/>
	<label AU_Error_postinstallScript			="Le script de post-installation a renvoyé une erreur"/>
	<label AU_Error_downloadFileError			="Impossible de télécharger le fichier"/>
	<label AU_Error_installFileError			="Impossible d'installer le fichier"/>
	<label AU_Error_unableToChangeModifiedDate	="Impossible de changer la date de dernière modification"/>
	<label AU_Error_archiveFileMismatch			="Le fichier qui se trouve dans les archives ne correspond pas à sa description"/>
	<label AU_Error_archiveInstall				="Impossible d'installer les archives"/>
	<label AU_Error_recommendedUpdateFailureList="Les mises à jour recommandées suivantes ont échoué"/>
	<label AU_Error_autoUpdateCancelled			="L'opération AutoUpdate a été annulée."/>

	<label AU_Error_HTTPTimeout					="Temporisation HTTP"/>
	<label AU_Error_HTTPError					="Erreur HTTP"/>
	<label AU_Error_HTTPConnectionClosed		="Connexion HTTP fermée"/>

	<label AU_Error_xmlTagNotFound		="Balise XML introuvable"/>
	<label AU_Error_xmlDataNotFound		="Données XML introuvables"/>
	
	<label AU_Error_failedToInitialize			="Impossible d'initialiser AutoUpdate"/>
	<label AU_Error_ensureNoOtherApps			="Fermez toutes les autres applications et réessayez"/>

</CommunicatorStrings>
