<?xml version="1.0" encoding="UTF-8"?>
<TuningWizardStrings>
	<label rtlFlag="0"/>
        <label discardChanges= "Wilt u nu afsluiten en alle wijzigingen verwijderen?"/>

        <label noPlay        = "U kunt dit apparaat niet configureren voor het afspelen van geluid met de wizard Audio afstemmen. Cisco IP Communicator werkt mogelijk niet correct met dit apparaat."/>

        <label unmute        = "Het volume voor %s is gedempt, maar de wizard Audio afstemmen heeft het probleem opgelost. Als u de voorbeeldmelodie nog niet kunt afspelen, werkt Cisco IP Communicator mogelijk niet correct met dit apparaat."/>

        <label noMicInput    = "De wizard Audio afstemmen kan %s niet configureren om geluid op te nemen. Cisco IP Communicator werkt mogelijk niet correct met dit apparaat."/>

        <label setMicInput   = "%s is niet geconfigureerd om geluid via de microfoon op te nemen, maar het probleem is opgelost door de wizard Audio afstemmen. Als u nog geen geluid kunt opnemen, werkt Cisco IP Communicator mogelijk niet correct met dit apparaat."/>

        <label unmuteMic     = "De microfoon van %s is uitgeschakeld, maar de wizard Audio afstemmen heeft het probleem opgelost. Als u nog geen geluid kunt opnemen, werkt Cisco IP Communicator mogelijk niet correct met dit apparaat."/>

        <label MicInUse      = "Kan microfoon niet controleren. Controleer het volgende: (1) Er is een gesprek bezig (2) Een andere toepassing gebruikt de microfoon (3) Microfoon is gedempt"/>

        <label troubleshootmenu1    = "De instellingen voor de wizard Audio afstemmen en de gegevens over fouten zijn opgeslagen op %s"/>
        <label troubleshootmenu3    = "Wilt u het programma Cisco Unified Hulpprogramma voor probleemrapportage nu starten?"/>

        <label missingdevice1    = "%s ontbreekt of is niet correct verbonden. Maak de verbinding opnieuw en kies OK."/>
        <label missingdevice3    = "Kies Annuleren als u een ander apparaat wilt selecteren met de wizard Audio afstemmen."/>
	<label noSoundDevices    = "Er zijn geen compatibele geluidsapparaten op deze computer geïnstalleerd. Klik op OK om af te sluiten."/> 
	<label devicesNotTuned = "Als u de geluidsapparaten niet afstemt, werkt het geluid mogelijk niet correct in Communicator. Wilt u echt annuleren?"/> 
	
        <label copyright     = "Copyright © 2004-2011 Cisco Systems, Inc. Alle rechten voorbehouden."/>

	<label title	     = "Wizard Audio afstemmen"/>
        <label test          = "Test"/>
        <label play          = "Afspelen"/>
        <label stop          = "Stoppen"/>

        <label page1title    = "Wizard Audio afstemmen - Audioapparaten selecteren"/>
	<label headset       = "Headset:"/>
	<label speakerphone  = "Luidspreker:"/>
	<label ringer        = "Beltoon:"/>
	<label handset       = "Hoorn:"/>

        <label page2title          = "Wizard Audio afstemmen - Luistervolume voor %s aanpassen"/>
	<label page2playbackdevice = "Afspeelapparaat:"/>	
        <label page2wavevolume     = "Wave-volume:"/>
        <label page2mastervolume   = "Hoofdvolume:"/>
	<label page2enabled        = "Ingeschakeld"/>

        <label page3title          = "Wizard Audio afstemmen - Microfoonvolume aanpassen voor %s"/>
        <label page3device         = "Opnameapparaat:"/>
        <label page3finegain       = "Fijnafstelling:"/>
        <label page3coarsegain     = "Hoofdvolume:"/>
        <label page3enable         = "Inschakelen"/>
        <label page3highgain       = "Microfoon versterken"/>
        <label page3playback       = "Uitzending"/>
        <label page4title    = "Wizard Audio afstemmen - AEC-kwaliteitsbeoordeling voor %s"/>

        <label checktitle    = "Wizard Audio afstemmen - Audio-instellingen controleren"/>
        <label checkdisable  = "Niet opnieuw vragen"/>
        <label revert        = "Herstellen"/>
        <label tune          = "Afstemmen"/>
	<label skip	     = "Overslaan"/>

        <label yes           = "Ja"/>
        <label no            = "Nee"/>
        <label ok            = "OK"/>
        <label cancel        = "Annuleren"/>
        <label back          = "Vorige"/>
        <label next          = "Volgende"/>
        <label finish        = "Voltooien"/>
	  <label Help        = "help"/>
        <label Troubleshooting        = "Problemen oplossing informatie"/>
        <label About        = "Info Wizard Audio afstemmen.."/>
	<label UseDefaultDevices 	= "Gebruik Windows standaard apparaten"/>
        <label errOpenSoundCard		= "Kan geluidsapparaat niet wijzigen naar "/>
        
        <label AboutTitle		= "Informatie over Wizard Audio afstemmen"/>
        <label Move		= "Verplaatsen"/>
        <label Close		= "Sluiten"/>
        <label AlreadyRunning		= "Er wordt momenteel een andere instantie van Wizard Audio afstemmen uitgevoerd."/>
        <label FileOpenFailure		= "Kan %s niet openen"/>
        <label MicInError		= "Fout: microfooninvoer is buiten bereik"/>


	<label checksettingshelp = "{\rtf1\ansi\ansicpg1252\deff0\stshfdbch0\stshfloch0\stshfhich0\stshfbi0{\fonttbl{\f0\fnil\fcharset0\fprq2{\*\panose 02020603050405020304}Times New Roman;}{\f1\fnil\fcharset0\fprq2{\*\panose 020b0604020202020204}Arial;}{\f2\fnil\fcharset0\fprq1{\*\panose 02070309020205020404}Courier New;}{\f3\fnil\fcharset2\fprq2{\*\panose 05050102010706020507}Symbol;}{\f37\fnil\fcharset0\fprq2 Times New Roman CE;}{\f38\fnil\fcharset0\fprq2 Times New Roman Cyr;}{\f40\fnil\fcharset0\fprq2 Times New Roman Greek;}{\f41\fnil\fcharset0\fprq2 Times New Roman Tur;}{\f42\fnil\fcharset0\fprq2 Times New Roman (Hebrew);}{\f43\fnil\fcharset0\fprq2 Times New Roman (Arabic);}{\f44\fnil\fcharset0\fprq2 Times New Roman Baltic;}{\f45\fnil\fcharset0\fprq2 Times New Roman (Vietnamese);}{\f47\fnil\fcharset0\fprq2 Arial CE;}{\f48\fnil\fcharset0\fprq2 Arial Cyr;}{\f50\fnil\fcharset0\fprq2 Arial Greek;}{\f51\fnil\fcharset0\fprq2 Arial Tur;}{\f52\fnil\fcharset0\fprq2 Arial (Hebrew);}{\f53\fnil\fcharset0\fprq2 Arial (Arabic);}{\f54\fnil\fcharset0\fprq2 Arial Baltic;}{\f55\fnil\fcharset0\fprq2 Arial (Vietnamese);}{\f57\fnil\fcharset0\fprq1 Courier New CE;}{\f58\fnil\fcharset0\fprq1 Courier New Cyr;}{\f60\fnil\fcharset0\fprq1 Courier New Greek;}{\f61\fnil\fcharset0\fprq1 Courier New Tur;}{\f62\fnil\fcharset0\fprq1 Courier New (Hebrew);}{\f63\fnil\fcharset0\fprq1 Courier New (Arabic);}{\f64\fnil\fcharset0\fprq1 Courier New Baltic;}{\f65\fnil\fcharset0\fprq1 Courier New (Vietnamese);}}{\colortbl;\red0\green0\blue0;\red0\green0\blue255;\red0\green255\blue255;\red0\green255\blue0;\red255\green0\blue255;\red255\green0\blue0;\red255\green255\blue0;\red255\green255\blue255;\red0\green0\blue128;\red0\green128\blue128;\red0\green128\blue0;\red128\green0\blue128;\red128\green0\blue0;\red128\green128\blue0;\red128\green128\blue128;\red192\green192\blue192;}{\stylesheet{\ql \li0\ri0\widctlpar\aspalpha\aspnum\faauto\adjustright\rin0\lin0\itap0 \fs24\cgrid\snext0 Normal;}{\*\cs10 \additive \ssemihidden Default Paragraph Font;}{\*\ts11\tsrowd\trftsWidthB3\trpaddl108\trpaddr108\trpaddfl3\trpaddft3\trpaddfb3\trpaddfr3\trcbpat1\trcfpat1\tscellwidthfts0\tsvertalt\tsbrdrt\tsbrdrl\tsbrdrb\tsbrdrr\tsbrdrdgl\tsbrdrdgr\tsbrdrh\tsbrdrv \ql \li0\ri0\widctlpar\aspalpha\aspnum\faauto\adjustright\rin0\lin0\itap0 \fs20\cgrid\snext11 \ssemihidden Normal Table;}{\s15\ql \li0\ri0\widctlpar\tx916\tx1832\tx2748\tx3664\tx4580\tx5496\tx6412\tx7328\tx8244\tx9160\tx10076\tx10992\tx11908\tx12824\tx13740\tx14656\aspalpha\aspnum\faauto\adjustright\rin0\lin0\itap0 \f2\fs20\cgrid\sbasedon0 \snext15 \styrsid8083252 HTML Preformatted;}{\*\cs16 \additive \sbasedon10 \styrsid8083252 changedtext;}}{\*\latentstyles\lsdstimax156\lsdlockeddef0}{\*\pgptbl {\pgp\ipgp0\itap0\li0\ri0\sb0\sa0}}{\*\rsidtbl \rsid5791440\rsid8083252\rsid11369555
}{\*\generator Microsoft Word 11.0.6568;}{\info{\author Cisco Systems, Inc.}{\operator Gary Resurreccion}{\creatim\yr2005\mo12\dy16\hr14\min14}{\revtim\yr2006\mo3\dy15\hr18\min11}{\version3}{\edmins3}{\nofpages1}{\nofwords43}{\nofchars246}{\*\company Cisco Systems, Inc.}{\nofcharsws288}{\vern24579}}\widowctrl\ftnbj\aenddoc\noxlattoyen\expshrtn\noultrlspc\dntblnsbdb\nospaceforul\hyphcaps0\horzdoc\dghspace120\dgvspace120\dghorigin1701\dgvorigin1984\dghshow0\dgvshow3\jcompress\viewkind4\viewscale100\nolnhtadjtbl\rsidroot8083252 \fet0\sectd \linex0\sectdefaultcl\sftnbj {\*\pnseclvl1\pnucrm\pnstart1\pnindent720\pnhang {\pntxta .}}{\*\pnseclvl2\pnucltr\pnstart1\pnindent720\pnhang {\pntxta .}}{\*\pnseclvl3\pndec\pnstart1\pnindent720\pnhang {\pntxta .}}{\*\pnseclvl4\pnlcltr\pnstart1\pnindent720\pnhang {\pntxta )}}{\*\pnseclvl5\pndec\pnstart1\pnindent720\pnhang {\pntxtb (}{\pntxta )}}{\*\pnseclvl6\pnlcltr\pnstart1\pnindent720\pnhang {\pntxtb (}{\pntxta )}}{\*\pnseclvl7\pnlcrm\pnstart1\pnindent720\pnhang {\pntxtb (}{\pntxta )}}{\*\pnseclvl8\pnlcltr\pnstart1\pnindent720\pnhang {\pntxtb (}{\pntxta )}}{\*\pnseclvl9\pnlcrm\pnstart1\pnindent720\pnhang {\pntxtb (}{\pntxta )}}\pard\plain \s15\ql \li0\ri0\widctlpar\tx916\tx1832\tx2748\tx3664\tx4580\tx5496\tx6412\tx7328\tx8244\tx9160\tx10076\tx10992\tx11908\tx12824\tx13740\tx14656\aspalpha\aspnum\faauto\adjustright\rin0\lin0\itap0\f2\fs20\cgrid{\cs16\f1\fs18 De audio-instellingen van uw computer zijn gewijzigd toen u ze voor Cisco IP Communicator hebt geconfigureerd.}{\f1\fs18
}{\f1\fs18\par }
{\f1\fs18}\pard\plain \ql \li0\ri0\nowidctlpar\faauto\rin0\lin0\itap0 \fs24\cgrid{\f1\fs18 Kies:}{\f1\fs18\par }
{\f1\fs18
}{\f1\fs18\par }
{\f1\fs18}\pard \ql \fi-360\li360\ri0\nowidctlpar\tx360\faauto\rin0\lin360\itap0 {\f3\fs18 \'b7  }{\b {\f1\fs18 Herstellen}}{\f1\fs18  om uw audio-instellingen weer in te stellen op de manier waarop}{\f1\fs18\par }
{\f1\fs18     u ze oorspronkelijk hebt afgestemd}{\f1\fs18\par }
{\f1\fs18}\pard \ql \fi-360\li360\ri0\nowidctlpar\faauto\rin0\lin360\itap0 {\f3\fs18 \'b7  }{\b {\f1\fs18 Afstemmen}}{\f1\fs18  om de huidige audio-instellingen weer te geven of te wijzigen}{\f1\fs18\par }
{\f1\fs18}{\f3\fs18 \'b7  }{\b {\f1\fs18 Overslaan}}{\f1\fs18  om de huidige audio-instellingen te behouden}{\f1\fs18\par }
{\f1\fs18}
}"/>

	<label checknewdevicehelp = "{\rtf1\ansi\ansicpg1252\deff0{\fonttbl{\f0\fnil\fprq2\fcharset0 Arial;}{\f1\fnil\fprq2\fcharset2 Symbol;}}{\*\generator Msftedit 5.41.21.2500;}\viewkind4\pard\nowidctlpar\f0\fs18 Bepaalde audioapparaten die u hebt geselecteerd, zijn nooit geconfigureerd voor gebruik met Cisco IP Communicator. Kies:
\par\pard\nowidctlpar\fi-360\li360\tx360
\par\pard\nowidctlpar\fi-360\li360\f1 \'b7  \b\f0 Afstemmen\b0  om de apparaten te configureren of om andere apparaten te selecteren
\par\pard\nowidctlpar\fi-360\li360\f1 \'b7  \b\f0 Annuleren\b0  om de huidige audio-instellingen te behouden
\par

} "/>

	<label page0help = "{\rtf1\ansi\ansicpg1252\deff1\stshfdbch0\stshfloch0\stshfhich0\stshfbi0{\fonttbl{\f0\fnil\fcharset0\fprq2{\*\panose 02020603050405020304}Times New Roman;}{\f1\fnil\fcharset0\fprq2{\*\panose 020b0604020202020204}Arial;}{\f2\fnil\fcharset0\fprq1{\*\panose 02070309020205020404}Courier New;}{\f37\fnil\fcharset0\fprq2 Times New Roman CE;}{\f38\fnil\fcharset0\fprq2 Times New Roman Cyr;}{\f40\fnil\fcharset0\fprq2 Times New Roman Greek;}{\f41\fnil\fcharset0\fprq2 Times New Roman Tur;}{\f42\fnil\fcharset0\fprq2 Times New Roman (Hebrew);}{\f43\fnil\fcharset0\fprq2 Times New Roman (Arabic);}{\f44\fnil\fcharset0\fprq2 Times New Roman Baltic;}{\f45\fnil\fcharset0\fprq2 Times New Roman (Vietnamese);}{\f47\fnil\fcharset0\fprq2 Arial CE;}{\f48\fnil\fcharset0\fprq2 Arial Cyr;}{\f50\fnil\fcharset0\fprq2 Arial Greek;}{\f51\fnil\fcharset0\fprq2 Arial Tur;}{\f52\fnil\fcharset0\fprq2 Arial (Hebrew);}{\f53\fnil\fcharset0\fprq2 Arial (Arabic);}{\f54\fnil\fcharset0\fprq2 Arial Baltic;}{\f55\fnil\fcharset0\fprq2 Arial (Vietnamese);}{\f57\fnil\fcharset0\fprq1 Courier New CE;}{\f58\fnil\fcharset0\fprq1 Courier New Cyr;}{\f60\fnil\fcharset0\fprq1 Courier New Greek;}{\f61\fnil\fcharset0\fprq1 Courier New Tur;}{\f62\fnil\fcharset0\fprq1 Courier New (Hebrew);}{\f63\fnil\fcharset0\fprq1 Courier New (Arabic);}{\f64\fnil\fcharset0\fprq1 Courier New Baltic;}{\f65\fnil\fcharset0\fprq1 Courier New (Vietnamese);}}{\colortbl;\red0\green0\blue0;\red0\green0\blue255;\red0\green255\blue255;\red0\green255\blue0;\red255\green0\blue255;\red255\green0\blue0;\red255\green255\blue0;\red255\green255\blue255;\red0\green0\blue128;\red0\green128\blue128;\red0\green128\blue0;\red128\green0\blue128;\red128\green0\blue0;\red128\green128\blue0;\red128\green128\blue128;\red192\green192\blue192;}{\stylesheet{\ql \li0\ri0\nowidctlpar\faauto\rin0\lin0\itap0 \f1\fs24\cgrid\snext0 Normal;}{\s1\ql \li0\ri0\nowidctlpar\faauto\outlinelevel0\rin0\lin0\itap0 \f1\fs24\cgrid\sbasedon0 \snext0 heading 1;}{\*\cs10 \additive \ssemihidden Default Paragraph Font;}{\*\ts11\tsrowd\trftsWidthB3\trpaddl108\trpaddr108\trpaddfl3\trpaddft3\trpaddfb3\trpaddfr3\trcbpat1\trcfpat1\tscellwidthfts0\tsvertalt\tsbrdrt\tsbrdrl\tsbrdrb\tsbrdrr\tsbrdrdgl\tsbrdrdgr\tsbrdrh\tsbrdrv \ql \li0\ri0\widctlpar\aspalpha\aspnum\faauto\adjustright\rin0\lin0\itap0 \fs20\cgrid\snext11 \ssemihidden Normal Table;}{\s15\ql \li0\ri0\widctlpar\tx916\tx1832\tx2748\tx3664\tx4580\tx5496\tx6412\tx7328\tx8244\tx9160\tx10076\tx10992\tx11908\tx12824\tx13740\tx14656\aspalpha\aspnum\faauto\adjustright\rin0\lin0\itap0 \f2\fs20\cgrid\sbasedon0 \snext15 \styrsid4137108 HTML Preformatted;}{\*\cs16 \additive \sbasedon10 \styrsid4137108 changedtext;}}{\*\latentstyles\lsdstimax156\lsdlockeddef0}{\*\pgptbl {\pgp\ipgp0\itap0\li0\ri0\sb0\sa0}{\pgp\ipgp0\itap0\li0\ri0\sb0\sa0}}{\*\rsidtbl \rsid4137108\rsid4202610\rsid8399201\rsid9447335}{\*\generator Microsoft Word 11.0.6502;}{\info{\title Use this wizard to Select and Tune Audio Devices}{\author Ganesan Venkataraman (gvenkata)}{\operator Cisco Systems, Inc.}{\creatim\yr2003\mo5\dy31\hr16\min47}{\revtim\yr2005\mo12\dy16\hr14\min52}{\version13}{\edmins21}{\nofpages1}{\nofwords59}{\nofchars339}{\*\company Cisco Systems, Inc.}{\nofcharsws397}{\vern24579}}\widowctrl\ftnbj\aenddoc\noxlattoyen\expshrtn\noultrlspc\dntblnsbdb\nospaceforul\hyphcaps0\horzdoc\dghspace120\dgvspace120\dghorigin1701\dgvorigin1984\dghshow0\dgvshow3\jcompress\viewkind4\viewscale100\nolnhtadjtbl\rsidroot4137108 \fet0\sectd \linex0\sectdefaultcl\sftnbj {\*\pnseclvl1\pnucrm\pnstart1\pnindent720\pnhang {\pntxta .}}{\*\pnseclvl2\pnucltr\pnstart1\pnindent720\pnhang {\pntxta .}}{\*\pnseclvl3\pndec\pnstart1\pnindent720\pnhang {\pntxta .}}{\*\pnseclvl4\pnlcltr\pnstart1\pnindent720\pnhang {\pntxta )}}{\*\pnseclvl5\pndec\pnstart1\pnindent720\pnhang {\pntxtb (}{\pntxta )}}{\*\pnseclvl6\pnlcltr\pnstart1\pnindent720\pnhang {\pntxtb (}{\pntxta )}}{\*\pnseclvl7\pnlcrm\pnstart1\pnindent720\pnhang {\pntxtb (}{\pntxta )}}{\*\pnseclvl8\pnlcltr\pnstart1\pnindent720\pnhang {\pntxtb (}{\pntxta )}}{\*\pnseclvl9\pnlcrm\pnstart1\pnindent720\pnhang {\pntxtb (}{\pntxta )}}\pard\plain \s1\ql \li0\ri0\sa80\keepn\nowidctlpar\faauto\outlinelevel0\rin0\lin0\itap0 \f1\fs24\cgrid{\b {\i {\fs20 Audioapparaten selecteren en afstemmen}}}{\b {\i {\fs20\par }}}
{\b {\i {\fs20}}}\pard\plain \ql \li0\ri0\nowidctlpar\faauto\rin0\lin0\itap0 \f1\fs24\cgrid{\fs18
}{\fs18\par }
{\fs18 Doe het volgende voordat u begint:}{\fs18\par }
{\fs18
}{\fs18\par }
{\fs18 Sluit alle andere programma's die geluid afspelen of opnemen, zoals Microsoft Geluidsrecorder.}{\fs18\par }
{\fs18
}{\fs18\par }
{\fs18 Controleer dat de audioapparaten (headset, luidsprekers, microfoon en hoorn) die u wilt gebruiken, aangesloten en ingeschakeld zijn.}{\fs18\par }
{\fs18
}{\fs18\par }
{\fs18}\pard \ql \li0\ri0\widctlpar\tx916\tx1832\tx2748\tx3664\tx4580\tx5496\tx6412\tx7328\tx8244\tx9160\tx10076\tx10992\tx11908\tx12824\tx13740\tx14656\aspalpha\aspnum\faauto\adjustright\rin0\lin0\itap0{\fs18
Als u een headset gebruikt, plaatst u de microfoon ervan zo dicht mogelijk bij uw mond als door de fabrikant van de headset wordt aanbevolen.}{\fs18\par }
{\fs18}\pard \ql \li0\ri0\nowidctlpar\faauto\rin0\lin0\itap0 {\fs18
}{\fs18\par }
{\fs18 Kies Volgende om door te gaan.}{\fs18\par }
{\fs18}
}"/>

	<label page1help = "{\rtf1\ansi\ansicpg1252\deff0\stshfdbch0\stshfloch0\stshfhich0\stshfbi0{\fonttbl{\f0\fnil\fcharset0\fprq2{\*\panose 02020603050405020304}Times New Roman;}{\f1\fnil\fcharset0\fprq2{\*\panose 020b0604020202020204}Arial;}{\f2\fnil\fcharset0\fprq1{\*\panose 02070309020205020404}Courier New;}{\f125\fnil\fcharset0\fprq2 Times New Roman CE;}{\f126\fnil\fcharset0\fprq2 Times New Roman Cyr;}{\f128\fnil\fcharset0\fprq2 Times New Roman Greek;}{\f129\fnil\fcharset0\fprq2 Times New Roman Tur;}{\f130\fnil\fcharset0\fprq2 Times New Roman (Hebrew);}{\f131\fnil\fcharset0\fprq2 Times New Roman (Arabic);}{\f132\fnil\fcharset0\fprq2 Times New Roman Baltic;}{\f133\fnil\fcharset0\fprq2 Times New Roman (Vietnamese);}{\f135\fnil\fcharset0\fprq2 Arial CE;}{\f136\fnil\fcharset0\fprq2 Arial Cyr;}{\f138\fnil\fcharset0\fprq2 Arial Greek;}{\f139\fnil\fcharset0\fprq2 Arial Tur;}{\f140\fnil\fcharset0\fprq2 Arial (Hebrew);}{\f141\fnil\fcharset0\fprq2 Arial (Arabic);}{\f142\fnil\fcharset0\fprq2 Arial Baltic;}{\f143\fnil\fcharset0\fprq2 Arial (Vietnamese);}{\f145\fnil\fcharset0\fprq1 Courier New CE;}{\f146\fnil\fcharset0\fprq1 Courier New Cyr;}{\f148\fnil\fcharset0\fprq1 Courier New Greek;}{\f149\fnil\fcharset0\fprq1 Courier New Tur;}{\f150\fnil\fcharset0\fprq1 Courier New (Hebrew);}{\f151\fnil\fcharset0\fprq1 Courier New (Arabic);}{\f152\fnil\fcharset0\fprq1 Courier New Baltic;}{\f153\fnil\fcharset0\fprq1 Courier New (Vietnamese);}}{\colortbl;\red0\green0\blue0;\red0\green0\blue255;\red0\green255\blue255;\red0\green255\blue0;\red255\green0\blue255;\red255\green0\blue0;\red255\green255\blue0;\red255\green255\blue255;\red0\green0\blue128;\red0\green128\blue128;\red0\green128\blue0;\red128\green0\blue128;\red128\green0\blue0;\red128\green128\blue0;\red128\green128\blue128;\red192\green192\blue192;}{\stylesheet{\ql \li0\ri0\widctlpar\aspalpha\aspnum\faauto\adjustright\rin0\lin0\itap0 \fs24\cgrid\snext0 Normal;}{\*\cs10 \additive \ssemihidden Default Paragraph Font;}{\*\ts11\tsrowd\trftsWidthB3\trpaddl108\trpaddr108\trpaddfl3\trpaddft3\trpaddfb3\trpaddfr3\trcbpat1\trcfpat1\tscellwidthfts0\tsvertalt\tsbrdrt\tsbrdrl\tsbrdrb\tsbrdrr\tsbrdrdgl\tsbrdrdgr\tsbrdrh\tsbrdrv \ql \li0\ri0\widctlpar\aspalpha\aspnum\faauto\adjustright\rin0\lin0\itap0 \fs20\cgrid\snext11 \ssemihidden Normal Table;}{\s15\ql \li0\ri0\widctlpar\tx916\tx1832\tx2748\tx3664\tx4580\tx5496\tx6412\tx7328\tx8244\tx9160\tx10076\tx10992\tx11908\tx12824\tx13740\tx14656\aspalpha\aspnum\faauto\adjustright\rin0\lin0\itap0 \f2\fs20\cgrid\sbasedon0 \snext15 \styrsid8809335 HTML Preformatted;}{\*\cs16 \additive \sbasedon10 \styrsid8809335 changedtext;}}{\*\latentstyles\lsdstimax156\lsdlockeddef0}{\*\pgptbl {\pgp\ipgp0\itap0\li0\ri0\sb0\sa0}}{\*\rsidtbl \rsid2389431\rsid8809335}{\*\generator Microsoft Word 11.0.6502;}{\info{\author Cisco Systems, Inc.}{\operator Cisco Systems, Inc.}{\creatim\yr2005\mo12\dy16\hr14\min20}{\revtim\yr2005\mo12\dy16\hr14\min23}{\version2}{\edmins2}{\nofpages1}{\nofwords26}{\nofchars150}{\*\company Cisco Systems, Inc.}{\nofcharsws175}{\vern24579}}\widowctrl\ftnbj\aenddoc\noxlattoyen\expshrtn\noultrlspc\dntblnsbdb\nospaceforul\hyphcaps0\horzdoc\dghspace120\dgvspace120\dghorigin1701\dgvorigin1984\dghshow0\dgvshow3\jcompress\viewkind4\viewscale100\nolnhtadjtbl\rsidroot8809335 \fet0\sectd \linex0\sectdefaultcl\sftnbj {\*\pnseclvl1\pnucrm\pnstart1\pnindent720\pnhang {\pntxta .}}{\*\pnseclvl2\pnucltr\pnstart1\pnindent720\pnhang {\pntxta .}}{\*\pnseclvl3\pndec\pnstart1\pnindent720\pnhang {\pntxta .}}{\*\pnseclvl4\pnlcltr\pnstart1\pnindent720\pnhang {\pntxta )}}{\*\pnseclvl5\pndec\pnstart1\pnindent720\pnhang {\pntxtb (}{\pntxta )}}{\*\pnseclvl6\pnlcltr\pnstart1\pnindent720\pnhang {\pntxtb (}{\pntxta )}}{\*\pnseclvl7\pnlcrm\pnstart1\pnindent720\pnhang {\pntxtb (}{\pntxta )}}{\*\pnseclvl8\pnlcltr\pnstart1\pnindent720\pnhang {\pntxtb (}{\pntxta )}}{\*\pnseclvl9\pnlcrm\pnstart1\pnindent720\pnhang {\pntxtb (}{\pntxta )}}\pard\plain \ql \li0\ri0\sa80\nowidctlpar\faauto\rin0\lin0\itap0 \fs24\cgrid{\b {\i {\f1\fs20 Audioapparaten selecteren}}}{\b {\i {\f1\fs20\par }}}
{\b {\i {\f1\fs20}}}\pard\plain \s15\ql \li0\ri0\widctlpar\tx916\tx1832\tx2748\tx3664\tx4580\tx5496\tx6412\tx7328\tx8244\tx9160\tx10076\tx10992\tx11908\tx12824\tx13740\tx14656\aspalpha\aspnum\faauto\adjustright\rin0\lin0\itap0\f2\fs20\cgrid{\cs16\f1\fs18 Voor elke audiomodus moet u het apparaat selecteren waarvoor u Communicator wilt gebruiken. Raadpleeg de Gebruikershandleiding voor meer informatie over audioapparaten en de verschillende modi.}{\f1\fs18
}{\f1\fs18\par }
{\f1\fs18}\pard\plain \ql \li0\ri0\nowidctlpar\faauto\rin0\lin0\itap0\fs24\cgrid{\par }

}"/>

	<label page2help = "{\rtf1\ansi\ansicpg1252\deff0\stshfdbch0\stshfloch0\stshfhich0\stshfbi0{\fonttbl{\f0\fnil\fcharset0\fprq2{\*\panose 02020603050405020304}Times New Roman;}{\f1\fnil\fcharset0\fprq2{\*\panose 020b0604020202020204}Arial;}{\f2\fnil\fcharset0\fprq1{\*\panose 02070309020205020404}Courier New;}{\f125\fnil\fcharset0\fprq2 Times New Roman CE;}{\f126\fnil\fcharset0\fprq2 Times New Roman Cyr;}{\f128\fnil\fcharset0\fprq2 Times New Roman Greek;}{\f129\fnil\fcharset0\fprq2 Times New Roman Tur;}{\f130\fnil\fcharset0\fprq2 Times New Roman (Hebrew);}{\f131\fnil\fcharset0\fprq2 Times New Roman (Arabic);}{\f132\fnil\fcharset0\fprq2 Times New Roman Baltic;}{\f133\fnil\fcharset0\fprq2 Times New Roman (Vietnamese);}{\f135\fnil\fcharset0\fprq2 Arial CE;}{\f136\fnil\fcharset0\fprq2 Arial Cyr;}{\f138\fnil\fcharset0\fprq2 Arial Greek;}{\f139\fnil\fcharset0\fprq2 Arial Tur;}{\f140\fnil\fcharset0\fprq2 Arial (Hebrew);}{\f141\fnil\fcharset0\fprq2 Arial (Arabic);}{\f142\fnil\fcharset0\fprq2 Arial Baltic;}{\f143\fnil\fcharset0\fprq2 Arial (Vietnamese);}{\f145\fnil\fcharset0\fprq1 Courier New CE;}{\f146\fnil\fcharset0\fprq1 Courier New Cyr;}{\f148\fnil\fcharset0\fprq1 Courier New Greek;}{\f149\fnil\fcharset0\fprq1 Courier New Tur;}{\f150\fnil\fcharset0\fprq1 Courier New (Hebrew);}{\f151\fnil\fcharset0\fprq1 Courier New (Arabic);}{\f152\fnil\fcharset0\fprq1 Courier New Baltic;}{\f153\fnil\fcharset0\fprq1 Courier New (Vietnamese);}}{\colortbl;\red0\green0\blue0;\red0\green0\blue255;\red0\green255\blue255;\red0\green255\blue0;\red255\green0\blue255;\red255\green0\blue0;\red255\green255\blue0;\red255\green255\blue255;\red0\green0\blue128;\red0\green128\blue128;\red0\green128\blue0;\red128\green0\blue128;\red128\green0\blue0;\red128\green128\blue0;\red128\green128\blue128;\red192\green192\blue192;}{\stylesheet{\ql \li0\ri0\widctlpar\aspalpha\aspnum\faauto\adjustright\rin0\lin0\itap0 \fs24\cgrid\snext0 Normal;}{\*\cs10 \additive \ssemihidden Default Paragraph Font;}{\*\ts11\tsrowd\trftsWidthB3\trpaddl108\trpaddr108\trpaddfl3\trpaddft3\trpaddfb3\trpaddfr3\trcbpat1\trcfpat1\tscellwidthfts0\tsvertalt\tsbrdrt\tsbrdrl\tsbrdrb\tsbrdrr\tsbrdrdgl\tsbrdrdgr\tsbrdrh\tsbrdrv \ql \li0\ri0\widctlpar\aspalpha\aspnum\faauto\adjustright\rin0\lin0\itap0 \fs20\cgrid\snext11 \ssemihidden Normal Table;}{\s15\ql \li0\ri0\widctlpar\tx916\tx1832\tx2748\tx3664\tx4580\tx5496\tx6412\tx7328\tx8244\tx9160\tx10076\tx10992\tx11908\tx12824\tx13740\tx14656\aspalpha\aspnum\faauto\adjustright\rin0\lin0\itap0 \f2\fs20\cgrid\sbasedon0 \snext15 \styrsid11359176 HTML Preformatted;}{\*\cs16 \additive \sbasedon10 \styrsid11359176 changedtext;}}{\*\latentstyles\lsdstimax156\lsdlockeddef0}{\*\pgptbl {\pgp\ipgp0\itap0\li0\ri0\sb0\sa0}}{\*\rsidtbl \rsid10301881\rsid11359176}{\*\generator Microsoft Word 11.0.6502;}{\info{\author Cisco Systems, Inc.}{\operator Cisco Systems, Inc.}{\creatim\yr2005\mo12\dy16\hr14\min23}{\revtim\yr2005\mo12\dy16\hr14\min25}{\version2}{\edmins2}{\nofpages1}{\nofwords66}{\nofchars381}{\*\company Cisco Systems, Inc.}{\nofcharsws446}{\vern24579}}\widowctrl\ftnbj\aenddoc\noxlattoyen\expshrtn\noultrlspc\dntblnsbdb\nospaceforul\hyphcaps0\horzdoc\dghspace120\dgvspace120\dghorigin1701\dgvorigin1984\dghshow0\dgvshow3\jcompress\viewkind4\viewscale100\nolnhtadjtbl\rsidroot11359176 \fet0\sectd \linex0\sectdefaultcl\sftnbj {\*\pnseclvl1\pnucrm\pnstart1\pnindent720\pnhang {\pntxta .}}{\*\pnseclvl2\pnucltr\pnstart1\pnindent720\pnhang {\pntxta .}}{\*\pnseclvl3\pndec\pnstart1\pnindent720\pnhang {\pntxta .}}{\*\pnseclvl4\pnlcltr\pnstart1\pnindent720\pnhang {\pntxta )}}{\*\pnseclvl5\pndec\pnstart1\pnindent720\pnhang {\pntxtb (}{\pntxta )}}{\*\pnseclvl6\pnlcltr\pnstart1\pnindent720\pnhang {\pntxtb (}{\pntxta )}}{\*\pnseclvl7\pnlcrm\pnstart1\pnindent720\pnhang {\pntxtb (}{\pntxta )}}{\*\pnseclvl8\pnlcltr\pnstart1\pnindent720\pnhang {\pntxtb (}{\pntxta )}}{\*\pnseclvl9\pnlcrm\pnstart1\pnindent720\pnhang {\pntxtb (}{\pntxta )}}\pard\plain \ql \li0\ri0\sa80\nowidctlpar\faauto\rin0\lin0\itap0 \fs24\cgrid{\b {\i {\f1\fs20 Het luistervolume aanpassen}}}{\f1\fs20
}{\f1\fs20\par }
{\f1\fs20}\pard\plain \s15\ql \li0\ri0\widctlpar\tx916\tx1832\tx2748\tx3664\tx4580\tx5496\tx6412\tx7328\tx8244\tx9160\tx10076\tx10992\tx11908\tx12824\tx13740\tx14656\aspalpha\aspnum\faauto\adjustright\rin0\lin0\itap0\f2\fs20\cgrid{\cs16\f1\fs18 Luister naar het hieronder vermelde afspeelapparaat. Als het apparaat externe volumeregelaars heeft, stelt u deze externe volumeregelaars in op hun maximale stand. }{\cs16\f1\fs18 Druk op de knop }{\b {\cs16\f1\fs18 Afspelen}}{\cs16\f1\fs18  en sleep vervolgens de volumeschuifregelaars tot de voorbeeldgeluiden op een aangenaam luisterniveau worden afgespeeld. Als zowel een hoofd- als Wave-schuifregelaar is weergegeven, probeer dan de Wave-schuifregelaar in te stellen op 75% en vervolgens de hoofdschuifregelaar op een aangenaam luisterniveau in te stellen.}{\f1\fs18
}{\f1\fs18\par }
{\f1\fs18}\pard\plain \ql \li0\ri0\nowidctlpar\faauto\rin0\lin0\itap0\fs24\cgrid{\par }

}"/>

	<label page3help = "{\rtf1\ansi\ansicpg1252\deff0\stshfdbch0\stshfloch0\stshfhich0\stshfbi0{\fonttbl{\f0\fnil\fcharset0\fprq2{\*\panose 02020603050405020304}Times New Roman;}{\f1\fnil\fcharset0\fprq2{\*\panose 020b0604020202020204}Arial;}{\f2\fnil\fcharset0\fprq1{\*\panose 02070309020205020404}Courier New;}{\f125\fnil\fcharset0\fprq2 Times New Roman CE;}{\f126\fnil\fcharset0\fprq2 Times New Roman Cyr;}{\f128\fnil\fcharset0\fprq2 Times New Roman Greek;}{\f129\fnil\fcharset0\fprq2 Times New Roman Tur;}{\f130\fnil\fcharset0\fprq2 Times New Roman (Hebrew);}{\f131\fnil\fcharset0\fprq2 Times New Roman (Arabic);}{\f132\fnil\fcharset0\fprq2 Times New Roman Baltic;}{\f133\fnil\fcharset0\fprq2 Times New Roman (Vietnamese);}{\f135\fnil\fcharset0\fprq2 Arial CE;}{\f136\fnil\fcharset0\fprq2 Arial Cyr;}{\f138\fnil\fcharset0\fprq2 Arial Greek;}{\f139\fnil\fcharset0\fprq2 Arial Tur;}{\f140\fnil\fcharset0\fprq2 Arial (Hebrew);}{\f141\fnil\fcharset0\fprq2 Arial (Arabic);}{\f142\fnil\fcharset0\fprq2 Arial Baltic;}{\f143\fnil\fcharset0\fprq2 Arial (Vietnamese);}{\f145\fnil\fcharset0\fprq1 Courier New CE;}{\f146\fnil\fcharset0\fprq1 Courier New Cyr;}{\f148\fnil\fcharset0\fprq1 Courier New Greek;}{\f149\fnil\fcharset0\fprq1 Courier New Tur;}{\f150\fnil\fcharset0\fprq1 Courier New (Hebrew);}{\f151\fnil\fcharset0\fprq1 Courier New (Arabic);}{\f152\fnil\fcharset0\fprq1 Courier New Baltic;}{\f153\fnil\fcharset0\fprq1 Courier New (Vietnamese);}}{\colortbl;\red0\green0\blue0;\red0\green0\blue255;\red0\green255\blue255;\red0\green255\blue0;\red255\green0\blue255;\red255\green0\blue0;\red255\green255\blue0;\red255\green255\blue255;\red0\green0\blue128;\red0\green128\blue128;\red0\green128\blue0;\red128\green0\blue128;\red128\green0\blue0;\red128\green128\blue0;\red128\green128\blue128;\red192\green192\blue192;}{\stylesheet{\ql \li0\ri0\widctlpar\aspalpha\aspnum\faauto\adjustright\rin0\lin0\itap0 \fs24\cgrid\snext0 Normal;}{\*\cs10 \additive \ssemihidden Default Paragraph Font;}{\*\ts11\tsrowd\trftsWidthB3\trpaddl108\trpaddr108\trpaddfl3\trpaddft3\trpaddfb3\trpaddfr3\trcbpat1\trcfpat1\tscellwidthfts0\tsvertalt\tsbrdrt\tsbrdrl\tsbrdrb\tsbrdrr\tsbrdrdgl\tsbrdrdgr\tsbrdrh\tsbrdrv \ql \li0\ri0\widctlpar\aspalpha\aspnum\faauto\adjustright\rin0\lin0\itap0 \fs20\cgrid\snext11 \ssemihidden Normal Table;}{\s15\ql \li0\ri0\widctlpar\tx916\tx1832\tx2748\tx3664\tx4580\tx5496\tx6412\tx7328\tx8244\tx9160\tx10076\tx10992\tx11908\tx12824\tx13740\tx14656\aspalpha\aspnum\faauto\adjustright\rin0\lin0\itap0 \f2\fs20\cgrid\sbasedon0 \snext15 \styrsid4813480 HTML Preformatted;}{\*\cs16 \additive \sbasedon10 \styrsid4813480 changedtext;}}{\*\latentstyles\lsdstimax156\lsdlockeddef0}{\*\pgptbl {\pgp\ipgp0\itap0\li0\ri0\sb0\sa0}}{\*\rsidtbl \rsid4813480\rsid9242814}{\*\generator Microsoft Word 11.0.6502;}{\info{\author Cisco Systems, Inc.}{\operator Cisco Systems, Inc.}{\creatim\yr2005\mo12\dy16\hr14\min25}{\revtim\yr2005\mo12\dy16\hr14\min27}{\version2}{\edmins2}{\nofpages1}{\nofwords87}{\nofchars496}{\*\company Cisco Systems, Inc.}{\nofcharsws582}{\vern24579}}\widowctrl\ftnbj\aenddoc\noxlattoyen\expshrtn\noultrlspc\dntblnsbdb\nospaceforul\hyphcaps0\horzdoc\dghspace120\dgvspace120\dghorigin1701\dgvorigin1984\dghshow0\dgvshow3\jcompress\viewkind4\viewscale100\nolnhtadjtbl\rsidroot4813480 \fet0\sectd \linex0\sectdefaultcl\sftnbj {\*\pnseclvl1\pnucrm\pnstart1\pnindent720\pnhang {\pntxta .}}{\*\pnseclvl2\pnucltr\pnstart1\pnindent720\pnhang {\pntxta .}}{\*\pnseclvl3\pndec\pnstart1\pnindent720\pnhang {\pntxta .}}{\*\pnseclvl4\pnlcltr\pnstart1\pnindent720\pnhang {\pntxta )}}{\*\pnseclvl5\pndec\pnstart1\pnindent720\pnhang {\pntxtb (}{\pntxta )}}{\*\pnseclvl6\pnlcltr\pnstart1\pnindent720\pnhang {\pntxtb (}{\pntxta )}}{\*\pnseclvl7\pnlcrm\pnstart1\pnindent720\pnhang {\pntxtb (}{\pntxta )}}{\*\pnseclvl8\pnlcltr\pnstart1\pnindent720\pnhang {\pntxtb (}{\pntxta )}}{\*\pnseclvl9\pnlcrm\pnstart1\pnindent720\pnhang {\pntxtb (}{\pntxta )}}\pard\plain \ql \li0\ri0\sa80\nowidctlpar\faauto\rin0\lin0\itap0 \fs24\cgrid{\b {\i {\f1\fs20 Het microfoonvolume aanpassen}}}{\f1\fs20
}{\f1\fs20\par }
{\f1\fs20}\pard\plain \s15\ql \li0\ri0\widctlpar\tx916\tx1832\tx2748\tx3664\tx4580\tx5496\tx6412\tx7328\tx8244\tx9160\tx10076\tx10992\tx11908\tx12824\tx13740\tx14656\aspalpha\aspnum\faauto\adjustright\rin0\lin0\itap0\f2\fs20\cgrid{\cs16\f1\fs18 Spreek een tekst in het hieronder vermelde afspeelapparaat in. }{\cs16\f1\fs18 Druk op de knop }{\b {\cs16\f1\fs18 Test}}{\cs16\f1\fs18  en lees dit bericht hardop zonder uw stem te verheffen (zoals u normaal aan de telefoon spreekt). Pas de volumeschuifregelaars aan tot de pieken van de niveaumeter het hoogste gele segment bereiken. Als zowel een hoofd- als fijnschuifregelaar is weergegeven, stelt u de hoofdschuifregelaar in op 75% en de fijnschuifregelaar op een aangenaam luisterniveau. }{\cs16\f1\fs18 Als de pieken van de niveaumeter niet boven de groene segmenten uitkomen, zelfs niet wanneer de volumeschuifregelaars op hun hoogste niveau zijn ingesteld, schakelt u }{\b {\cs16\f1\fs18 Microfoonversterking}}{\cs16\f1\fs18  in, als die functie beschikbaar is.}{\f1\fs18\par }
{\f1\fs18}\pard\plain \ql \li0\ri0\nowidctlpar\faauto\rin0\lin0\itap0\fs24\cgrid{\par }

}"/>

	<label page99help = "{\rtf1\ansi\ansicpg1252\deff0\stshfdbch11\stshfloch0\stshfhich0\stshfbi0{\fonttbl{\f0\fnil\fcharset0\fprq2{\*\panose 02020603050405020304}Times New Roman;}{\f1\fnil\fcharset0\fprq2{\*\panose 020b0604020202020204}Arial;}{\f2\fnil\fcharset0\fprq1{\*\panose 02070309020205020404}Courier New;}{\f3\fnil\fcharset2\fprq2{\*\panose 05050102010706020507}Symbol;}{\f10\fnil\fcharset2\fprq2{\*\panose 05000000000000000000}Wingdings;}{\f11\fnil\fcharset0\fprq1{\*\panose 02020609040205080304}{\*\falt ?l?r ??\'81\'66c}MS Mincho;}{\f36\fnil\fcharset0\fprq1{\*\panose 00000000000000000000}@MS Mincho;}{\f37\fnil\fcharset0\fprq2 Times New Roman CE;}{\f38\fnil\fcharset0\fprq2 Times New Roman Cyr;}{\f40\fnil\fcharset0\fprq2 Times New Roman Greek;}{\f41\fnil\fcharset0\fprq2 Times New Roman Tur;}{\f42\fnil\fcharset0\fprq2 Times New Roman (Hebrew);}{\f43\fnil\fcharset0\fprq2 Times New Roman (Arabic);}{\f44\fnil\fcharset0\fprq2 Times New Roman Baltic;}{\f45\fnil\fcharset0\fprq2 Times New Roman (Vietnamese);}{\f47\fnil\fcharset0\fprq2 Arial CE;}{\f48\fnil\fcharset0\fprq2 Arial Cyr;}{\f50\fnil\fcharset0\fprq2 Arial Greek;}{\f51\fnil\fcharset0\fprq2 Arial Tur;}{\f52\fnil\fcharset0\fprq2 Arial (Hebrew);}{\f53\fnil\fcharset0\fprq2 Arial (Arabic);}{\f54\fnil\fcharset0\fprq2 Arial Baltic;}{\f55\fnil\fcharset0\fprq2 Arial (Vietnamese);}{\f57\fnil\fcharset0\fprq1 Courier New CE;}{\f58\fnil\fcharset0\fprq1 Courier New Cyr;}{\f60\fnil\fcharset0\fprq1 Courier New Greek;}{\f61\fnil\fcharset0\fprq1 Courier New Tur;}{\f62\fnil\fcharset0\fprq1 Courier New (Hebrew);}{\f63\fnil\fcharset0\fprq1 Courier New (Arabic);}{\f64\fnil\fcharset0\fprq1 Courier New Baltic;}{\f65\fnil\fcharset0\fprq1 Courier New (Vietnamese);}{\f149\fnil\fcharset0\fprq1 {\*\falt ?l?r ??\'81\'66c}MS Mincho Western;}{\f147\fnil\fcharset0\fprq1 {\*\falt ?l?r ??\'81\'66c}MS Mincho CE;}{\f148\fnil\fcharset0\fprq1 {\*\falt ?l?r ??\'81\'66c}MS Mincho Cyr;}{\f150\fnil\fcharset0\fprq1 {\*\falt ?l?r ??\'81\'66c}MS Mincho Greek;}{\f151\fnil\fcharset0\fprq1 {\*\falt ?l?r ??\'81\'66c}MS Mincho Tur;}{\f154\fnil\fcharset0\fprq1 {\*\falt ?l?r ??\'81\'66c}MS Mincho Baltic;}{\f399\fnil\fcharset0\fprq1 @MS Mincho Western;}{\f397\fnil\fcharset0\fprq1 @MS Mincho CE;}{\f398\fnil\fcharset0\fprq1 @MS Mincho Cyr;}{\f400\fnil\fcharset0\fprq1 @MS Mincho Greek;}{\f401\fnil\fcharset0\fprq1 @MS Mincho Tur;}{\f404\fnil\fcharset0\fprq1 @MS Mincho Baltic;}}{\colortbl;\red0\green0\blue0;\red0\green0\blue255;\red0\green255\blue255;\red0\green255\blue0;\red255\green0\blue255;\red255\green0\blue0;\red255\green255\blue0;\red255\green255\blue255;\red0\green0\blue128;\red0\green128\blue128;\red0\green128\blue0;\red128\green0\blue128;\red128\green0\blue0;\red128\green128\blue0;\red128\green128\blue128;\red192\green192\blue192;}{\stylesheet{\ql \li0\ri0\widctlpar\aspalpha\aspnum\faauto\adjustright\rin0\lin0\itap0 \fs24\f0\cgrid\snext0 Normal;}{\*\cs10 \additive \ssemihidden Default Paragraph Font;}{\*\ts11\tsrowd\trftsWidthB3\trpaddl108\trpaddr108\trpaddfl3\trpaddft3\trpaddfb3\trpaddfr3\trcbpat1\trcfpat1\tscellwidthfts0\tsvertalt\tsbrdrt\tsbrdrl\tsbrdrb\tsbrdrr\tsbrdrdgl\tsbrdrdgr\tsbrdrh\tsbrdrv \ql \li0\ri0\widctlpar\aspalpha\aspnum\faauto\adjustright\rin0\lin0\itap0 \fs20\f0\cgrid\snext11 \ssemihidden Normal Table;}}{\*\listtable{\list\listtemplateid-1526924806{\listlevel\levelnfc23\levelnfcn23\leveljc0\leveljcn0\levelfollow0\levelstartat1\levelspace360\levelindent0{\leveltext\'01{\uc0\u-3913 }?;}{\levelnumbers;}\f3\fbias0 \fi-360\li360\jclisttab\tx360\lin360 }{\listlevel\levelnfc23\levelnfcn23\leveljc0\leveljcn0\levelfollow0\levelstartat1\levelspace360\levelindent0{\leveltext\'01o;}{\levelnumbers;}\f2\fbias0 \fi-360\li1080\jclisttab\tx1080\lin1080 }{\listlevel\levelnfc23\levelnfcn23\leveljc0\leveljcn0\levelfollow0\levelstartat1\levelspace360\levelindent0{\leveltext\'01{\uc0\u-3929 }?;}{\levelnumbers;}\f10\fbias0 \fi-360\li1800\jclisttab\tx1800\lin1800 }{\listlevel\levelnfc23\levelnfcn23\leveljc0\leveljcn0\levelfollow0\levelstartat1\levelspace360\levelindent0{\leveltext\'01{\uc0\u-3913 }?;}{\levelnumbers;}\f3\fbias0 \fi-360\li2520\jclisttab\tx2520\lin2520 }{\listlevel\levelnfc23\levelnfcn23\leveljc0\leveljcn0\levelfollow0\levelstartat1\levelspace360\levelindent0{\leveltext\'01o;}{\levelnumbers;}\f2\fbias0 \fi-360\li3240\jclisttab\tx3240\lin3240 }{\listlevel\levelnfc23\levelnfcn23\leveljc0\leveljcn0\levelfollow0\levelstartat1\levelspace360\levelindent0{\leveltext\'01{\uc0\u-3929 }?;}{\levelnumbers;}\f10\fbias0 \fi-360\li3960\jclisttab\tx3960\lin3960 }{\listlevel\levelnfc23\levelnfcn23\leveljc0\leveljcn0\levelfollow0\levelstartat1\levelspace360\levelindent0{\leveltext\'01{\uc0\u-3913 }?;}{\levelnumbers;}\f3\fbias0 \fi-360\li4680\jclisttab\tx4680\lin4680 }{\listlevel\levelnfc23\levelnfcn23\leveljc0\leveljcn0\levelfollow0\levelstartat1\levelspace360\levelindent0
{\leveltext\'01o;}{\levelnumbers;}\f2\fbias0 \fi-360\li5400\jclisttab\tx5400\lin5400 }{\listlevel\levelnfc23\levelnfcn23\leveljc0\leveljcn0\levelfollow0\levelstartat1\levelspace360\levelindent0{\leveltext\'01{\uc0\u-3929 }?;}{\levelnumbers;}\f10\fbias0 \fi-360\li6120\jclisttab\tx6120\lin6120 }{\listname ;}\listid19015464}{\list\listtemplateid-1526924806\listhybrid{\listlevel\levelnfc23\levelnfcn23\leveljc0\leveljcn0\levelfollow0\levelstartat1\levelspace360\levelindent0{\leveltext\leveltemplateid67698689\'01{\uc0\u-3913 }?;}{\levelnumbers;}\f3\fbias0 \fi-360\li360\jclisttab\tx360\lin360 }{\listlevel\levelnfc23\levelnfcn23\leveljc0\leveljcn0\levelfollow0\levelstartat1\levelspace360\levelindent0{\leveltext\leveltemplateid67698691\'01o;}{\levelnumbers;}\f2\fbias0 \fi-360\li1080\jclisttab\tx1080\lin1080 }{\listlevel\levelnfc23\levelnfcn23\leveljc0\leveljcn0\levelfollow0\levelstartat1\levelspace360\levelindent0{\leveltext\leveltemplateid67698693\'01{\uc0\u-3929 }?;}{\levelnumbers;}\f10\fbias0 \fi-360\li1800\jclisttab\tx1800\lin1800 }{\listlevel\levelnfc23\levelnfcn23\leveljc0\leveljcn0\levelfollow0\levelstartat1\levelspace360\levelindent0{\leveltext\leveltemplateid67698689\'01{\uc0\u-3913 }?;}{\levelnumbers;}\f3\fbias0 \fi-360\li2520\jclisttab\tx2520\lin2520 }{\listlevel\levelnfc23\levelnfcn23\leveljc0\leveljcn0\levelfollow0\levelstartat1\levelspace360\levelindent0{\leveltext\leveltemplateid67698691\'01o;}{\levelnumbers;}\f2\fbias0 \fi-360\li3240\jclisttab\tx3240\lin3240 }{\listlevel\levelnfc23\levelnfcn23\leveljc0\leveljcn0\levelfollow0\levelstartat1\levelspace360\levelindent0{\leveltext\leveltemplateid67698693\'01{\uc0\u-3929 }?;}{\levelnumbers;}\f10\fbias0 \fi-360\li3960\jclisttab\tx3960\lin3960 }{\listlevel\levelnfc23\levelnfcn23\leveljc0\leveljcn0\levelfollow0\levelstartat1\levelspace360\levelindent0{\leveltext\leveltemplateid67698689\'01{\uc0\u-3913 }?;}{\levelnumbers;}\f3\fbias0 \fi-360\li4680\jclisttab\tx4680\lin4680 }{\listlevel\levelnfc23\levelnfcn23\leveljc0\leveljcn0\levelfollow0\levelstartat1\levelspace360\levelindent0{\leveltext\leveltemplateid67698691\'01o;}{\levelnumbers;}\f2\fbias0 \fi-360\li5400\jclisttab\tx5400\lin5400 }{\listlevel\levelnfc23\levelnfcn23\leveljc0\leveljcn0\levelfollow0\levelstartat1\levelspace360\levelindent0{\leveltext\leveltemplateid67698693\'01{\uc0\u-3929 }?;}{\levelnumbers;}\f10\fbias0 \fi-360\li6120\jclisttab\tx6120\lin6120 }{\listname ;}\listid880243047}{\list\listtemplateid-1008274796\listhybrid{\listlevel\levelnfc23\levelnfcn23\leveljc0\leveljcn0\levelfollow0\levelstartat1\levelspace360\levelindent0{\leveltext\leveltemplateid67698689\'01{\uc0\u-3913 }?;}{\levelnumbers;}\f3\fbias0 \fi-360\li720\jclisttab\tx720\lin720 }{\listlevel\levelnfc23\levelnfcn23\leveljc0\leveljcn0\levelfollow0\levelstartat1\levelspace360\levelindent0{\leveltext\leveltemplateid67698691\'01o;}{\levelnumbers;}\f2\fbias0 \fi-360\li1440\jclisttab\tx1440\lin1440 }{\listlevel\levelnfc23\levelnfcn23\leveljc0\leveljcn0\levelfollow0\levelstartat1\levelspace360\levelindent0{\leveltext\leveltemplateid67698693\'01{\uc0\u-3929 }?;}{\levelnumbers;}\f10\fbias0 \fi-360\li2160\jclisttab\tx2160\lin2160 }{\listlevel\levelnfc23\levelnfcn23\leveljc0\leveljcn0\levelfollow0\levelstartat1\levelspace360\levelindent0{\leveltext\leveltemplateid67698689\'01{\uc0\u-3913 }?;}{\levelnumbers;}\f3\fbias0 \fi-360\li2880\jclisttab\tx2880\lin2880 }{\listlevel\levelnfc23\levelnfcn23\leveljc0\leveljcn0\levelfollow0\levelstartat1\levelspace360\levelindent0{\leveltext\leveltemplateid67698691\'01o;}{\levelnumbers;}\f2\fbias0 \fi-360\li3600\jclisttab\tx3600\lin3600 }{\listlevel\levelnfc23\levelnfcn23\leveljc0\leveljcn0\levelfollow0\levelstartat1\levelspace360\levelindent0{\leveltext\leveltemplateid67698693\'01{\uc0\u-3929 }?;}{\levelnumbers;}\f10\fbias0 \fi-360\li4320\jclisttab\tx4320\lin4320 }{\listlevel\levelnfc23\levelnfcn23\leveljc0\leveljcn0\levelfollow0\levelstartat1\levelspace360\levelindent0{\leveltext\leveltemplateid67698689\'01{\uc0\u-3913 }?;}{\levelnumbers;}\f3\fbias0 \fi-360\li5040\jclisttab\tx5040\lin5040 }{\listlevel\levelnfc23\levelnfcn23\leveljc0\leveljcn0\levelfollow0\levelstartat1\levelspace360\levelindent0{\leveltext\leveltemplateid67698691\'01o;}{\levelnumbers;}\f2\fbias0 \fi-360\li5760\jclisttab\tx5760\lin5760 }{\listlevel\levelnfc23\levelnfcn23\leveljc0\leveljcn0\levelfollow0\levelstartat1\levelspace360\levelindent0{\leveltext\leveltemplateid67698693\'01{\uc0\u-3929 }?;}{\levelnumbers;}\f10\fbias0 \fi-360\li6480\jclisttab\tx6480\lin6480 }{\listname ;}\listid1465586477}{\list\listtemplateid947286050\listhybrid{\listlevel\levelnfc23\levelnfcn23\leveljc0\leveljcn0\levelfollow0\levelstartat1\levelspace360\levelindent0{\leveltext\leveltemplateid67698689\'01{\uc0\u-3913 }?;}{\levelnumbers;}\f3\fbias0 \fi-360\li720\jclisttab\tx720\lin720 }{\listlevel\levelnfc23\levelnfcn23\leveljc0\leveljcn0\levelfollow0\levelstartat1\levelspace360\levelindent0{\leveltext\leveltemplateid67698691\'01o;}{\levelnumbers;}\f2\fbias0 \fi-360\li1440\jclisttab\tx1440\lin1440 }{\listlevel\levelnfc23\levelnfcn23\leveljc0\leveljcn0\levelfollow0\levelstartat1\levelspace360\levelindent0{\leveltext\leveltemplateid67698693\'01{\uc0\u-3929 }?;}{\levelnumbers;}\f10\fbias0 \fi-360\li2160\jclisttab\tx2160\lin2160 }{\listlevel\levelnfc23\levelnfcn23\leveljc0\leveljcn0\levelfollow0\levelstartat1\levelspace360\levelindent0{\leveltext\leveltemplateid67698689\'01{\uc0\u-3913 }?;}{\levelnumbers;}\f3\fbias0 \fi-360\li2880\jclisttab\tx2880\lin2880 }{\listlevel\levelnfc23\levelnfcn23\leveljc0\leveljcn0\levelfollow0\levelstartat1\levelspace360\levelindent0
{\leveltext\leveltemplateid67698691\'01o;}{\levelnumbers;}\f2\fbias0 \fi-360\li3600\jclisttab\tx3600\lin3600 }{\listlevel\levelnfc23\levelnfcn23\leveljc0\leveljcn0\levelfollow0\levelstartat1\levelspace360\levelindent0{\leveltext\leveltemplateid67698693\'01{\uc0\u-3929 }?;}{\levelnumbers;}\f10\fbias0 \fi-360\li4320\jclisttab\tx4320\lin4320 }{\listlevel\levelnfc23\levelnfcn23\leveljc0\leveljcn0\levelfollow0\levelstartat1\levelspace360\levelindent0{\leveltext\leveltemplateid67698689\'01{\uc0\u-3913 }?;}{\levelnumbers;}\f3\fbias0 \fi-360\li5040\jclisttab\tx5040\lin5040 }{\listlevel\levelnfc23\levelnfcn23\leveljc0\leveljcn0\levelfollow0\levelstartat1\levelspace360\levelindent0{\leveltext\leveltemplateid67698691\'01o;}{\levelnumbers;}\f2\fbias0 \fi-360\li5760\jclisttab\tx5760\lin5760 }{\listlevel\levelnfc23\levelnfcn23\leveljc0\leveljcn0\levelfollow0\levelstartat1\levelspace360\levelindent0{\leveltext\leveltemplateid67698693\'01{\uc0\u-3929 }?;}{\levelnumbers;}\f10\fbias0 \fi-360\li6480\jclisttab\tx6480\lin6480 }{\listname ;}\listid1580366386}{\list\listtemplateid1827015650\listhybrid{\listlevel\levelnfc23\levelnfcn23\leveljc0\leveljcn0\levelfollow0\levelstartat0\levelspace0\levelindent0{\leveltext\leveltemplateid271755052\'01-;}{\levelnumbers;}\fbias0 \fi-360\li360\jclisttab\tx360\lin360 }{\listlevel\levelnfc23\levelnfcn23\leveljc0\leveljcn0\levelfollow0\levelstartat1\levelspace0\levelindent0{\leveltext\leveltemplateid67698691\'01o;}{\levelnumbers;}\f2\fbias0 \fi-360\li1440\jclisttab\tx1440\lin1440 }{\listlevel\levelnfc23\levelnfcn23\leveljc0\leveljcn0\levelfollow0\levelstartat1\levelspace0\levelindent0{\leveltext\leveltemplateid67698693\'01{\uc0\u-3929 }?;}{\levelnumbers;}\f10\fbias0 \fi-360\li2160\jclisttab\tx2160\lin2160 }{\listlevel\levelnfc23\levelnfcn23\leveljc0\leveljcn0\levelfollow0\levelstartat1\levelspace0\levelindent0{\leveltext\leveltemplateid67698689\'01{\uc0\u-3913 }?;}{\levelnumbers;}\f3\fbias0 \fi-360\li2880\jclisttab\tx2880\lin2880 }{\listlevel\levelnfc23\levelnfcn23\leveljc0\leveljcn0\levelfollow0\levelstartat1\levelspace0\levelindent0{\leveltext\leveltemplateid67698691\'01o;}{\levelnumbers;}\f2\fbias0 \fi-360\li3600\jclisttab\tx3600\lin3600 }{\listlevel\levelnfc23\levelnfcn23\leveljc0\leveljcn0\levelfollow0\levelstartat1\levelspace0\levelindent0{\leveltext\leveltemplateid67698693\'01{\uc0\u-3929 }?;}{\levelnumbers;}\f10\fbias0 \fi-360\li4320\jclisttab\tx4320\lin4320 }{\listlevel\levelnfc23\levelnfcn23\leveljc0\leveljcn0\levelfollow0\levelstartat1\levelspace0\levelindent0{\leveltext\leveltemplateid67698689\'01{\uc0\u-3913 }?;}{\levelnumbers;}\f3\fbias0 \fi-360\li5040\jclisttab\tx5040\lin5040 }{\listlevel\levelnfc23\levelnfcn23\leveljc0\leveljcn0\levelfollow0\levelstartat1\levelspace0\levelindent0{\leveltext\leveltemplateid67698691\'01o;}{\levelnumbers;}\f2\fbias0 \fi-360\li5760\jclisttab\tx5760\lin5760 }{\listlevel\levelnfc23\levelnfcn23\leveljc0\leveljcn0\levelfollow0\levelstartat1\levelspace0\levelindent0{\leveltext\leveltemplateid67698693\'01{\uc0\u-3929 }?;}{\levelnumbers;}\f10\fbias0 \fi-360\li6480\jclisttab\tx6480\lin6480 }{\listname ;}\listid1668508640}{\list\listtemplateid-1061778270\listhybrid{\listlevel\levelnfc23\levelnfcn23\leveljc0\leveljcn0\levelfollow0\levelstartat1\levelspace360\levelindent0{\leveltext\leveltemplateid67698689\'01{\uc0\u-3913 }?;}{\levelnumbers;}\f3\fbias0 \fi-360\li720\jclisttab\tx720\lin720 }{\listlevel\levelnfc23\levelnfcn23\leveljc0\leveljcn0\levelfollow0\levelstartat1\levelspace360\levelindent0{\leveltext\leveltemplateid67698691\'01o;}{\levelnumbers;}\f2\fbias0 \fi-360\li1440\jclisttab\tx1440\lin1440 }{\listlevel\levelnfc23\levelnfcn23\leveljc0\leveljcn0\levelfollow0\levelstartat1\levelspace360\levelindent0{\leveltext\leveltemplateid67698693\'01{\uc0\u-3929 }?;}{\levelnumbers;}\f10\fbias0 \fi-360\li2160\jclisttab\tx2160\lin2160 }{\listlevel\levelnfc23\levelnfcn23\leveljc0\leveljcn0\levelfollow0\levelstartat1\levelspace360\levelindent0{\leveltext\leveltemplateid67698689\'01{\uc0\u-3913 }?;}{\levelnumbers;}\f3\fbias0 \fi-360\li2880\jclisttab\tx2880\lin2880 }{\listlevel\levelnfc23\levelnfcn23\leveljc0\leveljcn0\levelfollow0\levelstartat1\levelspace360\levelindent0{\leveltext\leveltemplateid67698691\'01o;}{\levelnumbers;}\f2\fbias0 \fi-360\li3600\jclisttab\tx3600\lin3600 }{\listlevel\levelnfc23\levelnfcn23\leveljc0\leveljcn0\levelfollow0\levelstartat1\levelspace360\levelindent0{\leveltext\leveltemplateid67698693\'01{\uc0\u-3929 }?;}{\levelnumbers;}\f10\fbias0 \fi-360\li4320\jclisttab\tx4320\lin4320 }{\listlevel\levelnfc23\levelnfcn23\leveljc0\leveljcn0\levelfollow0\levelstartat1\levelspace360\levelindent0{\leveltext\leveltemplateid67698689\'01{\uc0\u-3913 }?;}{\levelnumbers;}\f3\fbias0 \fi-360\li5040\jclisttab\tx5040\lin5040 }{\listlevel\levelnfc23\levelnfcn23\leveljc0\leveljcn0\levelfollow0\levelstartat1\levelspace360\levelindent0{\leveltext\leveltemplateid67698691\'01o;}{\levelnumbers;}\f2\fbias0 \fi-360\li5760\jclisttab\tx5760\lin5760 }{\listlevel\levelnfc23\levelnfcn23\leveljc0\leveljcn0\levelfollow0\levelstartat1\levelspace360\levelindent0{\leveltext\leveltemplateid67698693\'01{\uc0\u-3929 }?;}{\levelnumbers;}\f10\fbias0 \fi-360\li6480\jclisttab\tx6480\lin6480 }{\listname ;}\listid1871146710}}{\*\listoverridetable
{\listoverride\listid1871146710\listoverridecount0\ls1}{\listoverride\listid1668508640\listoverridecount0\ls2}{\listoverride\listid1465586477\listoverridecount0\ls3}{\listoverride\listid880243047\listoverridecount0\ls4}{\listoverride\listid19015464\listoverridecount0\ls5}{\listoverride\listid1580366386\listoverridecount0\ls6}}{\*\rsidtbl \rsid4010164\rsid12850387}{\*\generator Microsoft Word 10.0.4219;}{\info{\author Ganesan Venkataraman (gvenkata)}{\operator Ganesan Venkataraman (gvenkata)}{\creatim\yr2003\mo5\dy31\hr17\min4}{\revtim\yr2003\mo12\dy20\hr19\min29}{\version10}{\edmins20}{\nofpages1}{\nofwords76}{\nofchars436}{\*\company Cisco Systems, Inc.}{\nofcharsws511}{\vern16469}}\widowctrl\ftnbj\aenddoc\noxlattoyen\expshrtn\noultrlspc\dntblnsbdb\nospaceforul\hyphcaps0\horzdoc\dghspace120\dgvspace120\dghorigin1701\dgvorigin1984\dghshow0\dgvshow3\jcompress\viewkind4\viewscale100\nolnhtadjtbl\rsidroot12850387 \fet0\sectd \linex0\sectdefaultcl\sftnbj {\*\pnseclvl1\pnucrm\pnstart1\pnindent720\pnhang {\pntxta .}}{\*\pnseclvl2\pnucltr\pnstart1\pnindent720\pnhang {\pntxta .}}{\*\pnseclvl3\pndec\pnstart1\pnindent720\pnhang {\pntxta .}}{\*\pnseclvl4\pnlcltr\pnstart1\pnindent720\pnhang {\pntxta )}}{\*\pnseclvl5\pndec\pnstart1\pnindent720\pnhang {\pntxtb (}{\pntxta )}}{\*\pnseclvl6\pnlcltr\pnstart1\pnindent720\pnhang {\pntxtb (}{\pntxta )}}{\*\pnseclvl7\pnlcrm\pnstart1\pnindent720\pnhang {\pntxtb (}{\pntxta )}}{\*\pnseclvl8\pnlcltr\pnstart1\pnindent720\pnhang {\pntxtb (}{\pntxta )}}{\*\pnseclvl9\pnlcrm\pnstart1\pnindent720\pnhang {\pntxtb (}{\pntxta )}}\pard\plain \ql \li0\ri0\nowidctlpar\faauto\rin0\lin0\itap0 \fs24\cgrid{\b {\f1\fs20 U hebt nu de Wizard Audio-afstemming voltooid}}{\f1\fs18
}{\f1\fs18\par }
{\f1\fs18
}{\f1\fs18\par }
{\f1\fs18 Voer deze wizard opnieuw uit in de volgende situaties:}{\f1\fs18\par }
{\f1\fs18{\listtext\pard\plain\f3\fs18 \'b7\tab }}\pard \ql \fi-360\li720\ri0\nowidctlpar\jclisttab\tx720\faauto\ls6\rin0\lin720\itap0{\f1\fs18 Als u een nieuw apparaat aansluit}{\f1\fs18\par }
{\f1\fs18{\listtext\pard\plain\f3\fs18 \'b7\tab }\f1 Als er problemen met de audiokwaliteit van uw audioapparaten optreden
\par {\listtext\pard\plain\f3\fs18 \'b7\tab }\f1 Als u uw audio-instellingen in een ander programma, zoals het configuratiescherm Geluiden en Multimedia, wijzigt}{\f1\fs18
}{\f1\fs18\par }
{\f1\fs18}\pard \ql \li0\ri0\nowidctlpar\faauto\rin0\lin0\itap0{\f1\fs18
}{\f1\fs18\par }
{\f1\fs18}\pard \ql \li0\ri0\nowidctlpar\faauto\rin0\lin0\itap0 {\f1\fs18
Als u een of meer audio-instellingen buiten de wizard om hebt gewijzigd, verschijnt deze wizard mogelijk automatisch opnieuw wanneer u Cisco IP Communicator start. }{\f1\fs18
Kies in dat geval }{\b {\f1\fs18 Herstellen}}{\f1\fs18  tenzij u uw audio-instellingen wilt wijzigen.}{\f1\fs18\par }
{\f1\fs18
}{\f1\fs18\par }
{\f1\fs18 Klik op Voltooien om deze wizard af te sluiten.}{\f1\fs18\par }
{\f1\fs18}
}"/>

</TuningWizardStrings>