﻿<?xml version="1.0"?>

<ErrorReportStrings>
	
	<label ok			="OK"/>
	<label exit			="Afsluiten"/>
	<label cancel			="Annuleren"/>
	<label errorHeading		="Fout"/>
	<label stackTrace		="Stacktracering"/>
	<label viewStackTrace		="Stacktracering weergeven"/>

	<label name			="Naam"/>
	<label extension		="Toestelnummer Cisco IP Communicator"/>
	<label problemTime		="Tijdstip waarop het probleem zich voordeed"/>
	<label problemDetails		="Probleemgegevens"/>
	<label specifyAllFields		="Geef alle velden op"/>

	<label ERT_usageString			="GEBRUIK&#13;=======&#13;AutoUpdate parameterName1=&lt;parameterValue1&gt; parameterName2=&lt;parameterValue2&gt; ...&#13;&#13;PARAMETERS:&#13;Specificeer httpServer/tftpServer, installFolder, manifestFile&#13;Optionele parameters zijn mode, waitWindow en postUpdateScript&#13;Voor parameters wordt geen onderscheid gemaakt in volgorde en kleine en hoofdletters&#13;&#13;E.g.&#13;AutoUpdate httpServer=http://www.webserver.com/Communicator installFolder=&quot;D:\Program Files\ACME Systems\ACME Studio&quot; mode=install waitWindow=&quot;ACME Studio&quot; postUpdateScript=Notepad.exe"/>
	<label ERT_errorTitle			="Hulpprogramma Foutrapport - Fout"/>
	<label ERT_endMessage			="Hulpprogramma Foutrapport heeft de benodigde gegevens verzameld&#13;De locatie wordt hieronder getoond&#13;Verwijder dit bestand wanneer deze gegevens niet meer nodig zijn"/>
	<label ERT_gatheringSystemInfo		="Systeemgegevens verzamelen..."/>
	<label ERT_gatheringAppConfig		="Toepassingsconfiguratie verzamelen..."/>
	<label ERT_gatheringAppLogs		="Toepassingslogboeken verzamelen..."/>
	<label ERT_gatheringInstallLogs		="Installatielogboeken verzamelen..."/>
	<label ERT_gatheringAutoUpdateLogs	="AutoUpdate-logboeken verzamelen..."/>
	<label ERT_gatheringCrashDumpLogs	="Logboeken met crashdumpgegevens verzamelen..."/>
	<label ERT_logsGathered			="Verzamelen van gegevens voltooid"/>
	<label ERT_enterProblemDescription	="Typ hieronder de beschrijving"/>
	<label ERT_windowTitle			="Cisco IP Communicator Foutrapport"/>
	<label ERT_unableToZip			="Kan de vereiste bestanden niet inpakken"/>
	<label ERT_unableToChangeDirectory	="Kan de directory niet wijzigen in de volgende map"/>
	<label ERT_unableToCopyFiles		="Kan de volgende bestanden niet kopiëren"/>
	<label ERT_SoftPhoneSENotFound		="Kan de installatie van Cisco IP Communicator niet vinden&#13;Controleer of het programma correct is geïnstalleerd"/>
	<label ERT_RemoveConfig			="Bestaande configuratie verwijderen?"/>
	<label ERT_RemoveLogs			="Bestaande logboeken verwijderen?"/>
	<label ERT_RemoveAction			="Verwijderen..."/>
	<label ERT_DeleteAction			="Verwijderen..."/>

</ErrorReportStrings>