﻿<?xml version="1.0"?>

<CommunicatorStrings>
	<label rtlFlag="1"/>
	<label ok			="موافق"/>
	<label cancel		="إلغاء الأمر"/>
	<label apply		="تطبيق"/>
	<label verify		="التحقق"/>
	<label yes			="نعم"/>
	<label no			="لا"/>
	<label yesToAll		="نعم للكل"/>
	<label noToAll		="لا للكل"/>
	<label abort		="إيقاف"/>
	<label retry		="إعادة المحاولة"/>
	<label error		="خطأ"/>
	<label edit			="تحرير"/>
	<label exit			="خروج"/>
	<label close		="إغلاق"/>
	<label view			="عرض"/>
	<label update		="تحديث"/>
	<label help			="تعليمات"/>
	<label about		="حول"/>
	<label proceed		="المواصلة"/>
	<label next			="التالي"/>
	<label back			="السابق"/>
	<label finish		="إنهاء"/>
	<label accept		="قبول"/>
	<label acceptAll	="قبول الكل"/>
	<label reject		="رفض"/>
	<label rejectAll	="رفض الكل"/>
	<label status		="الحالة"/>
	<label cannotProceed="لا يمكن المواصلة"/>
	<label details		="تفاصيل"/>
	<label viewDetails	="عرض التفاصيل"/>
	<label consultAdmin	="استشر مسؤول النظام"/>
	<label ensureNetwork="تأكد من أنك متصل بالشبكة"/>

	<label title		="Cisco IP Communicator"/>
	<label autoUpdate	="CIPCLocaleDownloader"/>
	<label file			="ملف"/>
	<label module		="الوحدة"/>
	<label archive		="الأرشيف"/>
	<label downloading	="جارٍ التنزيل"/>
	<label installing	="جاري التثبيت..."/>
	<label extracting	="جاري الاستخراج..."/>
	<label progress		="تقدم"/>
	<label updateType	="نوع التحديث"/>
	<label recommended	="الموصي به"/>
	<label required		="مطلوب"/>

	<label bitsLong			="بت"/>
	<label bitsShort		="ب"/>
	<label bytesLong		="بايت"/>
	<label bytesShort		="ب"/>
	<label kiloLong			="كيلو"/>
	<label kiloShort		="ك"/>
	<label kilobytesShort	="كيلو بايت"/>
	<label kilobytesLong	="كيلو بايت"/>
	<label megaLong			="ميجا"/>
	<label megaShort		="M"/>
	<label megabytesShort	="ميغابايت"/>
	<label megabytesLong	="ميغابايت"/>
	<label gigaLong			="جيغا"/>
	<label gigaShort		="ج"/>
	<label gigabytesShort	="جيغابايت"/>
	<label gigabytesLong	="جيغابايت"/>
	<label teraLong			="تيرا"/>
	<label teraShort		="T"/>
	<label terabytesShort	="ت ب"/>
	<label terabytesLong	="تيرا بايت"/>

	<label downloadSpeed	="سرعة التنزيل"/>
	<label timeRemaining	="الوقت المتبقي"/>

	<label secondShort		="ث"/>
	<label secondLong		="ثانية"/>
	<label secondsLong		="ثوان"/>
	<label minuteShort		="د"/>
	<label minuteLong		="دقيقة"/>
	<label minutesLong		="دقائق"/>
	<label hourShort		="س"/>
	<label hoursLong		="ساعة"/>
	<label hoursLong		="ساعات"/>

	<label unknown					="غير معروف"/>
	<label overallProgress			="التقدم الكلي..."/>
	<label gettingManifest			="جاري تنزيل وصف التثبيت..."/>
	<label inspectingInstallation	="جاري فحص التثبيت الحالي..."/>
	<label preparingToInstallFiles	="جاري الإعداد لتثبيت الملفات..."/>
	<label doingUpdates				="جارٍ تنزيل المواقع المحلية..."/>
	<label confirmCancel			="‏‏هل تريد بالفعل إلغاء الأمر؟"/>

	<label AU_usageString			="USAGE&#13;=======&#13;CIPCLocaleDownloader parameterName1=&lt;parameterValue1&gt; parameterName2=&lt;parameterValue2&gt; ...&#13;&#13;PARAMETERS:&#13;يجب تحديد httpServer/tftpServer, installFolder, manifestFile&#13;المعلمات الاختيارية هي الوضع وwaitWindow وpostUpdateScript&#13;تكون المعلمات حساسة لكل من الترتيب وحالة الحرف&#13;&#13;E.g.&#13;CIPCLocaleDownloader httpServer=http://www.webserver.com/Communicator installFolder=&quot;D:\Program Files\ACME Systems\ACME Studio&quot; mode=install waitWindow=&quot;ACME Studio&quot; postUpdateScript=Notepad.exe"/>
	<label AU_errorTitle			="خطأ CIPCLocaleDownloader"/>
	<label AU_errorHeading			="وقع خطأ"/>
	<label AU_stackTrace			="تتبع التكدس"/>
	<label AU_viewStackTrace		="عرض تتبع التكدس"/>
	<label AU_autoupdateComponentNotDefined	="خطأ في ملف بيانCIPC Locale - مكون الموضع غير معرف"/>
	<label AU_closeWindowTitle		="الرجاء إغلاق كل الإطارات التي بالعنوان التالي"/>
	<label AU_endProcesses			="الرجاء إنهاء العمليات التالية قبل الاستمرار"/>

	<label AU_repairs					="الإصلاحات"/>
	<label AU_repairsList				="تحتوي الوحدات التالية على ملفات مفقودة أو تم تغييرها"/>
	<label AU_requiredUpdates			="تحديثات مطلوبة"/>
	<label AU_requiredUpdatesList		="تحتوي الوحدات التالية على تحديثات مطلوبة"/>
	<label AU_recommendedUpdates		="تحديثات موصى بها"/>
	<label AU_recommendedUpdatesList	="تحتوي الوحدات التالية على تحديثات موصى بها"/>
	<label AU_chooseIndividualUpdates	="حدد لكل وحدة"/>
	<label AU_selectUpdate				="هل تريد تطبيق الوحدات الموصى بها على الوحدة التالية؟"/>
	<label AU_installAny				="هل ترغب في تثبيت أي منها؟"/>
	<label AU_module					="الوحدة"/>
	<label AU_downloadSize				="حجم التنزيل"/>
	<label AU_wantToDoUpdates			="هناك بعض التحديثات المتاحة&#13;&#13;هل ترغب في تنزيلها وتثبيتها الآن؟" />

	<label AU_olderVersionInstalled		="إصدار الملف المثبت أقدم"/>
	<label AU_newerVersionInstalled		="إصدار الملف المثبت أحدث"/>
	<label AU_equalVersionInstalled		="إصدار الملف المثبت مشابه"/>
	<label AU_checksumMismatch			="لا تطابق قيمة مراجعة الملف القيمة المتوقعة"/>
	<label AU_olderFileInstalled		="التاريخ المعدل للملف المثبت أقدم"/>
	<label AU_newerFileInstalled		="التاريخ المعدل للملف المثبت أحدث"/>
	<label AU_modifiedDatesMatch		="التواريخ المعدلة متطابقة"/>
	<label AU_unableToCompareFiles		="تعذر مقارنة الملفات"/>

	<label AU_Error_tftpHttpNotDefined			="يجب أن تحدد إما tftpServer أو httpServer"/>
	<label AU_Error_installFolderNotDefined		="لم يتم تحديد مجلد التثبيت"/>
	<label AU_Error_manifestFileNotDefined		="لم يتم تحديد ملف البيانات"/>
	<label AU_Error_downloadManifestFailed		="تعذر تنزيل ملف البيانات"/>
	<label AU_Error_invalidUpdateMode			="وضع تحديث غير صالح. الأوضاع المسموح بها هي 'تثبيت' و'استعلام'"/>
	<label AU_Error_errorInManifest				="ملف البيانات تالف"/>
	<label AU_Error_cannotProceed				="لا يمكن مواصلةCIPCLocaleDownloader"/>
	<label AU_Error_invalidVersionString		="سلسلة إصدار غير صالحة"/>
	<label AU_Error_fileNotFound				="لم يتم العثور على الملف"/>
	<label AU_Error_unsupportedProtocol			="بروتوكول النقل غير مدعوم أو غير صالح"/>
	<label AU_Error_downloadedFileInvalid		="الملف الذي تم تنزيله لا يطابق الوصف"/>
	<label AU_Error_requiredUpdateFailed		="تعذر تثبيت التحديثات المطلوبة للوحدة التالية"/>
	<label AU_Error_recommendedUpdateFailed		="تعذر تثبيت التحديثات الموصى بها للوحدة التالية"/>
	<label AU_Error_repairFailed				="فشل تحديث الوحدة التالية"/>
	<label AU_Error_preinstallFileInstall		="فشل تثبيت ملفات ماقبل التثبيت"/>
	<label AU_Error_postinstallFileInstall		="فشل تثبيت ملفات ما بعد التثبيت"/>
	<label AU_Error_moduleFileInstall			="فشل تثبيت ملفات الوحدة"/>
	<label AU_Error_preinstallFileDownload		="فشل تثبيت ملفات ماقبل التنزيل"/>
	<label AU_Error_postinstallFileDownload		="فشل تنزيل ملفات ما بعد التثبيت"/>
	<label AU_Error_moduleFileDownload			="فشل تنزيل ملفات الوحدة"/>
	<label AU_Error_preinstallFileInstall		="فشل تثبيت ملفات ما قبل التثبيت"/>
	<label AU_Error_postinstallFileInstall		="فشل تثبيت ملفات ما بعد التثبيت"/>
	<label AU_Error_moduleFileInstall			="فشل تثبيت ملفات الوحدة"/>
	<label AU_Error_moduleSettingInstall		="فشل تثبيت إعدادات الوحدة"/>
	<label AU_Error_preinstallScript			="أصدر نص ما قبل التثبيت خطأً"/>
	<label AU_Error_postinstallScript			="أصدر نص ما بعد التثبيت خطأً"/>
	<label AU_Error_downloadFileError			="تعذر تنزيل الملف"/>
	<label AU_Error_installFileError			="تعذر تثبيت الملف"/>
	<label AU_Error_unableToChangeModifiedDate	="تعذر تغيير تاريخ آخر تعديل"/>
	<label AU_Error_archiveFileMismatch			="الملف الموجود في الأرشيف لا يطابق وصفه"/>
	<label AU_Error_archiveInstall				="تعذر تثبيت الأرشيف"/>
	<label AU_Error_recommendedUpdateFailureList="فشلت التحديثات التالية الموصى بها"/>
	<label AU_Error_autoUpdateCancelled			="تم إلغاء CIPCLocaleDownloader!"/>

	<label AU_Error_HTTPTimeout					="توقف HTTP"/>
	<label AU_Error_HTTPError					="خطأ HTTP"/>
	<label AU_Error_HTTPConnectionClosed		="إغلاق اتصال HTTP"/>

	<label AU_Error_xmlTagNotFound		="لم يتم العثور على علامة XML"/>
	<label AU_Error_xmlDataNotFound		="لم يتم العثور على بيانات XML"/>
	
	<label AU_Error_failedToInitialize			="تعذر بدء تشغيل CIPCLocaleDownloader"/>
	<label AU_Error_ensureNoOtherApps			="الرجاء إغلاق كل التطبيقات الأخرى وإعادة المحاولة"/>

</CommunicatorStrings>