﻿<?xml version="1.0"?>

<ErrorReportStrings>
	
	<label ok			="موافق"/>
	<label exit			="خروج"/>
	<label cancel			="إلغاء"/>
	<label errorHeading		="خطأ"/>
	<label stackTrace		="تتبع التكديس"/>
	<label viewStackTrace		="عرض تتبع التكديس"/>

	<label name			="الاسم"/>
	<label extension		="امتداد برنامج Cisco IP Communicator"/>
	<label problemTime		="وقت حدوث المشكلة"/>
	<label problemDetails		="تفاصيل المشكلة"/>
	<label specifyAllFields		="الرجاء تحديد كل الحقول"/>

	<label ERT_usageString			="USAGE&#13;=======&#13;AutoUpdate parameterName1=&lt;parameterValue1&gt; parameterName2=&lt;parameterValue2&gt; ...&#13;&#13;PARAMETERS:&#13;يجب أن تحدد httpServer/tftpServer, installFolder, manifestFile&#13;المعاملات الاختيارية هي الوضع وwaitWindow وpostUpdateScript&#13;لا تكون المعاملات حساسة لكل من الترتيب وحالة الحرف&#13;&#13;E.g.&#13;AutoUpdate httpServer=http://www.webserver.com/Communicator installFolder=&quot;D:\Program Files\ACME Systems\ACME Studio&quot; mode=install waitWindow=&quot;ACME Studio&quot; postUpdateScript=Notepad.exe"/>
	<label ERT_errorTitle			="أداة الإبلاغ عن الأخطاء - خطأ"/>
	<label ERT_endMessage			="لقد جمعت أداة الإبلاغ عن الأخطاء المعلومات الضرورية &#13;يتم عرض الموضع فيما يلي&#13;ينبغي أن تحذف هذا الملف عندما لا تصبح هذه المعلومات ضرورية"/>
	<label ERT_gatheringSystemInfo		="جاري جمع معلومات عن النظام..."/>
	<label ERT_gatheringAppConfig		="جاري جمع تهيئة التطبيق..."/>
	<label ERT_gatheringAppLogs		="جاري جمع سجلات التطبيق..."/>
	<label ERT_gatheringInstallLogs		="جاري جمع سجلات التثبيت..."/>
	<label ERT_gatheringAutoUpdateLogs	="جاري جمع سجلات التحديث التلقائي..."/>
	<label ERT_gatheringCrashDumpLogs	="جاري جمع سجلات إلغاء التوقف..."/>
	<label ERT_logsGathered			="جمع المعلومات اكتمل"/>
	<label ERT_enterProblemDescription	="قم بإدخال وصف المشكلة بالأسفل"/>
	<label ERT_windowTitle			="تقرير خطأ في برنامج Cisco IP Communicator"/>
	<label ERT_unableToZip			="تعذر ضغط الملفات الضرورية"/>
	<label ERT_unableToChangeDirectory	="لا يمكن تغيير الدليل للمجلد التالي"/>
	<label ERT_unableToCopyFiles		="تعذر نسخ الملفات التالية"/>
	<label ERT_SoftPhoneSENotFound		="تعذر تحديد موضع تثبيت برنامج Cisco IP Communicator&#13;الرجاء التأكد من أنه مثبت بشكل صحيح"/>
	<label ERT_RemoveConfig			="هل تريد إزالة التهيئة الموجودة؟"/>
	<label ERT_RemoveLogs			="هل تريد إزالة السجلات الموجودة؟"/>
	<label ERT_RemoveAction			="جاري الإزالة..."/>
	<label ERT_DeleteAction			="جاري الحذف..."/>

</ErrorReportStrings>