﻿<?xml version="1.0"?>
<CommunicatorStrings>
	<label rtlFlag="1"/>
	<label ok="موافق"/>
	<label cancel="إلغاء الأمر"/>
	<label apply="تطبيق"/>
	<label applyToAll="التطبيق على الكل"/>
	<label verify="التحقق"/>
	<label yes="نعم"/>
	<label no="لا"/>
	<label yesToAll="نعم للكل"/>
	<label noToAll="لا للكل"/>
	<label abort="إحباط"/>
	<label retry="إعادة المحاولة"/>
	<label error="خطأ"/>
	<label edit="تحرير"/>
	<label exit="خروج"/>
	<label close="إغلاق"/>
	<label move="نقل"/>
	<label view="عرض"/>
	<label update="تحديث"/>
	<label help="تعليمات"/>
	<label about="حول برنامج Cisco IP Communicator"/>
	<label proceed="مواصلة"/>
	<label next="التالي"/>
	<label back="السابق"/>
	<label show="عرض Cisco IP Communicator"/>
	<label hide="إخفاء Cisco IP Communicator"/>
	<label AGNT_checkAutoUpdate="البحث عن تحديثات جديدة"/>
	<label finish="إنهاء"/>
	<label accept="قبول"/>
	<label acceptAll="قبول الكل"/>
	<label reject="رفض"/>
	<label rejectAll="رفض الكل"/>
	<label none="بلا"/>
	<label network="الشبكة"/>
	<label user="المستخدم"/>
	<label java="جافا"/>
	<label audio="صوت"/>
	<label advAudio="صوت متطور"/>
	<label directories="الأدلة "/>
	<label ldapSettings="إعدادات دليل LDAP"/>
	<label ldapUserName="اسم المستخدم:"/>
	<label ldapPassword="كلمة المرور:"/>
	<label wave="الموجة"/>
	<label kernelStreaming="التدفق الأساسي"/>
	<label itu="ITU"/>
	<label ciscoIPPhone="هاتف الإنترنت Cisco"/>
	<label speakerphone="هاتف بسماعة"/>
	<label headset="سماعة رأس"/>
	<label handset="سماعة يد"/>
	<label ringer="الجرس"/>
	<label hid="جهاز بواجهة مستخدم (HID)"/>
	<label status="الحالة"/>
	<label title="Cisco IP Communicator"/>
	<label autoUpdate="التحديث التلقائي"/>
	<label skins="أشكال الواجهة"/>
	<label screenOnly="الشاشة فقط"/>
	<label alwaysOnTop="فوق السطح دائمًا"/>
	<label startPhone="بدء تشغيل الهاتف"/>
	<label stopPhone="إيقاف الهاتف"/>
	<label atwMenu="معالج ضبط الصوت"/>
	<label quickSearchMenu="بحث سريع..."/>
	<label ciscoUserOptions="خيارات مستخدم إدارة الاتصالات (CM) الموحدة من Cisco"/>
	<label preferences="تفضيلات..."/>
	<label userGuide="دليل المستخدم"/>
	<label DLG_Settings="تفضيلات"/>
	<label default="افتراضي"/>
	<label file="ملف"/>
	<label module="الوحدة"/>
	<label archive="الأرشيف"/>
	<label progress="تقدم"/>
	<label updateType="نوع التحديث"/>
	<label recommended="موصى به"/>
	<label required="مطلوب"/>
	<label statStarting="بدء %s"/>
	<label statInstalling="تركيب %s"/>
	<label statInitializing="بدء تشغيل %s"/>
	<label statReading="قراءة %s"/>
	<label statConnectTFTP="الاتصال مع ملقم TFTP"/>
	<label cdpDriver="CDP"/>
	<label questionMark="؟"/>
	<label mtDriver="صوت"/>
	<label localSettings="الإعدادات المحلية"/>
	<label networkSettings="إعدادات الشبكة"/>
	<label hibernateWarning="إذا دخل الكمبيوتر في وضع السبات، سيقوم برنامج Cisco IP Communicator بفصل مكالمتك الحالية. هل ترغب في منع الكمبيوتر من الدخول في وضع السبات؟"/>
	<label closeWarning="إذا خرجت الآن، سيقوم برنامج Cisco IP Communicator ftwg بفصل مكالمتك الحالية. هل ترغب في الخروج؟"/>
	<label configWarning="إذا قمت بتغيير تفضيلاتك الآن، سيقوم برنامج Cisco IP Communicator بفصل مكالمتك الحالية. هل ترغب في الاستمرار؟"/>
	<label configError="تمت إزالة جهاز صوت أثناء مكالمة نشطة. سيؤدي هذا إلى فصل المكالمة النشطة."/>
	<label undockWarning="إذا كان يتم إلغاء إرساء الكمبيوتر، سيقوم برنامج Cisco IP Communicator بفصل مكالمتك الحالية. هل ترغب في إيقاف إلغاء إرساء الكمبيوتر؟"/>
	<label endSessionWarning="إذا قمت بإنهاء جلسة Windows الآن سيقوم برنامج Cisco IP Communicator بفصل مكالمتك الحالية. هل ترغب في إنهاء جلستك الآن؟"/>
	<label INF_infoCaption="برنامج Cisco IP Communicator - معلومات"/>
	<label INF_TFTPRestart="تعذر إعادة تشغيل برنامج Cisco IP Communicator. برجاء إعادة تشغيل التطبيق يدويًا."/>
	<label needReboot="لقد قام Cisco IP Communicator بتثبيت برنامج جديد يتطلب منك إعادة تشغيل الكمبيوتر لإنهاء التثبيت."/>
	<label fetchingDirectories="جلب معلومات دليلLDAP"/>
	<label fetchingDialingRules="جلب قواعد إجراء الاتصال"/>
	<label restartForLocaleChange="تحتاج إلى إعادة تشغيل برنامج Communicator ليتم تطبيق تغييرات اللغة."/>
	<label copyright="حقوق الطبع والنشر 2004-2011 Cisco Systems, Inc. جميع الحقوق محفوظة."/>
	<label copyrightSplash="حقوق النشر لعام 2011 محفوظة لشركة Cisco Systems, Inc. جميع الحقوق محفوظة. تتوفر المعلومات الاستشارية حول استيراد التشفير والاستخدام والتزويد في القائمة تعليمات أسفل &quot;حول Cisco IP Communicator&quot;. "/>
	<label versionSplash="الإصدار "/>
	<label versionCdp="إصدار برنامج تشغيل CDP:"/>
	<label versionCpmt="إصدار محرك الصوت:"/>
	<label Notices="إشعارات Cisco وإخلاء المسئولية:"/>
	<label NoticesText="***إشعار مهم بشأن مكالمات الطوارئ - الرجاء قراءته***&#13;&#10;&#13;&#10;أثناء الطوارئ، قد لا توفر تقنية هاتف الإنترنت بيانات الموضع الأكثر سرعة ودقة إذا تم استخدامها في الاتصال برقم الطوارئ (مثال 911، 999، 112). يمكن توجيه المكالمات بشكل خاطئ إلى مركز الطوارئ غير الصحيح أو قد يقوم مركز الطوارئ بارتكاب أخطاء عند تحديد موضعك. استخدم هاتف الإنترنت على مسؤوليتك أثناء الطوارئ. لن تكون شركة Cisco مسؤولة قانونيًا عن الأخطاء أو التأخيرات الناتجة.&#13;&#10;&#13;&#10;&#13;&#10;***إشعار المحتوى قوي التشفير***&#13;&#10;&#13;&#10;يحتوي هذا المنتج على خصائص تشفيرية وهو خاضع لقوانين الولايات المتحدة والقوانين المحلية في الدول التي تحكم الاستيراد والتصدير والنقل والاستخدام. لا يعني تسليم منتجات Cisco التشفيرية أن هناك سلطة أخرى تملك حق استيراد التشفير أو تصديره أو توزيعه أو استخدامه. يكون المستوردون والمصدرون والموزعون والمستخدمون مسؤولين عن التوافق مع قوانين الولايات المتحدة والقوانين المحلية في الدول. توافق باستخدامك لهذا المنتج على التوافق مع القوانين واللوائح النافذة. إذا كنت غير قادر على التوافق مع قوانين الولايات المتحدة والقوانين المحلية، فقم بإعادة هذا المنتج على الفور.&#13;&#10;&#13;&#10;&#13;&#10;يمكن العثور على موجز لقوانين الولايات المتحدة التي تحكم منتجات Cisco التشفيرية على:&#13;&#10;&#13;&#10;http://www.cisco.com/wwl/export/crypto/tool/stqrg.html&#13;&#10;&#13;&#10;إذا كنت بحاجة إلى المزيد من المساعدة فالرجاء الاتصال بنا عن طريق إرسال بريد إلكتروني إلى export@cisco.com.&#13;&#10;&#13;&#10;&#13;&#10;***إشعار أداة الإبلاغ عن المشكلات***&#13;&#10;&#13;&#10;ستقوم أداة الإبلاغ عن المشكلات (PRT) بجمع السجلات من الكمبيوتر الخاص بك والتي قد تشمل معلومات الاتصال ومحتوى الرسائل الفورية وأرقام الهواتف ومعلومات أخرى يمكن استخدامها في التعرف على شخصيتك أو شخصيات أخرى. تكون هذه المعلومات مطلوبة كجزء من عملية التشخيص من أجل تحديد سبب المشكلة الفنية التي أبلغت عنها. ربما يتم نقل السجلات عبر الحدود أو تخزينها مؤقتًا في إطار عملية التشخيص. توافق باستخدامك لأداة PRT على توفير السجلات لشركة Cisco من أجل تمكينها من استكشاف وإصلاح أية مشكلات فنية في برنامج Cisco IP Communicator. "/>
		
	<label ERR_alreadyRunning="برنامج Cisco IP Communicator قيد التشغيل بالفعل"/>
	<label ERR_exception="استثناء"/>
	<label ERR_exceptionCaption="Communicator - خطأ في الاستثناء"/>
	<label ERR_notDib="توجد مشكلة في الشكل الحالي: ملف bitmap ليس بالتنسيق DIB"/>
	<label ERR_notOS2Supported="توجد مشكلة في الشكل الحالي: التنسيق OS2 Bitmap غير مدعوم"/>
	<label ERR_invalidSkin="ملف الشكل الحالي غير صالح"/>
	<label ERR_invalidButton="يحتوي ملف الشكل الحالي على زر غير صالح"/>
	<label ERR_noStreamDev="لا توجد أجهزة صوت متوافقة مركبة في هذا الكمبيوتر. برجاء النقر على 'موافق' للخروج."/>
	<label ERR_noRingDev="لا توجد أجهزة صوت متوافقة مركبة في هذا الكمبيوتر. برجاء النقر على 'موافق' للخروج."/>
	<label ERR_noNetworkDev="لا توجد واجهات شبكة متوافقة على هذا الجهاز. برجاء تثبيت واجهة شبكة."/>
	<label ERR_noJVM="لم تتم تهيئة مسار JVM. لا يمكن تنفيذ JVM في الوضع DEBUG 'تصحيح الأخطاء'."/>
	<label ERR_invokeJVM="لا يمكن استدعاء JVM - JNI_CreateJavaVM()"/>
	<label ERR_noVenderInfo="لا توجد معلومات مورد داخل الملف config"/>
	<label ERR_mismatchMAC="واجهة الشبكة التي اخترتها للتسجيل في برنامج Cisco CallManager مفقودة أو معطلة. إما أن تختار 'موافق' إذا كنت قد قمت بإزالة هذه الواجهة عمدًا واخترت واجهة جديدة، وإما أن تختار 'إلغاء' للخروج."/>
	<label ERR_mismatchVPN="واجهة الشبكة التي اخترتها للصوت ليس لديها عنوان IP صالح. اختر 'موافق' لاختيار واجهة مختلفة أو 'إلغاء' للخروج."/>
	<label ERR_noNetAdapterCC="الرجاء اختيار واجهة شبكة للتسجيل في برنامج Cisco CallManager. تم اختيار واجهة افتراضية."/>
	<label ERR_deviceNameLength="اسم جهاز غير صالح. يجب أن يكون اسم الجهاز من 15 حرفًا ويجب أن يحتوي على الحروف [a-z A-Z 0-9._-]" />
	<label ERR_noNetAdapterVPN="الرجاء اختيار واجهة شبكة للصوت."/>
	<label ERR_noTFTPServer="لا يمكن الوصول إلى ملقم TFTP."/>
	<label ERR_cannotReadSettings="تعذر قراءة الإعدادات"/>
	<label ERR_networkAdaptorAbsent="تعذر العثور على محول شبكة مطلوب للتسجيل"/>
	<label ERR_badHostNameSpecified="تم تحديد اسم مستضيف سيء في التفضيلات"/>
	<label ERR_badNetworkInterfaceSpecified="تم تحديد واجهة شبكة سيئة في التفضيلات"/>
	<label ERR_cannotInitializeGraphics="تعذر بدء تشغيل الشاشة"/>
	<label ERR_cannotInitializeMedia="تعذر بدء تشغيل الوسائط"/>
	<label ERR_cannotStartCdp="تعذر بدء تشغيل الدعم لخدمة Cisco Emergency Responder. الرجاء استشارة مسؤول النظام لديك."/>
	<label ERR_cannotInitializeKeyboard="تعذر بدء تشغيل تعيينات لوحة المفاتيح"/>
	<label ERR_cannotInitializeGUI="تعذر بدء تشغيل واجهة المستخدم الرسومية"/>
	<label ERR_cannotAutoUpdate="تعذر البحث عن تحديثات"/>
	<label ERR_invalidDeviceLoad="حمولة جهاز غير صالحة"/>
	<label ERR_wrongAutoUpdatePath="مسار التحديث التلقائي التالي غير مدعوم:"/>
	<label ERR_invalidPortRange="نطاق المنفذ المحدد غير صالح. لا يمكن أن يكون إلا أرقامًا من 1 حتى 65536. برجاء تصحيحه والنقر فوق 'موافق'."/>
	<label ERR_cannotLaunchCVTA="تعذر بدء تشغيل برنامج Cisco Unified Video Advantage."/>
	<label ERR_cvtaNotFound="مطلوب برنامج Cisco Unified Video Advantage الإصدار 2.0(1) أو ما بعده."/>
	<label ERR_checkDevicePreferences="الرجاء التأكد من أن تفضيلات جهاز الصوت صحيحة باستخدام معالج ضبط الصوت أو من قائمة 'تفضيلات'."/>	
	<label ERR_invalidTFTPServer="يحتوي عنوان ملقم TFTP على حقل فارغ."/>
	<label ERR_invalidAudioIP="يحتوي عنوان بروتوكول الإنترنت للصو ت على حقل فارغ."/>

	<label DLG_ND_Label="قم بإدخال اسم أو رقم للاتصال به"/>
	<label DLG_ND_MessageNone="لم يتم العثور على نتائج مطابقة"/>
	<label DLG_ND_MessageOne="تم العثور على نتيجة مقابلة واحدة"/>
	<label DLG_ND_Message25="تم العثور على عدة نتائج مطابقة. توجد فيما يلي قائمة بها."/>
	<label DLG_ND_Message25p="تم العثور على عدة نتائج مقابلة. فيما يلي قائمة بأول%d نتائج. قم بتحسين بحثك ليعرض المزيد من النتائج المقابلة."/>
	<label DLG_ND_MultipleMatches="نتائج بحث متعددة"/>
	<label DLG_ND_TooManyMatches="نتائج بحث كثيرة جدًا"/>
	<label DLG_ND_RefineSearch="يتم عرض أول %d عناصر. حاول تحسين معايير البحث"/>
	<label DLG_ND_QuickSearch="بحث سريع"/>
	<label DLG_ND_QuickDial="اتصال سريع"/>
	<label DLG_ND_Search="بحث"/>
	<label DLG_ND_Dial="تحديد"/>
	<label DLG_ND_First="الأول"/>
	<label DLG_ND_Last ="الأخير"/>
	<label DLG_ND_EMail="بريد إلكتروني"/>
	<label DLG_ND_Number="الرقم"/>
	<label DLG_ND_Mobile="محمول"/>
	<label DLG_ND_ThereWereErrors="كانت هناك أخطاء"/>
	<label DLG_ND_Label="البحث عن ..."/>
	<label ERR_ND_NoSearchBase="لم يتم تحديد قاعدة بحث LDAP"/>
	<label ERR_ND_NoUserName="خطأ في اعتماد LDAP: لم يتم تحديد اسم المستخدم"/> 
	<label ERR_ND_ConnectFailed="تعذر فتح اتصال LDAP مع الملقم"/>
	<label ERR_ND_AuthFailed="تعذر تسجيل الدخول. راجع اسم المستخدم/كلمة المرور"/>
	<label ERR_ND_FileError="خطأ في الملف أثناء كتابة نتائج LDAP"/>
	<label ERR_ND_NoSelection="لم تقم بعمل تحديد"/>
	<label ERR_ND_NoPhoneNumbers="لا توجد أرقام هاتف في الإدخال المحدد"/>

	<label DLG_ChoosePhoneNumber="اختر رقم هاتف"/>
	<label DLG_CPN_Message="تم العثور على عدة أرقام هاتف. برجاء اختيار رقم الهاتف الذي سيتم الاتصال به."/>

	<label DLG_NW_TFTPServerGroup="أجهزة خادم TFTP"/>
	<label DLG_NW_ConnConfig="إعدادات CallManager"/>
	<label DLG_NW_AutoTftp="استخدم القيمة الافتراضية TFTP Servers"/>
	<label DLG_NW_CustomTftp="استخدم أجهزة خادم TFTP هذه:"/>
	<label DLG_NW_TFTP1="الخادم TFTP 1:"/>
	<label DLG_NW_TFTP2="الخادم TFTP 2:"/>
	<label DLG_NW_DeviceNameGroup="اسم الجهاز"/>
	<label DLG_NW_DeviceName="اسم الجهاز:"/>
	<label DLG_NW_NetAdapter="محول الشبكة:"/>
	<label DLG_NW_RadioNetAdapter="استخدم محول الشبكة لإنشاء اسم جهاز"/>
	<label DLG_NW_RadioUseDeviceName="استخدم اسم الجهاز هذا"/>
	<label DLG_NW_StaticUseThisDeviceName="استخدم اسم الجهاز هذا:"/>

	<label DLG_Audio_Use729="توافق مع النطاق الترددي المنخفض"/>
	<label DLG_Audio_UseDefaultDevices="استخدم أجهزة Windows الافتراضية"/>
	<label DLG_Audio_Advanced="متطور..."/>
	<label DLG_Audio_Network="شبكة..."/>
	<label DLG_Audio_Selections="أجهزة لأوضاع الصوت"/>
	<label DLG_Ringer_Selection="جهاز لصوت الرنين"/>

	<label DLG_AdvancedAudioSettings="إعدادات صوت متطورة"/>
	<label DLG_AudioAdv_Sidetone="مستوى صوت الرنين الجانبي"/>
	<label DLG_AudioAdv_EnableSidetone="تمكين الرنين الجانبي"/>
	<label DLG_AudioAdv_Slider="-                        0                       +"/>
	<label DLG_AudioAdv_Microphone="تحسين مستوى صوت الميكروفون"/>
	<label DLG_AudioAdv_Filters="الفلاتر"/>
	<label DLG_AudioAdv_Mode="الوضع:"/>
	<label DLG_AudioAdv_PlayFilter="الاستماع:"/>
	<label DLG_AudioAdv_RecordFilter="التحدث:"/>
	<label DLG_AudioAdv_LimitVolume="الحد من مستوى الصوت"/>
	<label DLG_AudioAdv_AudioLatency="جودة وأداء الصوت"/>
	<label DLG_AudioAdv_AudioLatencyLow="الأفضل (تأخير قليل)"/>
	<label DLG_AudioAdv_AudioLatencyMedium="جيد جدًا ( تأخير متوسط)"/>
	<label DLG_AudioAdv_AudioLatencyHigh="جيد (تأخير كبير)"/>
	<label DLG_AudioAdv_SilenceSuppression="التوقف أثناء الصمت"/>
	<label DLG_AudioAdv_SsDisabled="معطل (غير منصوح)"/>
	<label DLG_AudioAdv_NoiseSuppression="إيقاف الضوضاء"/>
	<label DLG_AudioAdv_Aggressiveness="مستويات العدوانية"/>
	<label DLG_AudioAdv_AggressivenessLeast="الأقل"/>
	<label DLG_AudioAdv_AggressivenessMedium="متوسط"/>
	<label DLG_AudioAdv_AggressivenessMost="الأعلى"/>
	<label DLG_AudioAdv_AggressivenessLow="منخفض"/>
	<label DLG_AudioAdv_AggressivenessModerate="معتدل"/>
	<label DLG_AudioAdv_AggressivenessHigh="مرتفع"/>
	<label DLG_AudioAdv_AggressivenessVeryHigh="مرتفع جدًا"/>

	<label DLG_AudioAdv_AGC="اكتساب تحكم تلقائي"/>
	<label DLG_AudioAdv_EC="إلغاء الصدى الصوتي"/>
	<label DLG_AudioAdv_Enabled="مُمكَّن"/>
	<label DLG_AudioAdv_Disabled="معطل"/>
	<label DLG_AudioAdv_Auto="تلقائي"/>
	<label DLG_AudioAdv_Analog="تمثيلي"/>
	<label DLG_AudioAdv_Digital="رقمي"/>
	<label DLG_AudioAdv_Both="كلاهما"/>
	<label DLG_AudioAdv_Cancellation="إلغاء"/>
	<label DLG_AudioAdv_Suppression="إيقاف"/>
	<label DLG_AudioAdv_UseInput="استخدام قيمة الإدخال"/>

	<label DLG_NWA="إعدادات صوت لشبكة"/>
	<label DLG_NWA_AudioIP="عنوان IP للصوت"/>
	<label DLG_NWA_AutoDetectIP="التتبع تلقائيًا"/>
	<label DLG_NWA_SelectInterface="استخدم عنوان هذا المحول:"/>
	<label DLG_NWA_UseThisIP="استخدم هذا العنوان:"/>
	<label DLG_NWA_PortRange="نطاق منفذ الصوت"/>
	<label DLG_NWA_AutoSelectPort="استخدم نطاق المنفذ الافتراضي"/>
	<label DLG_NWA_SpecifyPort="استخدم نطاق المنفذ هذا:"/>
	<label DLG_NWA_PortFrom="من:"/>
	<label DLG_NWA_PortTo="إلى:"/>

	<label DLG_USR_usrInfo="معلومات المستخدم"/>
	<label DLG_USR_usrID="اسم المستخدم:"/>
	<label DLG_USR_password="كلمة المرور:"/>
	<label DLG_USR_usrInput="إدخال المستخدم"/>
	<label DLG_USR_usbHandset="سماعة يد USB:"/>
	<label DLG_USR_trace="استكشاف الأعطال وإصلاحها"/>
	<label DLG_USR_traceEnable="تمكين تسجيل الدخول"/>
	<label DLG_USR_CloseHidesApp="يؤدي الإغلاق إلى إلغاء التطبيق"/>
	<label DLG_USR_BringToFront="اجعله على السطح أثناء  المكالمة النشطة."/>
	<label DLG_USR_DisableToast="إخفاء تنبيه بمكالمة واردة"/>
	<label DLG_USR_EnableAnswerHotkey="تمكين مفتاح التشغيل السريع للرد"/>
	<label DLG_USR_UserOptionsGroup="عنوان صفحة خيارات مستخدم إدارة الاتصالات (CM) الموحدة من Cisco"/>
	<label DLG_USR_AutoUserOptions="استخدم القيمة الافتراضية (TFTP Server)"/>
	<label DLG_USR_SpecifyUserOptions="استخدم عنوان URL محددًا"/>

	<label SKINS_Main_MessageWaiting="انتظار الرسائل"/>
	<label SKINS_ButtonSets_Close="إغلاق"/>
	<label SKINS_ButtonSets_Minimize="تصغير"/>
	<label SKINS_ButtonSets_Mode="الوضع"/>
	<label SKINS_ButtonSets_Menu="القائمة"/>
	<label SKINS_lines_Line1="الخط 1"/>
	<label SKINS_lines_Line2="الخط 2"/>
	<label SKINS_lines_Line3="الخط 3"/>
	<label SKINS_lines_Line4="الخط 4"/>
	<label SKINS_lines_Line5="الخط 5"/>
	<label SKINS_lines_Line6="الخط 6"/>
	<label SKINS_lines_Line7="الخط 7"/>
	<label SKINS_lines_Line8="الخط 8"/>
	<label SKINS_keypad_One="واحد"/>
	<label SKINS_keypad_Two="اثنان"/>
	<label SKINS_keypad_Three="ثلاثة"/>
	<label SKINS_keypad_Four="أربعة"/>
	<label SKINS_keypad_Five="خمسة"/>
	<label SKINS_keypad_Six="ستة"/>
	<label SKINS_keypad_Seven="سبعة"/>
	<label SKINS_keypad_Eight="ثمانية"/>
	<label SKINS_keypad_Nine="تسعة"/>
	<label SKINS_keypad_Star="نجمة"/>
	<label SKINS_keypad_Zero="صفر"/>
	<label SKINS_keypad_Pound="رطل"/>
	<label SKINS_softkeys_Softkey1="مفتاح مبرمج 1"/>
	<label SKINS_softkeys_Softkey2="مفتاح مبرمج 2"/>
	<label SKINS_softkeys_Softkey3="مفتاح مبرمج 3"/>
	<label SKINS_softkeys_Softkey4="مفتاح مبرمج 4"/>
	<label SKINS_softkeys_Softkey5="مفتاح مبرمج 5"/>
	<label SKINS_features_Messages="الرسائل"/>
	<label SKINS_features_Services="الخدمات"/>
	<label SKINS_features_Settings="إعدادات"/>
	<label SKINS_features_Directories="الأدلة"/>
	<label SKINS_features_Information="تعليمات"/>
	<label SKINS_controls_Headset="سماعة رأس"/>
	<label SKINS_controls_Mute="كتم الصوت"/>
	<label SKINS_controls_Speaker="مكبر الصوت"/>
	<label SKINS_controls_VolumeDown="خفض مستوى الصوت"/>
	<label SKINS_controls_VolumeUp="رفع مستوى الصوت"/>
	<label SKINS_navigation_Navigation="التنقل"/>
	<label SKINS_navigation_Up="إلى أعلى"/>
	<label SKINS_navigation_Down="إلى أسفل"/>
	<label SKINS_navigation_Left="يسارًا"/>
	<label SKINS_navigation_Right="يمينًا"/>

	<label DLG_AUDIO_LatencyOptimization="تحسين الكمون"/>
	<label DLG_AUDIO_LowDelay="تأخر منخفض"/>
	<label DLG_AUDIO_MediumDelay="تأخر متوسط"/>
	<label DLG_AUDIO_HighDelay="تأخر مرتفع"/>
	<label DLG_AUDIO_VeryHighDelay="تأخر مرتفع جدًا"/>
	<label DLG_AUDIO_LowestLatency="أقل كمون"/>
	<label DLG_AUDIO_HighestLatency="أعلى كمون"/>
	<label DLG_AUDIO_Default="الإعداد الافتراضي"/>
	<label DLG_AUDIO_Recommended="من المنصوح به استخدام أقل إعدادات أولاً والانتقال إلى الإعداد التالي عند الحاجة."/>
	<label DLG_AUDIO_Speaker="مكبر الصوت"/>	
	<label DLG_AUDIO_Mic="ميكروفون"/>
	<label DLG_AUDIO_SpeakerBuffer="حجم الذاكرة المؤقتة للسماعة"/>
	<label DLG_AUDIO_MicBuffer="حجم الذاكرة المؤقتة للميكروفون"/>

	<label DLG_TRACE_Tracing="التتبع"/>
	<label DLG_TRACE_GUI="واجهة الاستخدام الرسومية"/>
	<label DLG_TRACE_CallControl="التحكم في المكالمة"/>
	<label DLG_TRACE_Media="صوت"/>
	<label DLG_TRACE_CDP="CDP"/>
	<label DLG_TRACE_ATW="معالج ضبط الصوت"/>
	<label DLG_TRACE_R2d="تمكين عرض الهاتف"/>
	<label DLG_TRACE_Levels="مستويات التتبع"/>
	<label DLG_TRACE_Errors="الأخطء"/>
	<label DLG_TRACE_Detailed="تفصيلي"/>
	<label DLG_TRACE_Low="منخفض"/>
	<label DLG_TRACE_Med="متوسط"/>
	<label DLG_TRACE_High="مرتفع"/>
	<label DLG_TRACE_All="الكل"/>

	<label DLG_L10N_Language="اللغة"/>
	<label DLG_L10N_Locale="محلي"/>

	<label ChangeInterfaceWarningText="قد يؤدي تغيير واجهة الشبكة إلى توقف برنامج Cisco IP Communicator عن العمل. الرجاء استشارة مسؤول النظام قبل تغيير هذه المعلمة."/>
	<label ChangeInterfaceWarningCaption="تحذير"/>

	<label ChangeProtocolWarningText="تم تغيير بروتوكول التحكم في الاتصال لهذا الجهاز. انقر فوق &quot;موافق&quot; لإعادة تشغيل برنامج Cisco IP Communicator."/>
	<label JPhoneStartupErrorText="فشل برنامج Cisco IP Communicator في بدء تشغيل تطبيق الهاتف وسيتم الإنهاء الآن. هل تريد إعادة تشغيل Cisco IP Communicator؟"/>
	<label AutoUpdateNeedUpdatesText="هناك تحديثات متاحة لبرنامج Cisco IP Commnunicator. يحتاج التطبيق إلى إغلاقه أثناء عملية التحديث. هل تريد الاستمرار في التحديث؟"/>

	<label CheckingLocaleUpdates="جارٍ البحث عن تغييرات محلية..."/>

<!-- ETOUCH -->
	<label Paste="لصق"/>
	<label AnswerCall="رد"/>
	<label IgnoreCall="تجاهل"/>
	<label UnknownCaller="غير معروف"/>
<!-- ETOUCH -->
	<SkinLocMap>
		<entry file="Default" name="الوضع الافتراضي" />
		<entry file="Mercurio" name="الوضع المصغر" />
	</SkinLocMap>

</CommunicatorStrings>