﻿<?xml version="1.0"?>

<CommunicatorStrings>
	<label rtlFlag="0"/>
	<label ok			="OK"/>
	<label cancel		="Avbryt"/>
	<label apply		="Verkställ"/>
	<label verify		="Bekräfta"/>
	<label yes			="Ja"/>
	<label no			="Nej"/>
	<label yesToAll		="Ja till alla"/>
	<label noToAll		="Nej till alla"/>
	<label abort		="Avbryt"/>
	<label retry		="Försök igen"/>
	<label error		="Fel"/>
	<label edit			="Redigera"/>
	<label exit			="Avsluta"/>
	<label close		="Stäng"/>
	<label view			="Visa"/>
	<label update		="Uppdatera"/>
	<label help			="Hjälp"/>
	<label about		="Om"/>
	<label proceed		="Fortsätt"/>
	<label next			="Nästa"/>
	<label back			="Bakåt"/>
	<label finish		="Slutför"/>
	<label accept		="Acceptera"/>
	<label acceptAll	="Acceptera alla"/>
	<label reject		="Avböj"/>
	<label rejectAll	="Avböj alla"/>
	<label status		="Status"/>
	<label cannotProceed="Det går inte att fortsätta"/>
	<label details		="Information"/>
	<label viewDetails	="Visa information"/>
	<label consultAdmin	="Kontakta systemadministratören"/>
	<label ensureNetwork="Kontrollera att datorn är ansluten till nätverket"/>

	<label title		="Cisco IP Communicator"/>
	<label autoUpdate	="CIPCLocaleDownloader"/>
	<label file			="Arkiv"/>
	<label module		="Modul"/>
	<label archive		="Arkiv"/>
	<label downloading	="Hämtar..."/>
	<label installing	="Installerar..."/>
	<label extracting	="Extraherar..."/>
	<label progress		="Förlopp"/>
	<label updateType	="Uppdateringstyp"/>
	<label recommended	="Rekommenderad"/>
	<label required		="Obligatorisk"/>

	<label bitsLong			="bitar"/>
	<label bitsShort		="b"/>
	<label bytesLong		="byte"/>
	<label bytesShort		="B"/>
	<label kiloLong			="Kilo"/>
	<label kiloShort		="k"/>
	<label kilobytesShort	="kB"/>
	<label kilobytesLong	="Kilobyte"/>
	<label megaLong			="Mega"/>
	<label megaShort		="M"/>
	<label megabytesShort	="MB"/>
	<label megabytesLong	="Megabyte"/>
	<label gigaLong			="Giga"/>
	<label gigaShort		="G"/>
	<label gigabytesShort	="GB"/>
	<label gigabytesLong	="Gigabyte"/>
	<label teraLong			="Tera"/>
	<label teraShort		="T"/>
	<label terabytesShort	="TB"/>
	<label terabytesLong	="Terabyte"/>

	<label downloadSpeed	="Hämtningshastighet"/>
	<label timeRemaining	="Återstående tid"/>

	<label secondShort		="s"/>
	<label secondLong		="sekund"/>
	<label secondsLong		="sekunder"/>
	<label minuteShort		="min"/>
	<label minuteLong		="minut"/>
	<label minutesLong		="minuter"/>
	<label hourShort		="tim"/>
	<label hoursLong		="timme"/>
	<label hoursLong		="timmar"/>

	<label unknown					="Okänt"/>
	<label overallProgress			="Förlopp..."/>
	<label gettingManifest			="Hämtar installationsbeskrivning..."/>
	<label inspectingInstallation	="Granskar aktuell installation..."/>
	<label preparingToInstallFiles	="Förbereder installation av filer..."/>
	<label doingUpdates				="Laddar ner och installerar språk..."/>
	<label confirmCancel			="Vill du avbryta?"/>

	<label AU_usageString			="ANVÄNDNING&#13;=======&#13;AutoUpdate parameterName1=&lt;parameterValue1&gt; parameterName2=&lt;parameterValue2&gt; ...&#13;&#13;PARAMETRAR:&#13;Du måste ange httpServer/tftpServer, installFolder, manifestFile&#13;Ytterligare parametrar är mode, waitWindow och postUpdateScript&#13;Parametrarna fungerar oberoende av ordning och är även skiftoberoende&#13;&#13;Exempel:&#13;AutoUpdate httpServer=http://www.webserver.com/Communicator installFolder=&quot;D:\Program\ACME Systems\ACME Studio&quot; mode=install waitWindow=&quot;ACME Studio&quot; postUpdateScript=Notepad.exe"/>
	<label AU_errorTitle			="CIPCLocaleDownloader Fel"/>
	<label AU_errorHeading			="Ett fel uppstod"/>
	<label AU_stackTrace			="Stacklogg"/>
	<label AU_viewStackTrace		="Visa stacklogg"/>
	<label AU_autoupdateComponentNotDefined	="Fel i manifestfilen för CIPC-språk - Platskomponenten har inte definierats"/>
	<label AU_closeWindowTitle		="Stäng alla fönster med följande namn"/>
	<label AU_endProcesses			="Avsluta följande processer innan du fortsätter"/>

	<label AU_repairs					="Reparationer"/>
	<label AU_repairsList				="Följande moduler innehåller filer som saknas eller som har ändrats"/>
	<label AU_requiredUpdates			="Obligatoriska uppdateringar"/>
	<label AU_requiredUpdatesList		="Följande moduler har obligatoriska uppdateringar"/>
	<label AU_recommendedUpdates		="Rekommenderade uppdateringar"/>
	<label AU_recommendedUpdatesList	="Följande moduler har rekommenderade uppdateringar"/>
	<label AU_chooseIndividualUpdates	="Bestäm för varje modul"/>
	<label AU_selectUpdate				="Vill du tillämpa de rekommenderade uppdateringarna på följande modul?"/>
	<label AU_installAny				="Vill du installera någon av dem?"/>
	<label AU_module					="Modul"/>
	<label AU_downloadSize				="Hämtningsstorlek"/>
	<label AU_wantToDoUpdates			="Uppdateringar finns&#13;&#13;Vill du hämta och installera dem nu?" />

	<label AU_olderVersionInstalled		="Den installerade filen är av en tidigare version"/>
	<label AU_newerVersionInstalled		="Den installerade filen är av en senare version"/>
	<label AU_equalVersionInstalled		="Den installerade filen är av samma version"/>
	<label AU_checksumMismatch			="Filens kontrollsumma matchar inte det förväntade värdet"/>
	<label AU_olderFileInstalled		="Den installerade filens ändringsdatum är tidigare"/>
	<label AU_newerFileInstalled		="Den installerade filens ändringsdatum är senare"/>
	<label AU_modifiedDatesMatch		="Modifieringsdatumen matchar"/>
	<label AU_unableToCompareFiles		="Det går inte att jämföra filer"/>

	<label AU_Error_tftpHttpNotDefined			="Du måste antingen ange TFTP-server eller HTTP-server"/>
	<label AU_Error_installFolderNotDefined		="Ingen installationsmapp har angetts"/>
	<label AU_Error_manifestFileNotDefined		="Ingen manifestfil har angetts"/>
	<label AU_Error_downloadManifestFailed		="Det gick inte att hämta manifestfilen"/>
	<label AU_Error_invalidUpdateMode			="Ogiltigt uppdateringsläge. Tillåtna lägen är 'installera' och 'fråga'"/>
	<label AU_Error_errorInManifest				="Manifestfilen är skadad"/>
	<label AU_Error_cannotProceed				="CIPCLocaleDownloader kan inte fortsätta"/>
	<label AU_Error_invalidVersionString		="Ogiltig versionssträng"/>
	<label AU_Error_fileNotFound				="Det gick inte att hitta filen"/>
	<label AU_Error_unsupportedProtocol			="Överföringsprotokollet stöds inte eller också är det felaktigt"/>
	<label AU_Error_downloadedFileInvalid		="Den hämtade filen matchar inte beskrivningen"/>
	<label AU_Error_requiredUpdateFailed		="Det gick inte att installera de obligatoriska uppdateringarna för följande modul"/>
	<label AU_Error_recommendedUpdateFailed		="Det gick inte att installera de rekommenderade uppdateringarna för följande modul"/>
	<label AU_Error_repairFailed				="Det gick inte att uppdatera följande modul"/>
	<label AU_Error_preinstallFileInstall		="Installationen av förinstallationsfiler misslyckades"/>
	<label AU_Error_postinstallFileInstall		="Installationen av efterinstallationsfiler misslyckades"/>
	<label AU_Error_moduleFileInstall			="Installationen av modulfiler misslyckades"/>
	<label AU_Error_preinstallFileDownload		="Hämtningen av förinstallationsfiler misslyckades"/>
	<label AU_Error_postinstallFileDownload		="Hämtningen av efterinstallationsfiler misslyckades"/>
	<label AU_Error_moduleFileDownload			="Hämtningen av modulfiler misslyckades"/>
	<label AU_Error_preinstallFileInstall		="Installationen av förinstallationsfiler misslyckades"/>
	<label AU_Error_postinstallFileInstall		="Installationen av efterinstallationsfiler misslyckades"/>
	<label AU_Error_moduleFileInstall			="Installationen av modulfiler misslyckades"/>
	<label AU_Error_moduleSettingInstall		="Installationen av modulinställningar misslyckades"/>
	<label AU_Error_preinstallScript			="Förinstallationsskriptet returnerade ett fel"/>
	<label AU_Error_postinstallScript			="Efterinstallationsskriptet returnerade ett fel"/>
	<label AU_Error_downloadFileError			="Det gick inte att hämta filen"/>
	<label AU_Error_installFileError			="Det gick inte att installera filen"/>
	<label AU_Error_unableToChangeModifiedDate	="Det gick inte att ändra datum för den senaste ändringen"/>
	<label AU_Error_archiveFileMismatch			="Filen i arkivet matchar inte filens beskrivning"/>
	<label AU_Error_archiveInstall				="Det gick inte att installera arkivet"/>
	<label AU_Error_recommendedUpdateFailureList="Följande rekommenderade uppdateringar misslyckades"/>
	<label AU_Error_autoUpdateCancelled			="CIPCLocaleDownloader avbröts!"/>

	<label AU_Error_HTTPTimeout					="HTTP-timeout"/>
	<label AU_Error_HTTPError					="HTTP-fel"/>
	<label AU_Error_HTTPConnectionClosed		="HTTP-anslutningen har avbrutits"/>

	<label AU_Error_xmlTagNotFound		="Det gick inte att hitta en XML-tagg"/>
	<label AU_Error_xmlDataNotFound		="Det gick inte att hitta XML-data"/>
	
	<label AU_Error_failedToInitialize			="Det gick inte att initialisera CIPCLocaleDownloader"/>
	<label AU_Error_ensureNoOtherApps			="Stäng alla andra program och försök igen"/>

</CommunicatorStrings>