﻿<?xml version="1.0"?>

<ErrorReportStrings>
	
	<label ok			="OK"/>
	<label exit			="Avsluta"/>
	<label cancel			="Avbryt"/>
	<label errorHeading		="Fel"/>
	<label stackTrace		="Stacklogg"/>
	<label viewStackTrace		="Visa stacklogg"/>

	<label name			="Namn"/>
	<label extension		="Cisco IP Communicator-anknytning"/>
	<label problemTime		="Tidpunkt då problemet uppstod"/>
	<label problemDetails		="Probleminformation"/>
	<label specifyAllFields		="Ange alla fält"/>

	<label ERT_usageString			="ANVÄNDNING&#13;=======&#13;AutoUpdate parameterName1=&lt;parameterValue1&gt; parameterName2=&lt;parameterValue2&gt; ...&#13;&#13;PARAMETRAR:&#13;Du måste ange httpServer/tftpServer, installFolder, manifestFile&#13;Ytterligare parametrar är mode, waitWindow och postUpdateScript&#13;Parametrarna fungerar oberoende av ordning och är även skiftoberoende&#13;&#13;Exempel:&#13;AutoUpdate httpServer=http://www.webserver.com/Communicator installFolder=&quot;D:\Program\ACME Systems\ACME Studio&quot; mode=install waitWindow=&quot;ACME Studio&quot; postUpdateScript=Notepad.exe"/>
	<label ERT_errorTitle			="Felrapporteringsverktyget – Fel"/>
	<label ERT_endMessage			="Felrapporteringsverktyget har samlat in nödvändig information&#13;Platsen visas nedan&#13;Du bör ta bort filen när informationen inte längre behövs"/>
	<label ERT_gatheringSystemInfo		="Samlar in systeminformation..."/>
	<label ERT_gatheringAppConfig		="Samlar in programkonfiguration..."/>
	<label ERT_gatheringAppLogs		="Samlar in programloggar..."/>
	<label ERT_gatheringInstallLogs		="Samlar in installationsloggar..."/>
	<label ERT_gatheringAutoUpdateLogs	="Samlar in AutoUpdate-loggar..."/>
	<label ERT_gatheringCrashDumpLogs	="Samlar in kraschdumploggar..."/>
	<label ERT_logsGathered			="All information har samlats in"/>
	<label ERT_enterProblemDescription	="Ange en beskrivning av problemet nedan"/>
	<label ERT_windowTitle			="Felrapport för Cisco IP Communicator"/>
	<label ERT_unableToZip			="Det går inte att zippa de nödvändiga filerna"/>
	<label ERT_unableToChangeDirectory	="Det går inte att ändra till följande mapp"/>
	<label ERT_unableToCopyFiles		="Det går inte att kopiera följande filer"/>
	<label ERT_SoftPhoneSENotFound		="Det gick inte att lokalisera Cisco IP Communicator-installationen&#13;Kontrollera installationen"/>
	<label ERT_RemoveConfig			="Vill du ta bort den befintliga konfigurationen?"/>
	<label ERT_RemoveLogs			="Vill du ta bort de befintliga loggarna?"/>
	<label ERT_RemoveAction			="Tar bort..."/>
	<label ERT_DeleteAction			="Tar bort..."/>

</ErrorReportStrings>