﻿<?xml version="1.0"?>
<CommunicatorStrings>
	<label rtlFlag="0"/>
	<label ok="OK"/>
	<label cancel="Avbryt"/>
	<label apply="Verkställ"/>
	<label applyToAll="Använd för alla"/>
	<label verify="Bekräfta"/>
	<label yes="Ja"/>
	<label no="Nej"/>
	<label yesToAll="Ja till alla"/>
	<label noToAll="Nej till alla"/>
	<label abort="Avbryt"/>
	<label retry="Försök igen"/>
	<label error="Fel"/>
	<label edit="Redigera"/>
	<label exit="Avsluta"/>
	<label close="Stäng"/>
	<label move="Flytta"/>
	<label view="Visa"/>
	<label update="Uppdatera"/>
	<label help="Hjälp"/>
	<label about="Om Cisco IP Communicator"/>
	<label proceed="Fortsätt"/>
	<label next="Nästa"/>
	<label back="Bakåt"/>
	<label show="Visa Cisco IP Communicator"/>
	<label hide="Dölj Cisco IP Communicator"/>
	<label AGNT_checkAutoUpdate="Söker efter uppdateringar"/>
	<label finish="Slutför"/>
	<label accept="Acceptera"/>
	<label acceptAll="Acceptera alla"/>
	<label reject="Avböj"/>
	<label rejectAll="Avböj alla"/>
	<label none="Ingen"/>
	<label network="Nätverk"/>
	<label user="Användare"/>
	<label java="Java"/>
	<label audio="Ljud"/>
	<label advAudio="Avancerat ljud"/>
	<label directories="Kataloger "/>
	<label ldapSettings="Inställningar för LDAP-katalog"/>
	<label ldapUserName="Användarnamn:"/>
	<label ldapPassword="Lösenord:"/>
	<label wave="Wave"/>
	<label kernelStreaming="Kernel-direktuppspelning"/>
	<label itu="ITU"/>
	<label ciscoIPPhone="Cisco IP-telefon"/>
	<label speakerphone="Högtalartelefon"/>
	<label headset="Headset"/>
	<label handset="Lur"/>
	<label ringer="Ringsignal"/>
	<label hid="HID (Human Interface Device)"/>
	<label status="Status"/>
	<label title="Cisco IP Communicator"/>
	<label autoUpdate="AutoUpdate"/>
	<label skins="Skal"/>
	<label screenOnly="Endast på skärm"/>
	<label alwaysOnTop="Alltid överst"/>
	<label startPhone="Starta telefonen"/>
	<label stopPhone="Stoppa telefonen"/>
	<label atwMenu="Guiden Justera ljud"/>
	<label quickSearchMenu="Snabbsök..."/>
	<label ciscoUserOptions="Alternativ för Unified CM-användare"/>
	<label preferences="Inställningar..."/>
	<label userGuide="Användarhandbok"/>
	<label DLG_Settings="Inställningar"/>
	<label default="Standard"/>
	<label file="Arkiv"/>
	<label module="Modul"/>
	<label archive="Arkiv"/>
	<label progress="Förlopp"/>
	<label updateType="Uppdateringstyp"/>
	<label recommended="Rekommenderad"/>
	<label required="Obligatorisk"/>
	<label statStarting="Startar %s"/>
	<label statInstalling="Installerar %s"/>
	<label statInitializing="Initierar %s"/>
	<label statReading="Läser %s"/>
	<label statConnectTFTP="Ansluter till TFTP-server"/>
	<label cdpDriver="CDP"/>
	<label questionMark="?"/>
	<label mtDriver="Ljud"/>
	<label localSettings="Lokala inställningar"/>
	<label networkSettings="Nätverksinställningar"/>
	<label hibernateWarning="Om datorn är försatt i viloläge nu kopplar Cisco IP Communicator från det aktuella samtalet. Vill du förhindra att datorn försätts i viloläge?"/>
	<label closeWarning="Om du avslutar nu kopplar Cisco IP Communicator från det aktuella samtalet. Vill du avsluta?"/>
	<label configWarning="Om du ändrar inställningarna nu kopplar Cisco IP Communicator från det aktuella samtalet. Vill du fortsätta?"/>
	<label configError="En ljudenhet togs bort under ett pågående samtal och det aktiva samtalet kommer därför att kopplas från."/>
	<label undockWarning="Om datorn slutar vara dockad nu kopplar Cisco IP Communicator från det aktuella samtalet. Vill du stoppa datorn från att avdockas?"/>
	<label endSessionWarning="Om du avslutar Windows-sessionen nu kopplar Cisco IP Communicator från det aktuella samtalet. Vill du avsluta sessionen?"/>
	<label INF_infoCaption="Cisco IP Communicator - Information"/>
	<label INF_TFTPRestart="Det gick inte att starta om Cisco IP Communicator. Starta om programmet manuellt."/>
	<label needReboot="Cisco IP Communicator har installerat ny programvara och datorn måste startas om för att installationen ska slutföras"/>
	<label fetchingDirectories="Hämtar information om LDAP-katalog"/>
	<label fetchingDialingRules="Hämtar uppringningsregler"/>
	<label restartForLocaleChange="Du måste starta om Communicator för att språkändringarna ska träda i kraft"/>
	<label copyright="Copyright © 2004-2011 Cisco Systems, Inc. Med ensamrätt."/>
	<label copyrightSplash="© 2011 Cisco Systems, Inc. Med ensamrätt. Information om krypteringsimport, användning och  leverantörsråd finns i  Hjälpmenyn under 'Om Cisco IP Communicator'. "/>
	<label versionSplash="Version "/>
	<label versionCdp="CDP-drivrutin, version:"/>
	<label versionCpmt="Röstversion"/>
	<label Notices="Meddelanden och ansvarsfriskrivningar från Cisco:"/>
	<label NoticesText="***IMPORTANT 911 NOTICE - PLEASE READ***&#13;&#10;&#13;&#10;I en nödsituation ger mjukvarutelefonteknik inte nödvändigtvis korrekt platsdata om telefonen används för ett nödsamtal (t.ex. till 112). Samtal kan feldirigeras till fel räddningstjänst, eller räddningstjänsten kanske gör en felbedömning när de ska avgöra var du befinner dig. DU ANVÄNDER EN MJUKVARUTELEFON PÅ EGEN RISK I EN NÖDSITUATION. Cisco är inte ansvarigt för fel eller förseningar som kan uppstå.&#13;&#10;&#13;&#10;&#13;&#10;***MEDDELANDE OM INNEHÅLL SOM ÄR KRYPTERAT TILL STOR GRAD***&#13;&#10;&#13;&#10;Den här produkten innehåller kryptografiska funktioner och lyder under lokala lagar och lagarna i USA gällande import, export, överföring och användning. Leverans av Ciscos kryptografiska produkter innebär inte att tredje part kan importera, exportera, distribuera eller använda kryptering. Importörer, exportörer, distributörer och användare måste lyda lagarna lokalt och i USA. När du använder den här produkten går du med på att följa gällande lagar och förordningar. Om du inte kan följa lagarna lokalt och i USA bör du omedelbart returnera den här produkten.&#13;&#10;&#13;&#10;&#13;&#10;En sammanfattning av de USA-lagar som styr Ciscos kryptografiska produkter finns på:&#13;&#10;&#13;&#10;http://www.cisco.com/wwl/export/crypto/tool/stqrg.html&#13;&#10;&#13;&#10;Om du behöver ytterligare hjälp avseende export av dessa produkter kan du kontakta oss per e-post på export@cisco.com.&#13;&#10;&#13;&#10;&#13;&#10;***PRV-MEDDELANDE***&#13;&#10;&#13;&#10;Problemrapporteringsverktyget (PRV) hämtar loggar från din dator som kan inkludera kontaktinformation, innehållet i snabbmeddelanden, telefonnummer och annan information som skulle kunna identifiera dig eller andra. Denna information är nödvändig som en del i den diagnostiska processen för att avgöra orsaken till det tekniska problem som du rapporterade. Loggarna kan överföras tvärsöver gränser och lagras temporärt som en del i den diagnostiska processen. Genom att du använder PRV, samtycker du till att ge Cisco loggarna för att Cisco ska kunna felsöka eventuella tekniska problem med Cisco IP Communicator. "/>
		
	<label ERR_alreadyRunning="Cisco IP Communicator körs redan"/>
	<label ERR_exception="Undantag"/>
	<label ERR_exceptionCaption="Communicator - Undantagsfel"/>
	<label ERR_notDib="Det är ett problem med det aktuella skalet. Bitmappsfilen är inte i DIB-format"/>
	<label ERR_notOS2Supported="Det är ett problem med det aktuella skalet. OS2-bitmappsformatet stöds inte"/>
	<label ERR_invalidSkin="Den aktuella skalfilen är ogiltig"/>
	<label ERR_invalidButton="Den aktuella skalfilen innehåller en ogiltig knapp"/>
	<label ERR_noStreamDev="Det finns inga kompatibla ljudenheter installerade på den här datorn. Klicka på 'OK' för att avsluta."/>
	<label ERR_noRingDev="Det finns inga kompatibla ljudenheter installerade på den här datorn. Klicka på 'OK' för att avsluta."/>
	<label ERR_noNetworkDev="Det finns inga kompatibla nätverksgränssnitt på den här datorn. Installera ett nätverksgränssnitt."/>
	<label ERR_noJVM="JVM-sökvägen är inte konfigurerad. Det går inte att köra JVM i felsökningsläge."/>
	<label ERR_invokeJVM="Det går inte att starta JVM - JNI_CreateJavaVM()"/>
	<label ERR_noVenderInfo="Information om leverantör saknas i konfigurationsfil"/>
	<label ERR_mismatchMAC="Nätverksgränssnittet som du försöker registrera med Cisco CallManager saknas eller är inaktiverat. Klicka på OK om du har tagit bort gränssnittet avsiktligt och välj sedan ett nytt gränssnitt. Annars klickar du på Avbryt och avslutar."/>
	<label ERR_mismatchVPN="Det aktuella nätverksgränssnittet för ljud har ingen giltig IP-adress. Klicka på OK om du vill välja ett nytt gränssnitt. Annars klickar du på Avbryt och avslutar."/>
	<label ERR_noNetAdapterCC="Välj ett nätverksgränssnitt att registrera med Cisco CallManager. Ett standardalternativ har markerats för dig."/>
	<label ERR_deviceNameLength="Ogiltigt enhetsnamn. Enhetsnamnet får inte innehålla fler än 15 tecken och måste innehålla tecknen [a-z A-Z 0-9._-]." />
	<label ERR_noNetAdapterVPN="Välj ett nätverksgränssnitt för ljud."/>
	<label ERR_noTFTPServer="Det går inte att nå TFTP-servern."/>
	<label ERR_cannotReadSettings="Det går inte att läsa inställningarna"/>
	<label ERR_networkAdaptorAbsent="Det går inte att hitta ett nätverkskort för registrering"/>
	<label ERR_badHostNameSpecified="Ett ogiltigt värdnamn har angetts i inställningarna"/>
	<label ERR_badNetworkInterfaceSpecified="Ett ogiltigt nätverksgränssnitt har angetts i inställningarna"/>
	<label ERR_cannotInitializeGraphics="Det gick inte att initiera displayen"/>
	<label ERR_cannotInitializeMedia="Det gick inte att initiera media"/>
	<label ERR_cannotStartCdp="Det gick inte att initiera stöd för Ciscos tjänst för nödsamtal. Kontakta systemadministratören"/>
	<label ERR_cannotInitializeKeyboard="Det gick inte att initiera tangentbordslayouter"/>
	<label ERR_cannotInitializeGUI="Det gick inte att initiera det grafiska användargränssnittet"/>
	<label ERR_cannotAutoUpdate="Det gick inte att söka efter uppdateringar"/>
	<label ERR_invalidDeviceLoad="Ogiltig enhetsladdning"/>
	<label ERR_wrongAutoUpdatePath="Följande AutoUpdate-sökväg stöds inte:"/>
	<label ERR_invalidPortRange="Det angivna portintervallet är ogiltigt. Värdet måste ligga mellan 1 och 65536. Korrigera intervallet och klicka sedan på OK."/>
	<label ERR_cannotLaunchCVTA="Det gick inte att starta Cisco VT Advantage."/>
	<label ERR_cvtaNotFound="Cisco VT Advantage version 2.0(1) krävs för att du ska kunna arbeta med Communicator 2.0(1)."/>
	<label ERR_checkDevicePreferences="Kontrollera att inställningarna för ljudenheten är korrekta med hjälp av guiden Justera ljud eller via menyn Inställningar."/>	
	<label ERR_invalidTFTPServer="TFTP-serveradressen innehåller ett tomt fält."/>
	<label ERR_invalidAudioIP="IP-adressen för ljud innehåller ett tomt fält."/>

	<label DLG_ND_Label="Ange ett namn eller ett nummer att ringa"/>
	<label DLG_ND_MessageNone="Hittade inga matchningar"/>
	<label DLG_ND_MessageOne="Hittade en matchning"/>
	<label DLG_ND_Message25="Hittade flera matchningar. Nedan visas en lista över matchningarna."/>
	<label DLG_ND_Message25p="Hittade flera matchningar. Nedan visas en lista över de %d första matchningarna. Finjustera sökningen om du vill visa mer exakta matchningar."/>
	<label DLG_ND_MultipleMatches="Flera sökresultat"/>
	<label DLG_ND_TooManyMatches="För många sökresultat"/>
	<label DLG_ND_RefineSearch="Visar de %d första objekten. Vill du finjustera sökningen?"/>
	<label DLG_ND_QuickSearch="Snabbsök"/>
	<label DLG_ND_QuickDial="Direktuppringning"/>
	<label DLG_ND_Search="Sök"/>
	<label DLG_ND_Dial="Ring"/>
	<label DLG_ND_First="Förnamn"/>
	<label DLG_ND_Last ="Efternamn"/>
	<label DLG_ND_EMail="E-post"/>
	<label DLG_ND_Number="Nummer"/>
	<label DLG_ND_Mobile="Mobil"/>
	<label DLG_ND_ThereWereErrors="Det inträffade fel"/>
	<label DLG_ND_Label="Sök efter..."/>
	<label ERR_ND_NoSearchBase="Ingen LDAP-sökbas har angetts"/>
	<label ERR_ND_NoUserName="LDAP-verifieringsfel: inget användarnamn har angetts"/> 
	<label ERR_ND_ConnectFailed="Det gick inte att öppna en LDAP-anslutning till server"/>
	<label ERR_ND_AuthFailed="Inloggningen misslyckades. Kontrollera användarnamnet och lösenordet"/>
	<label ERR_ND_FileError="Filfel när LDAP-resultat skrevs"/>
	<label ERR_ND_NoSelection="Du har inte gjort något val"/>
	<label ERR_ND_NoPhoneNumbers="Det finns inga telefonnummer i den valda posten"/>

	<label DLG_ChoosePhoneNumber="Välj ett telefonnummer"/>
	<label DLG_CPN_Message="Flera telefonnummer hittades. Välj det telefonnummer som du vill ringa."/>

	<label DLG_NW_TFTPServerGroup="TFTP-servrar"/>
	<label DLG_NW_ConnConfig="CallManager-inställningar"/>
	<label DLG_NW_AutoTftp="Använd standardservrarna för TFTP"/>
	<label DLG_NW_CustomTftp="Använd följande TFTP-servrar:"/>
	<label DLG_NW_TFTP1="TFTP-server 1:"/>
	<label DLG_NW_TFTP2="TFTP-server 2:"/>
	<label DLG_NW_DeviceNameGroup="Enhetsnamn"/>
	<label DLG_NW_DeviceName="Enhetsnamn:"/>
	<label DLG_NW_NetAdapter="Nätverkskort:"/>
	<label DLG_NW_RadioNetAdapter="Använd nätverkskort för att generera enhetsnamnet"/>
	<label DLG_NW_RadioUseDeviceName="Använd det här enhetsnamnet"/>
	<label DLG_NW_StaticUseThisDeviceName="Använd det här enhetsnamnet:"/>

	<label DLG_Audio_Use729="Optimera för låg bandbredd"/>
	<label DLG_Audio_UseDefaultDevices="Använd Windows standardenheter"/>
	<label DLG_Audio_Advanced="Avancerat..."/>
	<label DLG_Audio_Network="Nätverk..."/>
	<label DLG_Audio_Selections="Enheter för ljudlägen"/>
	<label DLG_Ringer_Selection="Enhet för ringsignal"/>

	<label DLG_AdvancedAudioSettings="Avancerade ljudinställningar"/>
	<label DLG_AudioAdv_Sidetone="Avlyssningsvolym"/>
	<label DLG_AudioAdv_EnableSidetone="Aktivera avlyssning"/>
	<label DLG_AudioAdv_Slider="-                        0                       +"/>
	<label DLG_AudioAdv_Microphone="Förstärkning av mikrofonvolym"/>
	<label DLG_AudioAdv_Filters="Filter"/>
	<label DLG_AudioAdv_Mode="Läge:"/>
	<label DLG_AudioAdv_PlayFilter="Lyssna:"/>
	<label DLG_AudioAdv_RecordFilter="Tala:"/>
	<label DLG_AudioAdv_LimitVolume="Begränsa volym"/>
	<label DLG_AudioAdv_AudioLatency="Ljudkvalitet och prestanda"/>
	<label DLG_AudioAdv_AudioLatencyLow="Bästa (kort fördröjning)"/>
	<label DLG_AudioAdv_AudioLatencyMedium="Mycket god (medellång fördröjning)"/>
	<label DLG_AudioAdv_AudioLatencyHigh="God (lång fördröjning)"/>
	<label DLG_AudioAdv_SilenceSuppression="Undertryck tystnad"/>
	<label DLG_AudioAdv_SsDisabled="Inaktiverat (rekommenderas ej)"/>
	<label DLG_AudioAdv_NoiseSuppression="Avskärmning av kringliggande ljud"/>
	<label DLG_AudioAdv_Aggressiveness="Avskärmningsnivå"/>
	<label DLG_AudioAdv_AggressivenessLeast="Minst"/>
	<label DLG_AudioAdv_AggressivenessMedium="Mellan"/>
	<label DLG_AudioAdv_AggressivenessMost="Högst"/>
	<label DLG_AudioAdv_AggressivenessLow="Låg"/>
	<label DLG_AudioAdv_AggressivenessModerate="Måttlig"/>
	<label DLG_AudioAdv_AggressivenessHigh="Hög"/>
	<label DLG_AudioAdv_AggressivenessVeryHigh="Mycket hög"/>

	<label DLG_AudioAdv_AGC="Automatisk justering"/>
	<label DLG_AudioAdv_EC="Ekodämpning"/>
	<label DLG_AudioAdv_Enabled="Aktiverad"/>
	<label DLG_AudioAdv_Disabled="Inaktiverad"/>
	<label DLG_AudioAdv_Auto="Automatisk"/>
	<label DLG_AudioAdv_Analog="Analog"/>
	<label DLG_AudioAdv_Digital="Digital"/>
	<label DLG_AudioAdv_Both="Båda"/>
	<label DLG_AudioAdv_Cancellation="Dämpning"/>
	<label DLG_AudioAdv_Suppression="Avskärmning"/>
	<label DLG_AudioAdv_UseInput="Använd inputvärden"/>

	<label DLG_NWA="Nätverksljudinställningar"/>
	<label DLG_NWA_AudioIP="IP-adress för ljud"/>
	<label DLG_NWA_AutoDetectIP="Identifiera automatiskt"/>
	<label DLG_NWA_SelectInterface="Använd det här kortets adress:"/>
	<label DLG_NWA_UseThisIP="Använd den här adressen:"/>
	<label DLG_NWA_PortRange="Ljudportintervall"/>
	<label DLG_NWA_AutoSelectPort="Använd standardportintervallet"/>
	<label DLG_NWA_SpecifyPort="Använd det här portintervallet:"/>
	<label DLG_NWA_PortFrom="Från:"/>
	<label DLG_NWA_PortTo="Till:"/>

	<label DLG_USR_usrInfo="Användarinformation"/>
	<label DLG_USR_usrID="Användarnamn:"/>
	<label DLG_USR_password="Lösenord:"/>
	<label DLG_USR_usrInput="Inmatning av användare"/>
	<label DLG_USR_usbHandset="USB-lur:"/>
	<label DLG_USR_trace="Felsökning"/>
	<label DLG_USR_traceEnable="Aktivera loggning"/>
	<label DLG_USR_CloseHidesApp="Stängning döljer programmet"/>
	<label DLG_USR_BringToFront="Placera längst fram vid aktivt samtal"/>
	<label DLG_USR_DisableToast="Dölj meddelanden om inkommande samtal"/>
	<label DLG_USR_EnableAnswerHotkey="Aktivera kortkommando för svar"/>
	<label DLG_USR_UserOptionsGroup="Adress för sidan med användaralternativ för Cisco Unified CM"/>
	<label DLG_USR_AutoUserOptions="Använd standard (TFTP-server)"/>
	<label DLG_USR_SpecifyUserOptions="Använd specifik URL"/>

	<label SKINS_Main_MessageWaiting="Meddelande väntar"/>
	<label SKINS_ButtonSets_Close="Stäng"/>
	<label SKINS_ButtonSets_Minimize="Minimera"/>
	<label SKINS_ButtonSets_Mode="Läge"/>
	<label SKINS_ButtonSets_Menu="Menyn"/>
	<label SKINS_lines_Line1="Linje 1"/>
	<label SKINS_lines_Line2="Linje 2"/>
	<label SKINS_lines_Line3="Linje 3"/>
	<label SKINS_lines_Line4="Linje 4"/>
	<label SKINS_lines_Line5="Linje 5"/>
	<label SKINS_lines_Line6="Linje 6"/>
	<label SKINS_lines_Line7="Linje 7"/>
	<label SKINS_lines_Line8="Linje 8"/>
	<label SKINS_keypad_One="Ett"/>
	<label SKINS_keypad_Two="Två"/>
	<label SKINS_keypad_Three="Tre"/>
	<label SKINS_keypad_Four="Fyra"/>
	<label SKINS_keypad_Five="Fem"/>
	<label SKINS_keypad_Six="Sex"/>
	<label SKINS_keypad_Seven="Sju"/>
	<label SKINS_keypad_Eight="Åtta"/>
	<label SKINS_keypad_Nine="Nio"/>
	<label SKINS_keypad_Star="Stjärna"/>
	<label SKINS_keypad_Zero="Noll"/>
	<label SKINS_keypad_Pound="Fyrkant"/>
	<label SKINS_softkeys_Softkey1="Programstyrd knapp 1"/>
	<label SKINS_softkeys_Softkey2="Programstyrd knapp 2"/>
	<label SKINS_softkeys_Softkey3="Programstyrd knapp 3"/>
	<label SKINS_softkeys_Softkey4="Programstyrd knapp 4"/>
	<label SKINS_softkeys_Softkey5="Programstyrd knapp 5"/>
	<label SKINS_features_Messages="Meddelanden"/>
	<label SKINS_features_Services="Tjänster"/>
	<label SKINS_features_Settings="Inställningar"/>
	<label SKINS_features_Directories="Kataloger"/>
	<label SKINS_features_Information="Hjälp"/>
	<label SKINS_controls_Headset="Headset"/>
	<label SKINS_controls_Mute="Tyst"/>
	<label SKINS_controls_Speaker="Högtalare"/>
	<label SKINS_controls_VolumeDown="Sänk volym"/>
	<label SKINS_controls_VolumeUp="Höj volym"/>
	<label SKINS_navigation_Navigation="Navigering"/>
	<label SKINS_navigation_Up="Upp"/>
	<label SKINS_navigation_Down="Ned"/>
	<label SKINS_navigation_Left="Vänster"/>
	<label SKINS_navigation_Right="Höger"/>

	<label DLG_AUDIO_LatencyOptimization="Optimera fördröjning"/>
	<label DLG_AUDIO_LowDelay="Kort fördröjning"/>
	<label DLG_AUDIO_MediumDelay="Medellång fördröjning"/>
	<label DLG_AUDIO_HighDelay="Lång fördröjning"/>
	<label DLG_AUDIO_VeryHighDelay="Mycket lång fördröjning"/>
	<label DLG_AUDIO_LowestLatency="Kortaste fördröjning"/>
	<label DLG_AUDIO_HighestLatency="Längsta fördröjning"/>
	<label DLG_AUDIO_Default="Standardinställning"/>
	<label DLG_AUDIO_Recommended="Du bör välja den kortaste fördröjningen först och fortsätt till nästa inställning om det behövs."/>
	<label DLG_AUDIO_Speaker="Högtalare"/>	
	<label DLG_AUDIO_Mic="Mikrofon"/>
	<label DLG_AUDIO_SpeakerBuffer="Buffert för antal högtalare"/>
	<label DLG_AUDIO_MicBuffer="Buffert för antal mikrofoner"/>

	<label DLG_TRACE_Tracing="Loggning"/>
	<label DLG_TRACE_GUI="GUI"/>
	<label DLG_TRACE_CallControl="Samtalskontroll"/>
	<label DLG_TRACE_Media="Ljud"/>
	<label DLG_TRACE_CDP="CDP"/>
	<label DLG_TRACE_ATW="Guiden Justera ljud"/>
	<label DLG_TRACE_R2d="Aktivera telefondisplay"/>
	<label DLG_TRACE_Levels="Loggningsnivåer"/>
	<label DLG_TRACE_Errors="Fel"/>
	<label DLG_TRACE_Detailed="Detaljerad"/>
	<label DLG_TRACE_Low="Låg"/>
	<label DLG_TRACE_Med="Mellan"/>
	<label DLG_TRACE_High="Hög"/>
	<label DLG_TRACE_All="Alla"/>

	<label DLG_L10N_Language="Språk"/>
	<label DLG_L10N_Locale="Nationella inställningar"/>

	<label ChangeInterfaceWarningText="Om du ändrar nätverksgränssnittet kan det leda till att Cisco IP Communicator slutar att fungera. Kontakta systemadministratören innan du ändrar den här parametern."/>
	<label ChangeInterfaceWarningCaption="Varning"/>

	<label ChangeProtocolWarningText="Samtalsstyrningsprotokollet har ändrats för det här protokollet. Klicka för att starta om Cisco IP Communicator."/>
	<label JPhoneStartupErrorText="Cisco IP Communicator kunde inte initialisera telefonprogrammet och avslutas nu. Vill du starta om Cisco IP Communicator?"/>
	<label AutoUpdateNeedUpdatesText="Det finns uppdateringar för Cisco IP Commnunicator. Programmet måste stängas under uppdateringen. Vill du fortsätta med uppdateringen?"/>

	<label CheckingLocaleUpdates="Letar efter platsändringar..."/>

<!-- ETOUCH -->
	<label Paste="Klistra in"/>
	<label AnswerCall="Besvara"/>
	<label IgnoreCall="Ignorera"/>
	<label UnknownCaller="Okänt"/>
<!-- ETOUCH -->
	<SkinLocMap>
		<entry file="Default" name="Standardläge" />
		<entry file="Mercurio" name="Komprimerat läge" />
	</SkinLocMap>

</CommunicatorStrings>