<?xml version="1.0" encoding="UTF-8"?>
<TuningWizardStrings>
	<label rtlFlag="0"/>
        <label discardChanges= "確定要立即結束且不儲存所有變更嗎?"/>

        <label noPlay        = "「音訊調整精靈」無法設定此裝置以播放音效。Cisco IP Communicator 搭配此裝置可能無法正常運作。"/>

        <label unmute        = "%s 的音量為靜音，但「音訊調整精靈」已修正此問題。若仍然無法播放音效樣本，可能是因為 Cisco IP Communicator 搭配此裝置無法正常運作。"/>

        <label noMicInput    = "「音訊調整精靈」無法設定 %s 以錄製音效。Cisco IP Communicator 搭配此裝置可能無法正常運作。"/>

        <label setMicInput   = "%s 未設定由其麥克風錄製音效，但「音訊調整精靈」已修正此問題。若仍無法錄製音效，可能是因為 Cisco IP Communicator 搭配此裝置無法正常運作。"/>

        <label unmuteMic     = "%s 的麥克風為靜音，但「音訊調整精靈」已修正此問題。若仍無法錄製音效，可能是因為 Cisco IP Communicator 搭配此裝置無法正常運作。"/>

        <label MicInUse      = "無法監控麥克風。請檢查是否有下列情況: (1) 通話進行中 (2) 其他應用程式正在使用麥克風 (3) 麥克風為靜音"/>

        <label troubleshootmenu1    = "「音訊調整精靈」設定及錯誤資訊已儲存至 %s"/>
        <label troubleshootmenu3    = "確定要立即啟動 Cisco Unified 問題報告工具嗎?"/>

        <label missingdevice1    = "%s 遺失或未正確連接。請重新連接，然後選取「確定」。"/>
        <label missingdevice3    = "若要選取使用調整精靈的其他裝置，請選取「取消」。"/>
	<label noSoundDevices    = "此電腦上未安裝任何相容的聲音裝置。請按一下  '確定'  結束。"/> 
	<label devicesNotTuned = "若不調整聲音裝置，Communicator 的音訊可能無法正常運作。確定要取消嗎?"/> 
	
        <label copyright     = "版權所有 (C) 2004-2011 Cisco Systems, Inc. 保留一切權利。"/>

	<label title	     = "音訊調整精靈"/>
        <label test          = "測試"/>
        <label play          = "播放"/>
        <label stop          = "停止"/>

        <label page1title    = "音訊調整精靈 - 選擇音訊設備"/>
	<label headset       = "耳機:"/>
	<label speakerphone  = "喇叭:"/>
	<label ringer        = "鈴聲:"/>
	<label handset       = "話筒:"/>

        <label page2title          = "音訊調整精靈 - 調整 %s 的接聽音量"/>
	<label page2playbackdevice = "播放裝置:"/>	
        <label page2wavevolume     = "聲波音量:"/>
        <label page2mastervolume   = "主音量:"/>
	<label page2enabled        = "啟用"/>

        <label page3title          = "音訊調整精靈 - 調整 %s 的麥克風音量"/>
        <label page3device         = "錄音裝置:"/>
        <label page3finegain       = "微調音量:"/>
        <label page3coarsegain     = "主音量:"/>
        <label page3enable         = "啟用"/>
        <label page3highgain       = "麥克風增量"/>
        <label page3playback       = "播放"/>
        <label page4title    = "音訊調整精靈 - %s 的 AEC 品檢測試"/>

        <label checktitle    = "音訊調整精靈 - 檢查音訊設定"/>
        <label checkdisable  = "不要再問我"/>
        <label revert        = "回復"/>
        <label tune          = "調整"/>
	<label skip	     = "略過"/>

        <label yes           = "是"/>
        <label no            = "否"/>
        <label ok            = "確定"/>
        <label cancel        = "取消"/>
        <label back          = "上一步"/>
        <label next          = "下一步"/>
        <label finish        = "完成"/>
	  <label Help        = "說明"/>
        <label Troubleshooting        = "疑難排解資訊..."/>
        <label About        = "關於 AudioTuningWizard..."/>
	<label UseDefaultDevices 	= "使用 Windows 預設裝置"/>
        <label errOpenSoundCard		= "無法將聲音裝置變更為 "/>
        
        <label AboutTitle		= "關於音訊調整精靈"/>
        <label Move		= "移動"/>
        <label Close		= "關閉"/>
        <label AlreadyRunning		= "音訊調整精靈的另一例項正在執行!"/>
        <label FileOpenFailure		= "無法開啟 %s"/>
        <label MicInError		= "錯誤: 麥克風輸入超出範圍"/>


	<label checksettingshelp = "{\rtf1\ansi\ansicpg950\deff0\deflang1033\deflangfe1028\deftab480{\fonttbl{\f0\fmodern\fprq1\fcharset136 MingLiU;}{\f1\froman\fprq2\fcharset2 Symbol;}{\f2\fswiss\fcharset0 Arial;}}
{\*\generator Msftedit 5.41.15.1507;}{\info{\horzdoc}{\*\lchars ([\'7b\'a2\'47\'a2\'44\'a1\'a5\'a1\'a7\'a1\'ab\'a1\'71\'a1\'6d\'a1\'75\'a1\'79\'a1\'69\'a1\'65\'a1\'a9\'a1\'5f\'a1\'63\'a1\'67\'a1\'6b\'a1\'6f\'a1\'73\'a1\'77\'a1\'7b\'a1\'7d\'a1\'a1\'a1\'a3\'a1\'5d\'a1\'61}{\*\fchars !),.:\'3b?]\'7d\'a2\'46\'a1\'50\'a1\'56\'a1\'58\'a1\'a6\'a1\'a8\'a1\'45\'a1\'4c\'a1\'4b\'a1\'45\'a1\'ac\'a1\'5a\'a1\'42\'a1\'43\'a1\'72\'a1\'6e\'a1\'76\'a1\'7a\'a1\'6a\'a1\'66\'a1\'aa\'a1\'4a\'a1\'57\'a1\'59\'a1\'5b\'a1\'60\'a1\'64\'a1\'68\'a1\'6c\'a1\'70\'a1\'74\'a1\'78\'a1\'7c\'a1\'5c\'a1\'4d\'a1\'4e\'a1\'4f\'a1\'51\'a1\'52\'a1\'53\'a1\'54\'a1\'7e\'a1\'a2\'a1\'a4\'a1\'49\'a1\'5e\'a1\'41\'a1\'44\'a1\'47\'a1\'46\'a1\'48\'a1\'66\'a1\'55\'a1\'62\'a1\'4e}}
\viewkind4\uc1\pard\nowidctlpar\kerning2\f0\fs18\'a6\'db\'b0\'74\'b8\'6d\'b1\'7a\'aa\'ba PC \'ad\'b5\'c0\'57\'b3\'5d\'b8\'6d\'bb\'50 Cisco IP Communicator \'b0\'74\'a6\'58\'a8\'cf\'a5\'ce\'a5\'48\'a8\'d3\'a1\'41\'b1\'7a\'aa\'ba PC \'ad\'b5\'c0\'57\'b3\'5d\'b8\'6d\'a4\'77\'b5\'6f\'a5\'cd\'a7\'f3\'a7\'ef\'a1\'43\par
\'bf\'ef\'be\'dc\'a1\'47\par
\par
\kerning0\f1\'b7  \kerning2\b\f0\'b4\'5f\'ad\'ec\b0\'b1\'4e\'ad\'b5\'c0\'57\'b3\'5d\'b8\'6d\'a7\'ef\'a6\'5e\par
\'b1\'7a\'b3\'cc\'aa\'ec\'bd\'d5\'b8\'60\'aa\'ba\'a4\'e8\'a6\'a1\par
\kerning0\f1\'b7  \kerning2\b\f0\'bd\'d5\'b8\'60\'a5\'48\b0\'ac\'64\'ac\'dd\'a9\'ce\'ad\'d7\'a7\'ef\'b7\'ed\'ab\'65\'aa\'ba\'ad\'b5\'c0\'57\'b3\'5d\'b8\'6d\par
\kerning0\f1\'b7  \kerning2\b\f0\'b8\'f5\'b9\'4c\b0\'a5\'48\'c4\'7e\'c4\'f2\'a8\'cf\'a5\'ce\'b7\'ed\'ab\'65\'ad\'b5\'c0\'57\'b3\'5d\'b8\'6d\f2\par
}
"/>

	<label checknewdevicehelp = "{\rtf1\ansi\ansicpg950\deff0\deflang1033\deflangfe1028\deftab480{\fonttbl{\f0\fmodern\fprq1\fcharset136 MingLiU;}{\f1\froman\fprq2\fcharset2 Symbol;}{\f2\fswiss\fcharset0 Arial;}}
{\*\generator Msftedit 5.41.15.1507;}{\info{\horzdoc}{\*\lchars ([\'7b\'a2\'47\'a2\'44\'a1\'a5\'a1\'a7\'a1\'ab\'a1\'71\'a1\'6d\'a1\'75\'a1\'79\'a1\'69\'a1\'65\'a1\'a9\'a1\'5f\'a1\'63\'a1\'67\'a1\'6b\'a1\'6f\'a1\'73\'a1\'77\'a1\'7b\'a1\'7d\'a1\'a1\'a1\'a3\'a1\'5d\'a1\'61}{\*\fchars !),.:\'3b?]\'7d\'a2\'46\'a1\'50\'a1\'56\'a1\'58\'a1\'a6\'a1\'a8\'a1\'45\'a1\'4c\'a1\'4b\'a1\'45\'a1\'ac\'a1\'5a\'a1\'42\'a1\'43\'a1\'72\'a1\'6e\'a1\'76\'a1\'7a\'a1\'6a\'a1\'66\'a1\'aa\'a1\'4a\'a1\'57\'a1\'59\'a1\'5b\'a1\'60\'a1\'64\'a1\'68\'a1\'6c\'a1\'70\'a1\'74\'a1\'78\'a1\'7c\'a1\'5c\'a1\'4d\'a1\'4e\'a1\'4f\'a1\'51\'a1\'52\'a1\'53\'a1\'54\'a1\'7e\'a1\'a2\'a1\'a4\'a1\'49\'a1\'5e\'a1\'41\'a1\'44\'a1\'47\'a1\'46\'a1\'48\'a1\'66\'a1\'55\'a1\'62\'a1\'4e}}
\viewkind4\uc1\pard\nowidctlpar\kerning2\f0\fs18\'b1\'7a\'a9\'d2\'bf\'ef\'aa\'ba\'ac\'59\'a8\'c7\'ad\'b5\'c0\'57\'b3\'5d\'b3\'c6\'b1\'71\'a5\'bc\'b0\'74\'b8\'6d\'bb\'50 Cisco IP Communicator \'b0\'74\'a6\'58\'a8\'cf\'a5\'ce \'a1\'43\'bf\'ef\'be\'dc\'a1\'47\par
\par
\kerning0\f1\'b7  \kerning2\b\f0\'bd\'d5\'b8\'60\b0\'a5\'48\'b0\'74\'b8\'6d\'b3\'5d\'b3\'c6\'a9\'ce\'bf\'ef\'be\'dc\'a8\'e4\'a5\'4c\'b3\'5d\'b3\'c6\par
\kerning0\f1\'b7  \kerning2\b\f0\'a8\'fa\'ae\'f8\b0\'a5\'48\'c4\'7e\'c4\'f2\'a8\'cf\'a5\'ce\'b7\'ed\'ab\'65\'ad\'b5\'c0\'57\'b3\'5d\'b8\'6d\f2\par
}
"/>

	<label page0help = "{\rtf1\ansi\ansicpg950\deff0\deflang1033\deflangfe1028\deftab480{\fonttbl{\f0\fmodern\fprq1\fcharset136 MingLiU;}{\f1\fswiss\fcharset0 Arial;}}
{\*\generator Msftedit 5.41.15.1507;}{\info{\horzdoc}{\*\lchars ([\'7b\'a2\'47\'a2\'44\'a1\'a5\'a1\'a7\'a1\'ab\'a1\'71\'a1\'6d\'a1\'75\'a1\'79\'a1\'69\'a1\'65\'a1\'a9\'a1\'5f\'a1\'63\'a1\'67\'a1\'6b\'a1\'6f\'a1\'73\'a1\'77\'a1\'7b\'a1\'7d\'a1\'a1\'a1\'a3\'a1\'5d\'a1\'61}{\*\fchars !),.:\'3b?]\'7d\'a2\'46\'a1\'50\'a1\'56\'a1\'58\'a1\'a6\'a1\'a8\'a1\'45\'a1\'4c\'a1\'4b\'a1\'45\'a1\'ac\'a1\'5a\'a1\'42\'a1\'43\'a1\'72\'a1\'6e\'a1\'76\'a1\'7a\'a1\'6a\'a1\'66\'a1\'aa\'a1\'4a\'a1\'57\'a1\'59\'a1\'5b\'a1\'60\'a1\'64\'a1\'68\'a1\'6c\'a1\'70\'a1\'74\'a1\'78\'a1\'7c\'a1\'5c\'a1\'4d\'a1\'4e\'a1\'4f\'a1\'51\'a1\'52\'a1\'53\'a1\'54\'a1\'7e\'a1\'a2\'a1\'a4\'a1\'49\'a1\'5e\'a1\'41\'a1\'44\'a1\'47\'a1\'46\'a1\'48\'a1\'66\'a1\'55\'a1\'62\'a1\'4e}}
\viewkind4\uc1\pard\nowidctlpar\kerning2\b\i\f0\fs18\'bf\'ef\'be\'dc\'a9\'4d\'bd\'d5\'b8\'60\'ad\'b5\'c0\'57\'b3\'5d\'b3\'c6\b0\i0\par
\par
\'b6\'7d\'a9\'6c\'a8\'cf\'a5\'ce\'ab\'65\'a1\'47\par
\par
\'c3\'f6\'b3\'ac\'a9\'d2\'a6\'b3\'a8\'e4\'a5\'4c\'bc\'bd\'a9\'f1\'a9\'ce\'bf\'fd\'ad\'b5\'b5\'7b\'a6\'a1\'a1\'41\'a8\'d2\'a6\'70 Microsoft \'b5\'aa\'bf\'fd\'be\'f7\'a1\'43\par
\par
\'bd\'54\'ab\'4f\'b7\'51\'ad\'6e\'a8\'cf\'a5\'ce\'aa\'ba\'ad\'b5\'c0\'57\'b3\'5d\'b3\'c6\'a1\'5d\'c0\'59\'c0\'b9\'a6\'a1\'a6\'d5\'be\'f7\'a1\'42\'b4\'ad\'c1\'6e\'be\'b9\'a1\'42\'b3\'c1\'a7\'4a\'ad\'b7\'a9\'4d\'a4\'e2\'ab\'f9\'c5\'a5\'b5\'a9\'a1\'5e\'a4\'77\'b4\'a1\'a6\'6e\'a8\'c3\'b6\'7d\'b1\'d2\'a1\'43\par
\par
\'a6\'70\'aa\'47\'b1\'7a\'a8\'cf\'a5\'ce\'c0\'59\'c0\'b9\'a6\'a1\'a6\'d5\'be\'f7\'a1\'41\'bd\'d0\'b1\'4e\'a8\'e4\'b3\'c1\'a7\'4a\'ad\'b7\'a9\'f1\'a6\'62\'a6\'d5\'be\'f7\'a5\'cd\'b2\'a3\'b0\'d3\'b1\'c0\'c2\'cb\'aa\'ba\'c2\'f7\'bc\'4c\'ba\'c9\'a5\'69\'af\'e0\'aa\'f1\'aa\'ba\'a6\'ec\'b8\'6d\'a1\'43\par
\par
\'a6\'70\'ad\'6e\'c4\'7e\'c4\'f2\'a1\'41\'bd\'d0\'bf\'ef\'be\'dc\f1\ldblquote\f0\'a4\'55\'a4\'40\'a8\'42\f1\rdblquote\f0\'a1\'43\f1\par
}
"/>

	<label page1help = "{\rtf1\ansi\ansicpg950\deff0\deflang1033\deflangfe1028\deftab480{\fonttbl{\f0\fmodern\fprq1\fcharset136 MingLiU;}{\f1\fswiss\fcharset0 Arial;}}
{\*\generator Msftedit 5.41.15.1507;}{\info{\horzdoc}{\*\lchars ([\'7b\'a2\'47\'a2\'44\'a1\'a5\'a1\'a7\'a1\'ab\'a1\'71\'a1\'6d\'a1\'75\'a1\'79\'a1\'69\'a1\'65\'a1\'a9\'a1\'5f\'a1\'63\'a1\'67\'a1\'6b\'a1\'6f\'a1\'73\'a1\'77\'a1\'7b\'a1\'7d\'a1\'a1\'a1\'a3\'a1\'5d\'a1\'61}{\*\fchars !),.:\'3b?]\'7d\'a2\'46\'a1\'50\'a1\'56\'a1\'58\'a1\'a6\'a1\'a8\'a1\'45\'a1\'4c\'a1\'4b\'a1\'45\'a1\'ac\'a1\'5a\'a1\'42\'a1\'43\'a1\'72\'a1\'6e\'a1\'76\'a1\'7a\'a1\'6a\'a1\'66\'a1\'aa\'a1\'4a\'a1\'57\'a1\'59\'a1\'5b\'a1\'60\'a1\'64\'a1\'68\'a1\'6c\'a1\'70\'a1\'74\'a1\'78\'a1\'7c\'a1\'5c\'a1\'4d\'a1\'4e\'a1\'4f\'a1\'51\'a1\'52\'a1\'53\'a1\'54\'a1\'7e\'a1\'a2\'a1\'a4\'a1\'49\'a1\'5e\'a1\'41\'a1\'44\'a1\'47\'a1\'46\'a1\'48\'a1\'66\'a1\'55\'a1\'62\'a1\'4e}}
\viewkind4\uc1\pard\nowidctlpar\kerning2\b\i\f0\fs18\'bf\'ef\'be\'dc\'ad\'b5\'c0\'57\'b3\'5d\'b3\'c6\b0\i0\par
\'b9\'ef\'a9\'f3\'a8\'43\'ba\'d8\'ad\'b5\'c0\'57\'bc\'d2\'a6\'a1\'a1\'41\'a5\'b2\'b6\'b7\'bf\'ef\'be\'dc\'b7\'51\'ad\'6e Communicator \'a8\'cf\'a5\'ce\'aa\'ba\'b3\'5d\'b3\'c6\'a1\'43\'a6\'70\'aa\'47\'b1\'7a\'bb\'dd\'ad\'6e\'c0\'b0\'a7\'55\'a8\'d3\'c1\'41\'b8\'d1\'ad\'b5\'c0\'57\'b3\'5d\'b3\'c6\'a9\'4d\'bc\'d2\'a6\'a1\'a1\'41\'bd\'d0\'b0\'d1\'be\'5c\'a1\'6d\'a5\'ce\'a4\'e1\'ab\'fc\'ab\'6e\'a1\'6e\'a1\'43\f1\par
}
"/>

	<label page2help = "{\rtf1\ansi\ansicpg950\deff0\deflang1033\deflangfe1028\deftab480{\fonttbl{\f0\fmodern\fprq1\fcharset136 MingLiU;}{\f1\fswiss\fcharset0 Arial;}}
{\*\generator Msftedit 5.41.15.1507;}{\info{\horzdoc}{\*\lchars ([\'7b\'a2\'47\'a2\'44\'a1\'a5\'a1\'a7\'a1\'ab\'a1\'71\'a1\'6d\'a1\'75\'a1\'79\'a1\'69\'a1\'65\'a1\'a9\'a1\'5f\'a1\'63\'a1\'67\'a1\'6b\'a1\'6f\'a1\'73\'a1\'77\'a1\'7b\'a1\'7d\'a1\'a1\'a1\'a3\'a1\'5d\'a1\'61}{\*\fchars !),.:\'3b?]\'7d\'a2\'46\'a1\'50\'a1\'56\'a1\'58\'a1\'a6\'a1\'a8\'a1\'45\'a1\'4c\'a1\'4b\'a1\'45\'a1\'ac\'a1\'5a\'a1\'42\'a1\'43\'a1\'72\'a1\'6e\'a1\'76\'a1\'7a\'a1\'6a\'a1\'66\'a1\'aa\'a1\'4a\'a1\'57\'a1\'59\'a1\'5b\'a1\'60\'a1\'64\'a1\'68\'a1\'6c\'a1\'70\'a1\'74\'a1\'78\'a1\'7c\'a1\'5c\'a1\'4d\'a1\'4e\'a1\'4f\'a1\'51\'a1\'52\'a1\'53\'a1\'54\'a1\'7e\'a1\'a2\'a1\'a4\'a1\'49\'a1\'5e\'a1\'41\'a1\'44\'a1\'47\'a1\'46\'a1\'48\'a1\'66\'a1\'55\'a1\'62\'a1\'4e}}
\viewkind4\uc1\pard\nowidctlpar\kerning2\b\i\f0\fs18\'bd\'d5\'b8\'60\'ad\'b5\'b6\'71\b0\i0\par
\'bd\'54\'ab\'4f\'b1\'7a\'a6\'ac\'c5\'a5\'aa\'ba\'ac\'4f\'a5\'48\'a4\'55\'bc\'bd\'a9\'f1\'b3\'5d\'b3\'c6\'a1\'43\'a6\'70\'aa\'47\'b1\'7a\'aa\'ba\'b3\'5d\'b3\'c6\'a6\'b3\'a5\'7e\'b3\'a1\'ad\'b5\'b6\'71\'b1\'b1\'a8\'ee\'a1\'41\'bd\'d0\'b6\'7d\'a6\'dc\'b3\'cc\'a4\'6a\'ad\'b5\'b6\'71\'a1\'41\'a6\'41\'b6\'7d\'a9\'6c\'bd\'d5\'b8\'60\'a1\'43\'ab\'f6\'a4\'55\b\'bc\'bd\'a9\'f1\b0\'ab\'f6\'b6\'73\'a1\'41\'b5\'4d\'ab\'e1\'bd\'d5\'b8\'60\'ad\'b5\'b6\'71\'b7\'c6\'b6\'f4\'a1\'41\'aa\'bd\'a8\'ec\'bc\'cb\'ad\'b5\'ad\'b5\'b6\'71\'c5\'a5\'a4\'57\'a5\'68\'b5\'ce\'be\'41\'ae\'ae\'a6\'d5\'a1\'43\'a6\'70\'aa\'47\'b1\'7a\'ac\'dd\'a8\'ec\'ac\'4a\'a6\'b3\'a5\'44\'ad\'b5\'b6\'71\'b7\'c6\'b6\'f4\'a1\'41\'a4\'53\'a6\'b3\'aa\'69\'a7\'ce\'b7\'c6\'b6\'f4\'a1\'41\'b8\'d5\'b5\'db\'b1\'4e\'aa\'69\'a7\'ce\'b7\'c6\'b6\'f4\'b3\'5d\'b8\'6d\'a6\'62 75%\'a1\'41\'b5\'4d\'ab\'e1\'bd\'d5\'b8\'60\'a5\'44\'ad\'b5\'b6\'71\'b7\'c6\'b6\'f4\'aa\'bd\'a8\'ec\'b5\'ce\'be\'41\'ae\'ae\'a6\'d5\'aa\'ba\'b5\'7b\'ab\'d7\'a1\'43\f1\par
}
"/>

	<label page3help = "{\rtf1\ansi\ansicpg950\deff0\deflang1033\deflangfe1028\deftab480{\fonttbl{\f0\fmodern\fprq1\fcharset136 MingLiU;}{\f1\fswiss\fcharset0 Arial;}}
{\*\generator Msftedit 5.41.15.1507;}{\info{\horzdoc}{\*\lchars ([\'7b\'a2\'47\'a2\'44\'a1\'a5\'a1\'a7\'a1\'ab\'a1\'71\'a1\'6d\'a1\'75\'a1\'79\'a1\'69\'a1\'65\'a1\'a9\'a1\'5f\'a1\'63\'a1\'67\'a1\'6b\'a1\'6f\'a1\'73\'a1\'77\'a1\'7b\'a1\'7d\'a1\'a1\'a1\'a3\'a1\'5d\'a1\'61}{\*\fchars !),.:\'3b?]\'7d\'a2\'46\'a1\'50\'a1\'56\'a1\'58\'a1\'a6\'a1\'a8\'a1\'45\'a1\'4c\'a1\'4b\'a1\'45\'a1\'ac\'a1\'5a\'a1\'42\'a1\'43\'a1\'72\'a1\'6e\'a1\'76\'a1\'7a\'a1\'6a\'a1\'66\'a1\'aa\'a1\'4a\'a1\'57\'a1\'59\'a1\'5b\'a1\'60\'a1\'64\'a1\'68\'a1\'6c\'a1\'70\'a1\'74\'a1\'78\'a1\'7c\'a1\'5c\'a1\'4d\'a1\'4e\'a1\'4f\'a1\'51\'a1\'52\'a1\'53\'a1\'54\'a1\'7e\'a1\'a2\'a1\'a4\'a1\'49\'a1\'5e\'a1\'41\'a1\'44\'a1\'47\'a1\'46\'a1\'48\'a1\'66\'a1\'55\'a1\'62\'a1\'4e}}
\viewkind4\uc1\pard\nowidctlpar\kerning2\b\i\f0\fs18\'bd\'d5\'b8\'60\'b3\'c1\'a7\'4a\'ad\'b7\'ad\'b5\'b6\'71\b0\i0\par
\'bd\'d0\'bd\'54\'ab\'4f\'b1\'7a\'a8\'cf\'a5\'ce\'aa\'ba\'ac\'4f\'a6\'70\'a4\'55\'a6\'43\'aa\'ed\'a4\'a4\'aa\'ba\'bf\'fd\'ad\'b5\'b3\'5d\'b3\'c6\'a1\'43\'ab\'f6\b\'b4\'fa\'b8\'d5\b0\'ab\'f6\'b6\'73\'a1\'41\'b5\'4d\'ab\'e1\'a5\'ce\'b1\'7a\'b3\'71\'b8\'dc\'ae\'c9\'aa\'ba\'a5\'bf\'b1\'60\'ad\'b5\'b6\'71\'c5\'aa\'b3\'6f\'b1\'f8\'af\'64\'a8\'a5\'a1\'43\'bd\'d5\'b8\'60\'ad\'b5\'b6\'71\'b7\'c6\'b6\'f4\'a1\'41\'aa\'bd\'a8\'ec\'b9\'71\'a5\'ad\'aa\'ed\'b9\'46\'a8\'ec\'b3\'cc\'b0\'aa\'aa\'ba\'b6\'c0\'a6\'e2\'ac\'71\'a1\'43\'a6\'70\'aa\'47\'b1\'7a\'ac\'dd\'a8\'ec\'ac\'4a\'a6\'b3\'a5\'44\'ad\'b5\'b6\'71\'b7\'c6\'b6\'f4\'a1\'41\'a4\'53\'a6\'b3\'b7\'4c\'bd\'d5\'b7\'c6\'b6\'f4\'a1\'41\'bd\'d0\'b1\'4e\'a5\'44\'ad\'b5\'b6\'71\'b7\'c6\'b6\'f4\'b3\'5d\'b8\'6d\'a6\'62 75%\'a1\'41\'b5\'4d\'ab\'e1\'bd\'d5\'b8\'60\'b7\'4c\'bd\'d5\'b7\'c6\'b6\'f4\'aa\'bd\'a8\'ec\'c1\'6e\'ad\'b5\'c5\'a5\'a4\'57\'a5\'68\'b5\'ce\'be\'41\'ae\'ae\'a6\'d5\'a1\'43 \'a6\'70\'aa\'47\'a6\'62\'b1\'4e\'a8\'e2\'ad\'d3\'ad\'b5\'b6\'71\'b7\'c6\'b6\'f4\'b3\'5d\'b8\'6d\'a8\'ec\'b3\'cc\'b0\'aa\'ad\'b5\'b6\'71\'ab\'e1\'a1\'41\'b9\'71\'a5\'ad\'aa\'ed\'a4\'b4\'b5\'4d\'a8\'53\'a6\'b3\'b6\'57\'b9\'4c\'ba\'f1\'a6\'e2\'ac\'71\'a6\'d3\'b9\'46\'a8\'ec\'ae\'70\'ad\'c8\f1 ,\f0\'bd\'d0\'b1\'d2\'a5\'ce\b\'b3\'c1\'a7\'4a\'ad\'b7\'bc\'57\'b1\'6a\'a5\'5c\'af\'e0\b0\'a1\'5d\'a6\'70\'aa\'47\'a5\'69\'a5\'ce\'a1\'5e\'a1\'43\f1\par
}
"/>

	<label page99help = "{\rtf1\ansi\ansicpg950\deff0\deflang1033\deflangfe1028\deftab480{\fonttbl{\f0\fmodern\fprq1\fcharset136 MingLiU;}{\f1\froman\fprq2\fcharset2 Symbol;}{\f2\fswiss\fcharset0 Arial;}}
{\*\generator Msftedit 5.41.15.1507;}{\info{\horzdoc}{\*\lchars ([\'7b\'a2\'47\'a2\'44\'a1\'a5\'a1\'a7\'a1\'ab\'a1\'71\'a1\'6d\'a1\'75\'a1\'79\'a1\'69\'a1\'65\'a1\'a9\'a1\'5f\'a1\'63\'a1\'67\'a1\'6b\'a1\'6f\'a1\'73\'a1\'77\'a1\'7b\'a1\'7d\'a1\'a1\'a1\'a3\'a1\'5d\'a1\'61}{\*\fchars !),.:\'3b?]\'7d\'a2\'46\'a1\'50\'a1\'56\'a1\'58\'a1\'a6\'a1\'a8\'a1\'45\'a1\'4c\'a1\'4b\'a1\'45\'a1\'ac\'a1\'5a\'a1\'42\'a1\'43\'a1\'72\'a1\'6e\'a1\'76\'a1\'7a\'a1\'6a\'a1\'66\'a1\'aa\'a1\'4a\'a1\'57\'a1\'59\'a1\'5b\'a1\'60\'a1\'64\'a1\'68\'a1\'6c\'a1\'70\'a1\'74\'a1\'78\'a1\'7c\'a1\'5c\'a1\'4d\'a1\'4e\'a1\'4f\'a1\'51\'a1\'52\'a1\'53\'a1\'54\'a1\'7e\'a1\'a2\'a1\'a4\'a1\'49\'a1\'5e\'a1\'41\'a1\'44\'a1\'47\'a1\'46\'a1\'48\'a1\'66\'a1\'55\'a1\'62\'a1\'4e}}
\viewkind4\uc1\pard\nowidctlpar\kerning2\b\f0\fs18\'b1\'7a\'a4\'77\'a7\'b9\'a6\'a8\'ad\'b5\'c0\'57\'bd\'d5\'b8\'60\'c2\'51\'be\'c9\b0\par
\par
\'a5\'48\'a4\'55\'b1\'a1\'aa\'70\'bd\'d0\'a6\'41\'a6\'b8\'b9\'42\'a6\'e6\'a6\'b9\'c2\'51\'be\'c9\'a1\'47\par
\pard\nowidctlpar\li720\kerning0\f1\'b7\tab\kerning2\f0\'b3\'73\'b1\'b5\'a4\'46\'b7\'73\'b3\'5d\'b3\'c6\par
\kerning0\f1\'b7\tab\kerning2\f0\'ad\'b5\'c0\'57\'b3\'5d\'b3\'c6\'a5\'58\'b2\'7b\'ad\'b5\'c0\'57\'ab\'7e\'bd\'e8\'b0\'dd\'c3\'44\par
\kerning0\f1\'b7\tab\kerning2\f0\'a8\'e4\'a5\'4c\'b5\'7b\'a6\'a1\'a1\'5d\'a6\'70\'c1\'6e\'ad\'b5\'a9\'4d\'a6\'68\'b4\'43\'c5\'e9\'b1\'b1\'a8\'ee\'ad\'b1\'aa\'4f\'a1\'5e\'a4\'a4\'aa\'ba\'ad\'b5\'c0\'57\'b3\'5d\'b8\'6d\'b5\'6f\'a5\'cd\'c5\'dc\'a4\'c6\par
\pard\nowidctlpar\par
\'a6\'70\'aa\'47\'b1\'7a\'a6\'62\'b9\'42\'a6\'e6\'c2\'51\'be\'c9\'a4\'a7\'a5\'7e\'a7\'f3\'a7\'ef\'a4\'46\'a5\'f4\'a6\'f3\'ad\'b5\'c0\'57\'b3\'5d\'b8\'6d\'a1\'41\'b7\'ed\'b1\'7a\'b1\'d2\'b0\'ca Cisco IP Communicator \'ae\'c9\'a1\'41\'a6\'b9\'c2\'51\'be\'c9\'a5\'69\'af\'e0\'a6\'db\'b0\'ca\'a6\'41\'a6\'b8\'a5\'58\'b2\'7b\'a1\'43\'b0\'a3\'ab\'44\'b1\'7a\'b7\'51\'ad\'6e\'a7\'f3\'a7\'ef\'ad\'b5\'c0\'57\'b3\'5d\'b8\'6d\'a1\'41\'a7\'5f\'ab\'68\'c0\'b3\'bf\'ef\'be\'dc\b\'b4\'5f\'ad\'ec\b0\'a1\'43\par
\par
\'ad\'6e\'c3\'f6\'b3\'ac\'a6\'b9\'c2\'51\'be\'c9\'a1\'41\'bd\'d0\'b3\'e6\'c0\'bb\f2\ldblquote\f0\'a7\'b9\'a6\'a8\f2\rdblquote\f0\'a1\'43\f2\par
}
"/>

</TuningWizardStrings>