﻿<?xml version="1.0"?>

<CommunicatorStrings>
	<label rtlFlag="0"/>
	<label ok			="确定"/>
	<label cancel		="取消"/>
	<label apply		="套用"/>
	<label verify		="驗證"/>
	<label yes			="是"/>
	<label no			="否"/>
	<label yesToAll		="全部皆是"/>
	<label noToAll		="全部皆否"/>
	<label abort		="中止"/>
	<label retry		="重試"/>
	<label error		="錯誤"/>
	<label edit			="編輯"/>
	<label exit			="結束"/>
	<label close		="關閉"/>
	<label view			="檢視"/>
	<label update		="更新"/>
	<label help			="說明"/>
	<label about		="關於"/>
	<label proceed		="繼續"/>
	<label next			="下一步"/>
	<label back			="上一步"/>
	<label finish		="完成"/>
	<label accept		="接受"/>
	<label acceptAll	="全部接受"/>
	<label reject		="拒絕"/>
	<label rejectAll	="全部拒絕"/>
	<label status		="狀態"/>
	<label cannotProceed="無法繼續"/>
	<label details		="詳細資料"/>
	<label viewDetails	="檢視詳細資料"/>
	<label consultAdmin	="請洽詢系統管理員"/>
	<label ensureNetwork="確定已連接至網路"/>

	<label title		="Cisco IP Communicator"/>
	<label autoUpdate	="CIPCLocaleDownloader"/>
	<label file			="檔案"/>
	<label module		="模組"/>
	<label archive		="歸檔"/>
	<label downloading	="下載中..."/>
	<label installing	="安裝中..."/>
	<label extracting	="解壓縮中..."/>
	<label progress		="進度"/>
	<label updateType	="更新類型"/>
	<label recommended	="建議"/>
	<label required		="必要"/>

	<label bitsLong			="位元"/>
	<label bitsShort		="b"/>
	<label bytesLong		="位元組"/>
	<label bytesShort		="B"/>
	<label kiloLong			="千"/>
	<label kiloShort		="K"/>
	<label kilobytesShort	="KB"/>
	<label kilobytesLong	="千位元組"/>
	<label megaLong			="百萬"/>
	<label megaShort		="M"/>
	<label megabytesShort	="MB"/>
	<label megabytesLong	="百萬位元組"/>
	<label gigaLong			="十億"/>
	<label gigaShort		="G"/>
	<label gigabytesShort	="GB"/>
	<label gigabytesLong	="十億位元組"/>
	<label teraLong			="兆"/>
	<label teraShort		="T"/>
	<label terabytesShort	="TB"/>
	<label terabytesLong	="兆位元組"/>

	<label downloadSpeed	="下載速度"/>
	<label timeRemaining	="剩餘時間"/>

	<label secondShort		="s"/>
	<label secondLong		="秒"/>
	<label secondsLong		="秒"/>
	<label minuteShort		="min"/>
	<label minuteLong		="分"/>
	<label minutesLong		="分"/>
	<label hourShort		="hr"/>
	<label hoursLong		="時"/>
	<label hoursLong		="時"/>

	<label unknown					="不明"/>
	<label overallProgress			="整體進度..."/>
	<label gettingManifest			="正在下載安裝說明..."/>
	<label inspectingInstallation	="正在檢查目前的安裝..."/>
	<label preparingToInstallFiles	="正在準備安裝檔案..."/>
	<label doingUpdates				="正在下載及安裝地區設定..."/>
	<label confirmCancel			="確定要取消嗎?"/>

	<label AU_usageString			="用法&#13;=======&#13;AutoUpdate parameterName1=&lt;parameterValue1&gt; parameterName2=&lt;parameterValue2&gt; ...&#13;&#13;參數:&#13;必須指定 httpServer/tftpServer、installFolder、manifestFile&#13;選用參數為包括 mode、waitWindow 及 postUpdateScript&#13;參數具有順序性，並會區分大小寫&#13;&#13;E.g.&#13;AutoUpdate httpServer=http://www.webserver.com/Communicator installFolder=&quot;D:\Program Files\ACME Systems \ACME Studio&quot; mode=install waitWindow=&quot;ACME Studio&quot; postUpdateScript=Notepad.exe"/>
	<label AU_errorTitle			="CIPCLocaleDownloader 錯誤"/>
	<label AU_errorHeading			="發生錯誤"/>
	<label AU_stackTrace			="堆疊追蹤"/>
	<label AU_viewStackTrace		="檢視堆疊追蹤"/>
	<label AU_autoupdateComponentNotDefined	="CIPC 地區設定資訊清單檔案 - 未定義地區設定元件"/>
	<label AU_closeWindowTitle		="請關閉具有下列標題的所有視窗"/>
	<label AU_endProcesses			="請先結束下列程序再繼續"/>

	<label AU_repairs					="修復"/>
	<label AU_repairsList				="下列模組包含已遺失或修改過的檔案"/>
	<label AU_requiredUpdates			="必要的更新"/>
	<label AU_requiredUpdatesList		="下列模組含有必要的更新"/>
	<label AU_recommendedUpdates		="建議的更新"/>
	<label AU_recommendedUpdatesList	="下列模組含有建議的更新"/>
	<label AU_chooseIndividualUpdates	="視各模組而定"/>
	<label AU_selectUpdate				="要將建議的更新套用到下列模組嗎?"/>
	<label AU_installAny				="要安裝其中任何一項嗎?"/>
	<label AU_module					="模組"/>
	<label AU_downloadSize				="下載大小"/>
	<label AU_wantToDoUpdates			="已有更新可供使用&#13;&#13;要立即下載並安裝嗎?" />

	<label AU_olderVersionInstalled		="已安裝的檔案版本較舊"/>
	<label AU_newerVersionInstalled		="已安裝的檔案版本較新"/>
	<label AU_equalVersionInstalled		="已安裝的檔案版本相同"/>
	<label AU_checksumMismatch			="檔案總和檢查不符合預期值"/>
	<label AU_olderFileInstalled		="已安裝的檔案修改日期較早"/>
	<label AU_newerFileInstalled		="已安裝的檔案修改日期較晚"/>
	<label AU_modifiedDatesMatch		="修改日期相符"/>
	<label AU_unableToCompareFiles		="無法比較檔案"/>

	<label AU_Error_tftpHttpNotDefined			="您必須指定 tftpServer 或 httpServer"/>
	<label AU_Error_installFolderNotDefined		="未指定安裝資料夾"/>
	<label AU_Error_manifestFileNotDefined		="未指定資訊清單檔案"/>
	<label AU_Error_downloadManifestFailed		="無法下載資訊清單檔案"/>
	<label AU_Error_invalidUpdateMode			="更新模式無效。允許的模式為「安裝」及「查詢」"/>
	<label AU_Error_errorInManifest				="資訊清單檔案已損壞"/>
	<label AU_Error_cannotProceed				="CIPCLocaleDownloader 無法繼續"/>
	<label AU_Error_invalidVersionString		="版本字串無效"/>
	<label AU_Error_fileNotFound				="找不到檔案"/>
	<label AU_Error_unsupportedProtocol			="傳輸通訊協定不受支援或無效"/>
	<label AU_Error_downloadedFileInvalid		="下載的檔案不符說明"/>
	<label AU_Error_requiredUpdateFailed		="無法安裝下列模組的必要更新"/>
	<label AU_Error_recommendedUpdateFailed		="無法安裝下列模組的建議更新"/>
	<label AU_Error_repairFailed				="無法更新下列模組"/>
	<label AU_Error_preinstallFileInstall		="無法安裝預先安裝檔案"/>
	<label AU_Error_postinstallFileInstall		="無法安裝後置安裝檔案"/>
	<label AU_Error_moduleFileInstall			="無法安裝模組檔案"/>
	<label AU_Error_preinstallFileDownload		="無法下載預先安裝檔案"/>
	<label AU_Error_postinstallFileDownload		="無法下載後置安裝檔案"/>
	<label AU_Error_moduleFileDownload			="無法下載模組檔案"/>
	<label AU_Error_preinstallFileInstall		="無法安裝預先安裝檔案"/>
	<label AU_Error_postinstallFileInstall		="無法安裝後置安裝檔案"/>
	<label AU_Error_moduleFileInstall			="無法安裝模組檔案"/>
	<label AU_Error_moduleSettingInstall		="無法安裝模組設定"/>
	<label AU_Error_preinstallScript			="預先安裝指令檔傳回錯誤"/>
	<label AU_Error_postinstallScript			="後置安裝指令檔傳回錯誤"/>
	<label AU_Error_downloadFileError			="無法下載檔案"/>
	<label AU_Error_installFileError			="無法安裝檔案"/>
	<label AU_Error_unableToChangeModifiedDate	="無法變更上次修改日期"/>
	<label AU_Error_archiveFileMismatch			="歸檔的檔案不符其說明"/>
	<label AU_Error_archiveInstall				="無法安裝歸檔"/>
	<label AU_Error_recommendedUpdateFailureList="下列建議更新失敗"/>
	<label AU_Error_autoUpdateCancelled			="CIPCLocaleDownloader 已取消!"/>

	<label AU_Error_HTTPTimeout					="HTTP 逾時"/>
	<label AU_Error_HTTPError					="HTTP 錯誤"/>
	<label AU_Error_HTTPConnectionClosed		="HTTP 連線已關閉"/>

	<label AU_Error_xmlTagNotFound		="找不到 XML 標籤"/>
	<label AU_Error_xmlDataNotFound		="找不到 XML 資料"/>
	
	<label AU_Error_failedToInitialize			="無法初始化 CIPCLocaleDownloader"/>
	<label AU_Error_ensureNoOtherApps			="請關閉所有其他應用程式，然後重試"/>

</CommunicatorStrings>