﻿<?xml version="1.0"?>

<ErrorReportStrings>
	
	<label ok			="確定"/>
	<label exit			="結束"/>
	<label cancel			="取消"/>
	<label errorHeading		="錯誤"/>
	<label stackTrace		="堆疊追蹤"/>
	<label viewStackTrace		="檢視堆疊追蹤"/>

	<label name			="名稱"/>
	<label extension		="Cisco IP Communicator 內線"/>
	<label problemTime		="問題發生的時間"/>
	<label problemDetails		="問題詳細資料"/>
	<label specifyAllFields		="請指定所有欄位"/>

	<label ERT_usageString			="USAGE&#13;=======&#13;AutoUpdate parameterName1=&lt;parameterValue1&gt; parameterName2=&lt;parameterValue2&gt; ...&#13;&#13;PARAMETERS:&#13;Must specify httpServer/tftpServer, installFolder, manifestFile&#13;Optional Parameters are mode, waitWindow and postUpdateScript&#13;Parameters are both order and case insensitive&#13;&#13;E.g.&#13;AutoUpdate httpServer=http://www.webserver.com/Communicator installFolder=&quot;D:\Program Files\ACME Systems \ACME Studio&quot; mode=install waitWindow=&quot;ACME Studio&quot; postUpdateScript=Notepad.exe"/>
	<label ERT_errorTitle			="錯誤報告工具 - 錯誤"/>
	<label ERT_endMessage			="錯誤報告工具已蒐集必要資訊&#13;位置如下所示&#13;不再需要此資訊時，應刪除此檔案"/>
	<label ERT_gatheringSystemInfo		="正在收集系統資訊..."/>
	<label ERT_gatheringAppConfig		="正在收集應用程式組態..."/>
	<label ERT_gatheringAppLogs		="正在收集應用程式記錄..."/>
	<label ERT_gatheringInstallLogs		="正在收集安裝記錄..."/>
	<label ERT_gatheringAutoUpdateLogs	="正在收集自動更新記錄..."/>
	<label ERT_gatheringCrashDumpLogs	="正在收集損毀傾印記錄..."/>
	<label ERT_logsGathered			="資訊收集完成"/>
	<label ERT_enterProblemDescription	="請在下方輸入問題說明"/>
	<label ERT_windowTitle			="Cisco IP Communicator 錯誤報告"/>
	<label ERT_unableToZip			="無法壓縮必要檔案"/>
	<label ERT_unableToChangeDirectory	="無法將目錄切換至下列資料夾"/>
	<label ERT_unableToCopyFiles		="無法複製下列檔案"/>
	<label ERT_SoftPhoneSENotFound		="找不到 Cisco IP Communicator&#13;請確定已正確安裝本產品"/>
	<label ERT_RemoveConfig			="要移除現有的組態嗎?"/>
	<label ERT_RemoveLogs			="要移除現有的記錄嗎?"/>
	<label ERT_RemoveAction			="移除中..."/>
	<label ERT_DeleteAction			="刪除中..."/>

</ErrorReportStrings>