﻿<?xml version="1.0"?>
<CommunicatorStrings>
	<label rtlFlag="0"/>
	<label ok="確定"/>
	<label cancel="取消"/>
	<label apply="套用"/>
	<label applyToAll="全部套用"/>
	<label verify="驗證"/>
	<label yes="是"/>
	<label no="否"/>
	<label yesToAll="全部皆是"/>
	<label noToAll="全部皆否"/>
	<label abort="中止"/>
	<label retry="重試"/>
	<label error="錯誤"/>
	<label edit="編輯"/>
	<label exit="結束"/>
	<label close="關閉"/>
	<label move="移動"/>
	<label view="檢視"/>
	<label update="更新"/>
	<label help="說明"/>
	<label about="關於 Cisco IP Communicator"/>
	<label proceed="繼續"/>
	<label next="下一步"/>
	<label back="上一步"/>
	<label show="顯示 Cisco IP Communicator"/>
	<label hide="隱藏 Cisco IP Communicator"/>
	<label AGNT_checkAutoUpdate="正在檢查有無新的更新"/>
	<label finish="完成"/>
	<label accept="接受"/>
	<label acceptAll="全部接受"/>
	<label reject="拒絕"/>
	<label rejectAll="全部拒絕"/>
	<label none="無"/>
	<label network="網路"/>
	<label user="使用者"/>
	<label java="Java"/>
	<label audio="音訊"/>
	<label advAudio="進階音訊"/>
	<label directories="目錄 "/>
	<label ldapSettings="LDAP 目錄設定"/>
	<label ldapUserName="使用者名稱:"/>
	<label ldapPassword="密碼:"/>
	<label wave="波形"/>
	<label kernelStreaming="核心資料流"/>
	<label itu="ITU"/>
	<label ciscoIPPhone="Cisco IP Phone"/>
	<label speakerphone="喇叭"/>
	<label headset="耳機"/>
	<label handset="話筒"/>
	<label ringer="鈴聲"/>
	<label hid="人性化介面裝置 (HID)"/>
	<label status="狀態"/>
	<label title="Cisco IP Communicator"/>
	<label autoUpdate="自動更新"/>
	<label skins="面板"/>
	<label screenOnly="僅螢幕"/>
	<label alwaysOnTop="最上層顯示"/>
	<label startPhone="啟動電話"/>
	<label stopPhone="停止電話"/>
	<label atwMenu="音訊調整精靈"/>
	<label quickSearchMenu="快速搜尋..."/>
	<label ciscoUserOptions="Cisco Unified CM 使用者選項"/>
	<label preferences="偏好設定..."/>
	<label userGuide="使用手冊"/>
	<label DLG_Settings="偏好設定"/>
	<label default="預設值"/>
	<label file="檔案"/>
	<label module="模組"/>
	<label archive="歸檔"/>
	<label progress="進度"/>
	<label updateType="更新類型"/>
	<label recommended="建議選項"/>
	<label required="必要選項"/>
	<label statStarting="正在啟動 %s"/>
	<label statInstalling="正在安裝 %s"/>
	<label statInitializing="正在初始化 %s"/>
	<label statReading="正在讀取 %s"/>
	<label statConnectTFTP="正在連接 TFTP 伺服器"/>
	<label cdpDriver="CDP"/>
	<label questionMark="?"/>
	<label mtDriver="音訊"/>
	<label localSettings="本機設定"/>
	<label networkSettings="網路設定"/>
	<label hibernateWarning="電腦現在若為休眠狀態，Cisco IP Communicator 會中斷目前的通話。要阻止電腦進入休眠狀態嗎?"/>
	<label closeWarning="現在若結束，Cisco IP Communicator 會中斷目前的通話。要結束嗎?"/>
	<label configWarning="現在若變更偏好設定，Cisco IP Communicator 會中斷目前的通話。要繼續嗎?"/>
	<label configError="有音訊裝置於通話進行時遭移除。這會中斷作用中的通話。"/>
	<label undockWarning="現在電腦若與基座分離，Cisco IP Communicator 會中斷目前的通話。要停止分離電腦與基座嗎?"/>
	<label endSessionWarning="現在若結束 Windows 作業階段，Cisco IP Communicator 會中斷目前的通話。要結束作業階段嗎?"/>
	<label INF_infoCaption="Cisco IP Communicator - 資訊"/>
	<label INF_TFTPRestart="Cisco IP Communicator 無法重新啟動。請以手動方式重新啟動應用程式。"/>
	<label needReboot="Cisco IP Communicator 安裝了新軟體，您必須重新啟動電腦才能完成安裝作業。"/>
	<label fetchingDirectories="正在擷取 LDAP 目錄資訊"/>
	<label fetchingDialingRules="正在擷取撥號規則"/>
	<label restartForLocaleChange="Communicator 必須重新啟動，語言變更才會生效"/>
	<label copyright="版權所有 (C) 2004-2011 Cisco Systems, Inc. 保留一切權利。"/>
	<label copyrightSplash="(C) 2011 Cisco Systems, Inc. 保留一切權利。如需加密進口、使用及提供諮詢方面的資訊，請參閱 [說明] 功能表下的 [關於 Cisco IP Communicator]。 "/>
	<label versionSplash="版本 "/>
	<label versionCdp="CDP 驅動程式版本:"/>
	<label versionCpmt="語音引擎版本:"/>
	<label Notices="Cisco 重要須知與免責聲明:"/>
	<label NoticesText="***緊急通話重要須知 - 請仔細閱讀***&#13;&#10;&#13;&#10;若於緊急情況下利用軟體電話技術撥打緊急通話 (如 119 與 110)，其可能無法提供最即時或準確的位置資料。通話可能會轉接至錯誤的緊急回應中心，或緊急回應中心可能會誤判您的所在位置。於緊急情況下使用軟體電話必須自行承擔風險。Cisco 對於其所造成的延誤概不負責。&#13;&#10;&#13;&#10;&#13;&#10;***強式加密內容的注意事項***&#13;&#10;&#13;&#10;本產品包含加密功能，在進口、出口、轉讓與使用方面均受美國及當地國家法律的約束。交付 Cisco 加密產品不表示第三方有權進口、出口、散佈或使用加密。凡進口商、出口商、經銷商與使用者，皆須遵守美國與當地國家法律的規定。使用此產品即表示您同意遵守適行的法律與法規。若您無法遵守美國及當地法律的約束，請立即退還此產品。&#13;&#10;&#13;&#10;&#13;&#10;下列網址提供 Cisco 加密產品的美國法律規範摘要:&#13;&#10;&#13;&#10;http://www.cisco.com/wwl/export/crypto/tool/stqrg.html&#13;&#10;&#13;&#10;如需進一步的協助，請將電子郵件寄至 export@cisco.com。&#13;&#10;&#13;&#10;&#13;&#10;***PRT 重要須知***&#13;&#10;&#13;&#10;問題報告工具 (PRT) 會從您的電腦收集內含聯絡資訊、即時訊息內容、電話號碼及其他資訊等可用於識別個人身分的記錄。此資訊為診斷程序所必需，可判斷所報告之技術問題的原因。這些記錄可能會跨界傳送，並於診斷程序期間暫時予以儲存。使用 PRT 表示您同意提供這些記錄給 Cisco，讓 Cisco 得以進一步進行 Cisco IP Communicator 之技術問題的疑難排解。 "/>
		
	<label ERR_alreadyRunning="Cisco IP Communicator 已在執行中"/>
	<label ERR_exception="例外"/>
	<label ERR_exceptionCaption="Communicator - 例外錯誤"/>
	<label ERR_notDib="目前的面板發生問題: 點陣圖檔案不是 DIB 格式"/>
	<label ERR_notOS2Supported="目前的面板發生問題: 不支援 OS2 點陣圖格式"/>
	<label ERR_invalidSkin="目前的面板檔案無效"/>
	<label ERR_invalidButton="目前的面板檔案有無效的按鈕"/>
	<label ERR_noStreamDev="此電腦上未安裝任何相容的聲音裝置。請按一下 '確定' 結束。"/>
	<label ERR_noRingDev="此電腦上未安裝任何相容的聲音裝置。請按一下 '確定' 結束。"/>
	<label ERR_noNetworkDev="本機器上沒有相容的網路介面。請安裝網路介面。"/>
	<label ERR_noJVM="JVM 路徑未設定。 JVM 不能以 DEBUG 模式執行。"/>
	<label ERR_invokeJVM="無法叫用 JVM - JNI_CreateJavaVM()"/>
	<label ERR_noVenderInfo="設定檔案中沒有任何廠商資訊"/>
	<label ERR_mismatchMAC="您向 Cisco CallManager 註冊的網路介面已遺失或停用。若是有意移除此介面，請選取「確定」並選擇新的介面，否則請按「取消」結束。"/>
	<label ERR_mismatchVPN="所選音訊網路介面的 IP 位址無效。請選取「確定」以選擇其他介面，或按「取消」結束。"/>
	<label ERR_noNetAdapterCC="請選取要向 Cisco CallManager 註冊的網路介面。程式已為您選擇預設值。"/>
	<label ERR_deviceNameLength="無效的裝置名稱。裝置名稱不可超過 15 個字元，並須包含下列字元: [a-z A-Z 0-9._-]。" />
	<label ERR_noNetAdapterVPN="請選取音訊的網路介面。"/>
	<label ERR_noTFTPServer="連不上 TFTP 伺服器。"/>
	<label ERR_cannotReadSettings="無法讀取設定"/>
	<label ERR_networkAdaptorAbsent="找不到註冊所需之網路介面卡"/>
	<label ERR_badHostNameSpecified="偏好設定中所指定的主機名稱錯誤"/>
	<label ERR_badNetworkInterfaceSpecified="偏好設定中所指定的網路介面錯誤"/>
	<label ERR_cannotInitializeGraphics="無法初始化顯示"/>
	<label ERR_cannotInitializeMedia="無法初始化媒體"/>
	<label ERR_cannotStartCdp="無法初始化對 Cisco Emergency Responder 服務的支援。請洽詢系統管理員"/>
	<label ERR_cannotInitializeKeyboard="無法初始化鍵盤對應"/>
	<label ERR_cannotInitializeGUI="無法初始化圖形化使用者介面"/>
	<label ERR_cannotAutoUpdate="無法檢查是否有更新"/>
	<label ERR_invalidDeviceLoad="裝置載入無效"/>
	<label ERR_wrongAutoUpdatePath="不支援下列 AutoUpdate 路徑:"/>
	<label ERR_invalidPortRange="指定的通訊埠範圍無效。它只能是介於 1 到 65536 之間的數字。請加以更正並按一下「確定」。"/>
	<label ERR_cannotLaunchCVTA="無法啟動 Cisco Unified Video Advantage。"/>
	<label ERR_cvtaNotFound="Cisco  Unified Video Advantage  2.0(1) 版或更新版本。"/>
	<label ERR_checkDevicePreferences="請使用「音訊調整精靈」或從「偏好設定」功能表確認音訊裝置的偏好設定是否正確。"/>	
	<label ERR_invalidTFTPServer="TFTP 伺服器位址含有空的欄位。"/>
	<label ERR_invalidAudioIP="音訊 IP 位址含有空的欄位。"/>

	<label DLG_ND_Label="輸入要撥打的姓名或號碼"/>
	<label DLG_ND_MessageNone="找不到相符項"/>
	<label DLG_ND_MessageOne="找到一筆相符項"/>
	<label DLG_ND_Message25="找到多筆相符項。以下為相符項結果的清單。"/>
	<label DLG_ND_Message25p="找到數筆相符項。以下為前 %d 筆結果的清單。請修改搜尋以顯示更接近的相符項。"/>
	<label DLG_ND_MultipleMatches="多個搜尋結果"/>
	<label DLG_ND_TooManyMatches="搜尋結果過多"/>
	<label DLG_ND_RefineSearch="正在顯示前 %d 個項目。請考慮修改搜尋"/>
	<label DLG_ND_QuickSearch="快速搜尋"/>
	<label DLG_ND_QuickDial="快速撥號"/>
	<label DLG_ND_Search="搜尋"/>
	<label DLG_ND_Dial="選取"/>
	<label DLG_ND_First="名字"/>
	<label DLG_ND_Last ="姓氏"/>
	<label DLG_ND_EMail="電子郵件"/>
	<label DLG_ND_Number="號碼"/>
	<label DLG_ND_Mobile="行動"/>
	<label DLG_ND_ThereWereErrors="發生錯誤"/>
	<label DLG_ND_Label="搜尋..."/>
	<label ERR_ND_NoSearchBase="未指定 LDAP 搜尋庫"/>
	<label ERR_ND_NoUserName="LDAP 認證錯誤: 未指定使用者名稱"/> 
	<label ERR_ND_ConnectFailed="無法開啟到伺服器的 LDAP 連線"/>
	<label ERR_ND_AuthFailed="登入失敗。請檢查使用者名稱/密碼"/>
	<label ERR_ND_FileError="寫入 LDAP 結果時發生檔案錯誤"/>
	<label ERR_ND_NoSelection="您尚未選取任何項目"/>
	<label ERR_ND_NoPhoneNumbers="選取的項目中沒有電話號碼"/>

	<label DLG_ChoosePhoneNumber="請選擇電話號碼"/>
	<label DLG_CPN_Message="找到多筆電話號碼。請選取要撥打的電話號碼。"/>

	<label DLG_NW_TFTPServerGroup="TFTP 伺服器"/>
	<label DLG_NW_ConnConfig="CallManager 設定"/>
	<label DLG_NW_AutoTftp="使用預設的 TFTP 伺服器"/>
	<label DLG_NW_CustomTftp="使用下列 TFTP 伺服器:"/>
	<label DLG_NW_TFTP1="TFTP 伺服器 1:"/>
	<label DLG_NW_TFTP2="TFTP 伺服器 2:"/>
	<label DLG_NW_DeviceNameGroup="裝置名稱"/>
	<label DLG_NW_DeviceName="裝置名稱:"/>
	<label DLG_NW_NetAdapter="網路介面卡:"/>
	<label DLG_NW_RadioNetAdapter="使用網路介面卡產生裝置名稱"/>
	<label DLG_NW_RadioUseDeviceName="使用此裝置名稱"/>
	<label DLG_NW_StaticUseThisDeviceName="使用此裝置名稱:"/>

	<label DLG_Audio_Use729="低頻寬最佳化"/>
	<label DLG_Audio_UseDefaultDevices="使用 Windows 預設裝置"/>
	<label DLG_Audio_Advanced="進階..."/>
	<label DLG_Audio_Network="網路..."/>
	<label DLG_Audio_Selections="音訊模式裝置"/>
	<label DLG_Ringer_Selection="鈴聲裝置"/>

	<label DLG_AdvancedAudioSettings="進階音訊設定"/>
	<label DLG_AudioAdv_Sidetone="側音音量"/>
	<label DLG_AudioAdv_EnableSidetone="啟用側音"/>
	<label DLG_AudioAdv_Slider="-                        0                       +"/>
	<label DLG_AudioAdv_Microphone="麥克風音量增量"/>
	<label DLG_AudioAdv_Filters="過濾器"/>
	<label DLG_AudioAdv_Mode="模式:"/>
	<label DLG_AudioAdv_PlayFilter="聽取:"/>
	<label DLG_AudioAdv_RecordFilter="講話:"/>
	<label DLG_AudioAdv_LimitVolume="限制音量"/>
	<label DLG_AudioAdv_AudioLatency="音訊品質及效能"/>
	<label DLG_AudioAdv_AudioLatencyLow="最佳(低延遲)"/>
	<label DLG_AudioAdv_AudioLatencyMedium="極佳(中延遲)"/>
	<label DLG_AudioAdv_AudioLatencyHigh="佳(高延遲)"/>
	<label DLG_AudioAdv_SilenceSuppression="靜音抑制"/>
	<label DLG_AudioAdv_SsDisabled="停用(不建議)"/>
	<label DLG_AudioAdv_NoiseSuppression="抑制噪訊"/>
	<label DLG_AudioAdv_Aggressiveness="干擾等級"/>
	<label DLG_AudioAdv_AggressivenessLeast="最小"/>
	<label DLG_AudioAdv_AggressivenessMedium="中"/>
	<label DLG_AudioAdv_AggressivenessMost="最大"/>
	<label DLG_AudioAdv_AggressivenessLow="低"/>
	<label DLG_AudioAdv_AggressivenessModerate="中"/>
	<label DLG_AudioAdv_AggressivenessHigh="高"/>
	<label DLG_AudioAdv_AggressivenessVeryHigh="極高"/>

	<label DLG_AudioAdv_AGC="自動增益控制"/>
	<label DLG_AudioAdv_EC="回聲消除"/>
	<label DLG_AudioAdv_Enabled="已啟用"/>
	<label DLG_AudioAdv_Disabled="已停用"/>
	<label DLG_AudioAdv_Auto="自動"/>
	<label DLG_AudioAdv_Analog="模擬"/>
	<label DLG_AudioAdv_Digital="數字"/>
	<label DLG_AudioAdv_Both="兩者"/>
	<label DLG_AudioAdv_Cancellation="取消"/>
	<label DLG_AudioAdv_Suppression="抑制"/>
	<label DLG_AudioAdv_UseInput="使用輸入值"/>

	<label DLG_NWA="網路音訊設定"/>
	<label DLG_NWA_AudioIP="音訊 IP 位址"/>
	<label DLG_NWA_AutoDetectIP="自動偵測"/>
	<label DLG_NWA_SelectInterface="使用此介面卡位址:"/>
	<label DLG_NWA_UseThisIP="使用此位址:"/>
	<label DLG_NWA_PortRange="音訊埠範圍"/>
	<label DLG_NWA_AutoSelectPort="使用預設的通訊埠範圍"/>
	<label DLG_NWA_SpecifyPort="使用此通訊埠範圍:"/>
	<label DLG_NWA_PortFrom="自:"/>
	<label DLG_NWA_PortTo="至:"/>

	<label DLG_USR_usrInfo="使用者資訊"/>
	<label DLG_USR_usrID="使用者名稱："/>
	<label DLG_USR_password="密碼："/>
	<label DLG_USR_usrInput="使用者輸入"/>
	<label DLG_USR_usbHandset="USB 話筒:"/>
	<label DLG_USR_trace="疑難排解"/>
	<label DLG_USR_traceEnable="啟用記錄"/>
	<label DLG_USR_CloseHidesApp="關閉後隱藏應用程式"/>
	<label DLG_USR_BringToFront="通話作用中時提到最上層"/>
	<label DLG_USR_DisableToast="隱藏來電通知"/>
	<label DLG_USR_EnableAnswerHotkey="啟用答案快速鍵"/>
	<label DLG_USR_UserOptionsGroup="Cisco Unified CM 使用者選項頁面網址"/>
	<label DLG_USR_AutoUserOptions="使用預設值 (TFTP 伺服器)"/>
	<label DLG_USR_SpecifyUserOptions="使用特定的 URL"/>

	<label SKINS_Main_MessageWaiting="留言"/>
	<label SKINS_ButtonSets_Close="關閉"/>
	<label SKINS_ButtonSets_Minimize="最小化"/>
	<label SKINS_ButtonSets_Mode="模式"/>
	<label SKINS_ButtonSets_Menu="功能表"/>
	<label SKINS_lines_Line1="線路 1"/>
	<label SKINS_lines_Line2="線路 2"/>
	<label SKINS_lines_Line3="線路 3"/>
	<label SKINS_lines_Line4="線路 4"/>
	<label SKINS_lines_Line5="線路 5"/>
	<label SKINS_lines_Line6="線路 6"/>
	<label SKINS_lines_Line7="線路 7"/>
	<label SKINS_lines_Line8="線路 8"/>
	<label SKINS_keypad_One="1"/>
	<label SKINS_keypad_Two="2"/>
	<label SKINS_keypad_Three="3"/>
	<label SKINS_keypad_Four="4"/>
	<label SKINS_keypad_Five="5"/>
	<label SKINS_keypad_Six="5"/>
	<label SKINS_keypad_Seven="7"/>
	<label SKINS_keypad_Eight="8"/>
	<label SKINS_keypad_Nine="9"/>
	<label SKINS_keypad_Star="星號 (*)"/>
	<label SKINS_keypad_Zero="0"/>
	<label SKINS_keypad_Pound="井字號 (#)"/>
	<label SKINS_softkeys_Softkey1="螢幕按鍵 1"/>
	<label SKINS_softkeys_Softkey2="螢幕按鍵 2"/>
	<label SKINS_softkeys_Softkey3="螢幕按鍵 3"/>
	<label SKINS_softkeys_Softkey4="螢幕按鍵 4"/>
	<label SKINS_softkeys_Softkey5="螢幕按鍵 5"/>
	<label SKINS_features_Messages="留言"/>
	<label SKINS_features_Services="服務"/>
	<label SKINS_features_Settings="設定"/>
	<label SKINS_features_Directories="目錄"/>
	<label SKINS_features_Information="說明"/>
	<label SKINS_controls_Headset="耳機"/>
	<label SKINS_controls_Mute="靜音"/>
	<label SKINS_controls_Speaker="喇叭"/>
	<label SKINS_controls_VolumeDown="降低音量"/>
	<label SKINS_controls_VolumeUp="增加音量"/>
	<label SKINS_navigation_Navigation="導覽"/>
	<label SKINS_navigation_Up="上"/>
	<label SKINS_navigation_Down="下"/>
	<label SKINS_navigation_Left="左"/>
	<label SKINS_navigation_Right="右"/>

	<label DLG_AUDIO_LatencyOptimization="延遲最佳化"/>
	<label DLG_AUDIO_LowDelay="低延遲"/>
	<label DLG_AUDIO_MediumDelay="中延遲"/>
	<label DLG_AUDIO_HighDelay="高延遲"/>
	<label DLG_AUDIO_VeryHighDelay="極高延遲"/>
	<label DLG_AUDIO_LowestLatency="最低延遲"/>
	<label DLG_AUDIO_HighestLatency="最高延遲"/>
	<label DLG_AUDIO_Default="預設設定"/>
	<label DLG_AUDIO_Recommended="建議先使用最低設定，然後再依需要繼續使用下一個設定。"/>
	<label DLG_AUDIO_Speaker="喇叭"/>	
	<label DLG_AUDIO_Mic="麥克風"/>
	<label DLG_AUDIO_SpeakerBuffer="喇叭緩衝區數量"/>
	<label DLG_AUDIO_MicBuffer="麥克風緩衝區數量"/>

	<label DLG_TRACE_Tracing="正在追蹤"/>
	<label DLG_TRACE_GUI="GUI"/>
	<label DLG_TRACE_CallControl="通話控制"/>
	<label DLG_TRACE_Media="音訊"/>
	<label DLG_TRACE_CDP="CDP"/>
	<label DLG_TRACE_ATW="音訊調整精靈"/>
	<label DLG_TRACE_R2d="啟用電話顯示"/>
	<label DLG_TRACE_Levels="追蹤層級"/>
	<label DLG_TRACE_Errors="錯誤"/>
	<label DLG_TRACE_Detailed="詳細"/>
	<label DLG_TRACE_Low="低"/>
	<label DLG_TRACE_Med="中"/>
	<label DLG_TRACE_High="高"/>
	<label DLG_TRACE_All="全部"/>

	<label DLG_L10N_Language="語言"/>
	<label DLG_L10N_Locale="語言環境"/>

	<label ChangeInterfaceWarningText="變更網路介面可能會造成 Cisco IP Communicator 停止運作。請先洽詢系統管理員再變更此參數。"/>
	<label ChangeInterfaceWarningCaption="警告"/>

	<label ChangeProtocolWarningText="此裝置的通話控制通訊協定已變更。請按一下 '確定' 重新啟動 Cisco IP Communicator。"/>
	<label JPhoneStartupErrorText="Cisco IP Communicator 無法初始化電話應用程式並即將結束。要重新啟動 Cisco IP Communicator 嗎?"/>
	<label AutoUpdateNeedUpdatesText="適用於 Cisco IP Commnunicator 的更新。更新期間必須關閉應用程式。要繼續更新嗎?"/>

	<label CheckingLocaleUpdates="正在檢查地區設定有無變更..."/>

<!-- ETOUCH -->
	<label Paste="貼上"/>
	<label AnswerCall="接聽"/>
	<label IgnoreCall="略過"/>
	<label UnknownCaller="不明"/>
<!-- ETOUCH -->
	<SkinLocMap>
		<entry file="Default" name="預設模式" />
		<entry file="Mercurio" name="壓縮模式" />
	</SkinLocMap>

</CommunicatorStrings>