﻿<?xml version="1.0"?>

<CommunicatorStrings>

	<label ok			="OK"/>
	<label cancel		="Cancelar"/>
	<label apply		="Aplicar"/>
	<label verify		="Verificar"/>
	<label yes			="Sim"/>
	<label no			="Não"/>
	<label yesToAll		="Sim para todos"/>
	<label noToAll		="Não para todos"/>
	<label abort		="Anular"/>
	<label retry		="Repetir"/>
	<label error		="Erro"/>
	<label edit			="Editar"/>
	<label exit			="Sair"/>
	<label close		="Fechar"/>
	<label view			="Ver"/>
	<label update		="Atualizar"/>
	<label help			="Ajuda"/>
	<label about		="Sobre"/>
	<label proceed		="Continuar"/>
	<label next			="Próximo"/>
	<label back			="Voltar"/>
	<label finish		="Encerrar"/>
	<label accept		="Aceitar"/>
	<label acceptAll	="Aceitar todos"/>
	<label reject		="Rejeitar"/>
	<label rejectAll	="Rejeitar todos"/>
	<label status		="Status"/>
	<label cannotProceed="Não é possível continuar"/>
	<label details		="Detalhes"/>
	<label viewDetails	="Ver detalhes"/>
	<label consultAdmin	="Consulte o administrador do sistema"/>
	<label ensureNetwork="Verifique se está conectado à rede"/>

	<label title		="Cisco IP Communicator"/>
	<label autoUpdate	="AutoUpdate"/>
	<label file			="Arquivo"/>
	<label module		="Módulo"/>
	<label archive		="Arquivo"/>
	<label downloading	="Transferindo..."/>
	<label installing	="Instalando..."/>
	<label extracting	="Extraindo..."/>
	<label progress		="Progresso"/>
	<label updateType	="Tipo de atualização"/>
	<label recommended	="Recomendada"/>
	<label required		="Obrigatória"/>

	<label bitsLong			="bits"/>
	<label bitsShort		="b"/>
	<label bytesLong		="bytes"/>
	<label bytesShort		="B"/>
	<label kiloLong			="Quilo"/>
	<label kiloShort		="K"/>
	<label kilobytesShort	="KB"/>
	<label kilobytesLong	="Kilobytes"/>
	<label megaLong			="Mega"/>
	<label megaShort		="M"/>
	<label megabytesShort	="MB"/>
	<label megabytesLong	="Megabytes"/>
	<label gigaLong			="Giga"/>
	<label gigaShort		="G"/>
	<label gigabytesShort	="GB"/>
	<label gigabytesLong	="Gigabytes"/>
	<label teraLong			="Tera"/>
	<label teraShort		="T"/>
	<label terabytesShort	="TB"/>
	<label terabytesLong	="Terabytes"/>

	<label downloadSpeed	="Velocidade de transferência"/>
	<label timeRemaining	="Tempo restante"/>

	<label secondShort		="s"/>
	<label secondLong		="segundo"/>
	<label secondsLong		="segundos"/>
	<label minuteShort		="min"/>
	<label minuteLong		="minuto"/>
	<label minutesLong		="minutos"/>
	<label hourShort		="h"/>
	<label hoursLong		="hora"/>
	<label hoursLong		="horas"/>

	<label unknown					="Desconhecido"/>
	<label overallProgress			="Progresso total..."/>
	<label gettingManifest			="Transferindo descrição da instalação..."/>
	<label inspectingInstallation	="Inspecionando instalação atual..."/>
	<label preparingToInstallFiles	="Preparando para instalar arquivos..."/>
	<label doingUpdates				="Transferindo e instalando atualizações..."/>
	<label confirmCancel			="Tem certeza de que deseja cancelar?"/>

	<label AU_usageString			="USO&#13;=======&#13;AutoUpdate parameterName1=&lt;parameterValue1&gt; parameterName2=&lt;parameterValue2&gt; ...&#13;&#13;PARAMÊTROS:&#13;é preciso especificar httpServer/tftpServer, installFolder, manifestFile&#13;Os parâmetros opcionais são mode, waitWindow e postUpdateScript&#13;Os parâmetros não diferenciam ordem e maiúsculas/minúsculas&#13;&#13;E.g.&#13;AutoUpdate httpServer=http://www.webserver.com/Communicator installFolder=&quot;D:\Program Files\ACME Systems\ACME Studio&quot; mode=install waitWindow=&quot;ACME Studio&quot; postUpdateScript=Notepad.exe"/>
	<label AU_errorTitle			="Erro no AutoUpdate"/>
	<label AU_errorHeading			="Ocorreu um erro"/>
	<label AU_stackTrace			="Rastreamento da pilha"/>
	<label AU_viewStackTrace		="Ver rastreamento da pilha"/>
	<label AU_autoupdateComponentNotDefined	="Erro no arquivo manifesto do AutoUpdate - Componente do AutoUpdate não definido"/>
	<label AU_closeWindowTitle		="Feche todas as janelas com o título a seguir"/>
	<label AU_endProcesses			="Encerre os processos a seguir antes de continuar"/>

	<label AU_repairs					="Reparos"/>
	<label AU_repairsList				="Os módulos a seguir contêm arquivos que foram alterados ou estão com arquivos faltando"/>
	<label AU_requiredUpdates			="Atualizações obrigatórias"/>
	<label AU_requiredUpdatesList		="Os módulos a seguir possuem atualizações obrigatórias"/>
	<label AU_recommendedUpdates		="Atualizações recomendadas"/>
	<label AU_recommendedUpdatesList	="Os módulos a seguir possuem atualizações recomendadas"/>
	<label AU_chooseIndividualUpdates	="Decidir para cada módulo"/>
	<label AU_selectUpdate				="Deseja aplicar as atualizações recomendadas ao módulo a seguir?"/>
	<label AU_installAny				="Deseja instalar algum?"/>
	<label AU_module					="Módulo"/>
	<label AU_downloadSize				="Tamanho da transferência"/>
	<label AU_wantToDoUpdates			="Há algumas atualizações disponíveis&#13;&#13;Deseja transferi-las e instalá-las agora?" />

	<label AU_olderVersionInstalled		="A versão do arquivo instalado é anterior"/>
	<label AU_newerVersionInstalled		="O arquivo instalado possui uma versão mais nova"/>
	<label AU_equalVersionInstalled		="O arquivo instalado possui a mesma versão"/>
	<label AU_checksumMismatch			="A soma de verificação do arquivo não corresponde ao valor esperado"/>
	<label AU_olderFileInstalled		="A data de modificação do arquivo instalado é mais antiga"/>
	<label AU_newerFileInstalled		="A data de modificação do arquivo instalado é mais nova"/>
	<label AU_modifiedDatesMatch		="As datas de modificação correspondem"/>
	<label AU_unableToCompareFiles		="Não foi possível comparar os arquivos"/>

	<label AU_Error_tftpHttpNotDefined			="É preciso especificar o tftpServer ou o httpServer"/>
	<label AU_Error_installFolderNotDefined		="Pasta de instalação não especificada"/>
	<label AU_Error_manifestFileNotDefined		="Arquivo manifesto não especificado"/>
	<label AU_Error_downloadManifestFailed		="Não foi possível transferir o arquivo manifesto"/>
	<label AU_Error_invalidUpdateMode			="Modo de atualização inválido. Os modos permitidos são 'instalar' e 'consulta'"/>
	<label AU_Error_errorInManifest				="O arquivo manifesto está danificado"/>
	<label AU_Error_cannotProceed				="O AutoUpdate não pode prosseguir"/>
	<label AU_Error_invalidVersionString		="String de versão inválida"/>
	<label AU_Error_fileNotFound				="Arquivo não encontrado"/>
	<label AU_Error_unsupportedProtocol			="O protocolo de transferência não é compatível ou é inválido"/>
	<label AU_Error_downloadedFileInvalid		="O arquivo transferido não corresponde à descrição"/>
	<label AU_Error_requiredUpdateFailed		="Não foi possível instalar as atualizações obrigatórias para o seguinte módulo"/>
	<label AU_Error_recommendedUpdateFailed		="Não foi possível instalar as atualizações recomendadas para o seguinte módulo"/>
	<label AU_Error_repairFailed				="Falha ao atualizar o módulo a seguir"/>
	<label AU_Error_preinstallFileInstall		="Falha ao instalar arquivos de pré-instalação"/>
	<label AU_Error_postinstallFileInstall		="Falha ao instalar arquivos de pós-instalação"/>
	<label AU_Error_moduleFileInstall			="Falha ao instalar arquivos do módulo"/>
	<label AU_Error_preinstallFileDownload		="Falha ao transferir arquivos de pré-instalação"/>
	<label AU_Error_postinstallFileDownload		="Falha ao transferir arquivos de pós-instalação"/>
	<label AU_Error_moduleFileDownload			="Falha ao transferir arquivos do módulo"/>
	<label AU_Error_preinstallFileInstall		="Falha ao instalar arquivos de pré-instalação"/>
	<label AU_Error_postinstallFileInstall		="Falha ao instalar arquivos de pós-instalação"/>
	<label AU_Error_moduleFileInstall			="Falha ao instalar arquivos do módulo"/>
	<label AU_Error_moduleSettingInstall		="Falha ao instalar definições do módulo"/>
	<label AU_Error_preinstallScript			="O script de pré-instalação retornou um erro"/>
	<label AU_Error_postinstallScript			="O script de pós-instalação retornou um erro"/>
	<label AU_Error_downloadFileError			="Não foi possível transferir o arquivo"/>
	<label AU_Error_installFileError			="Não foi possível instalar o arquivo"/>
	<label AU_Error_unableToChangeModifiedDate	="Não foi possível alterar a data da última modificação"/>
	<label AU_Error_archiveFileMismatch			="Um arquivo do repositório não corresponde à sua descrição"/>
	<label AU_Error_archiveInstall				="Não foi possível instalar o arquivo"/>
	<label AU_Error_recommendedUpdateFailureList="Falha nas seguintes atualizações recomendadas"/>
	<label AU_Error_autoUpdateCancelled			="O AutoUpdate foi cancelado!"/>

	<label AU_Error_HTTPTimeout					="Limite de tempo HTTP esgotado"/>
	<label AU_Error_HTTPError					="Erro de HTTP"/>
	<label AU_Error_HTTPConnectionClosed		="Conexão de HTTP fechada"/>

	<label AU_Error_xmlTagNotFound		="Marca XML não encontrada"/>
	<label AU_Error_xmlDataNotFound		="Dados XML não encontrados"/>
	
	<label AU_Error_failedToInitialize			="Não foi possível inicializar o AutoUpdate"/>
	<label AU_Error_ensureNoOtherApps			="Feche todos os outros aplicativos e tente novamente"/>

</CommunicatorStrings>
