﻿<?xml version="1.0"?>

<ErrorReportStrings>
	
	<label ok			="OK"/>
	<label exit			="Sair"/>
	<label cancel			="Cancelar"/>
	<label errorHeading		="Erro"/>
	<label stackTrace		="Rastreamento da pilha"/>
	<label viewStackTrace		="Ver rastreamento da pilha"/>

	<label name			="Nome"/>
	<label extension		="Extensão do Cisco IP Communicator"/>
	<label problemTime		="Hora em que o problema ocorreu"/>
	<label problemDetails		="Detalhes do problema"/>
	<label specifyAllFields		="Especifique todos os campos"/>

	<label ERT_usageString			="USO&#13;=======&#13;AutoUpdate parameterName1=&lt;parameterValue1&gt; parameterName2=&lt;parameterValue2&gt; ...&#13;&#13;PARÂMETROS:&#13;é preciso especificar httpServer/tftpServer, installFolder, manifestFile&#13;Os parâmetros opcionais são mode, waitWindow e postUpdateScript&#13;Os parâmetros detectam a ordem e o uso de maiúsculas e minúsculas&#13;&#13;E.g.&#13;AutoUpdate httpServer=http://www.webserver.com/Communicator installFolder=&quot;D:\Program Files\ACME Systems\ACME Studio&quot; mode=install waitWindow=&quot;ACME Studio&quot; postUpdateScript=Notepad.exe"/>
	<label ERT_errorTitle			="Ferramenta de relatório de erros - erro"/>
	<label ERT_endMessage			="A ferramenta de relatório de erros reuniu as informações necessárias&#13;O local é mostrado abaixo&#13;Exclua este arquivo quando as informações não forem mais necessárias"/>
	<label ERT_gatheringSystemInfo		="Reunindo informações do sistema..."/>
	<label ERT_gatheringAppConfig		="Reunindo definições do aplicativo..."/>
	<label ERT_gatheringAppLogs		="Reunindo registros do aplicativo..."/>
	<label ERT_gatheringInstallLogs		="Reunindo registros da instalação..."/>
	<label ERT_gatheringAutoUpdateLogs	="Reunindo registros do AutoUpdate..."/>
	<label ERT_gatheringCrashDumpLogs	="Reunindo registros de despejo de memória..."/>
	<label ERT_logsGathered			="Coleta de informações concluída"/>
	<label ERT_enterProblemDescription	="Digite abaixo a descrição do problema"/>
	<label ERT_windowTitle			="Relatório de erros do Cisco IP Communicator"/>
	<label ERT_unableToZip			="Não foi possível compactar os arquivos necessários"/>
	<label ERT_unableToChangeDirectory	="Não foi possível alterar o diretório para a seguinte pasta"/>
	<label ERT_unableToCopyFiles		="Não foi possível copiar os seguintes arquivos"/>
	<label ERT_SoftPhoneSENotFound		="Não foi possível localizar a instalação do Cisco IP Communicator&#13;Verifique se ele foi instalado corretamente"/>
	<label ERT_RemoveConfig			="Remover a configuração existente?"/>
	<label ERT_RemoveLogs			="Remover os registros existentes?"/>
	<label ERT_RemoveAction			="Removendo..."/>
	<label ERT_DeleteAction			="Excluindo..."/>

</ErrorReportStrings>