﻿<?xml version="1.0"?>
<CommunicatorStrings>
	<label rtlFlag="0"/>
	<label ok="OK"/>
	<label cancel="Cancelar"/>
	<label apply="Aplicar"/>
	<label applyToAll="Aplicar a todos"/>
	<label verify="Verificar"/>
	<label yes="Sim"/>
	<label no="Não"/>
	<label yesToAll="Sim para todos"/>
	<label noToAll="Não para todos"/>
	<label abort="Anular"/>
	<label retry="Repetir"/>
	<label error="Erro"/>
	<label edit="Editar"/>
	<label exit="Sair"/>
	<label close="Fechar"/>
	<label move="Mover"/>
	<label view="Ver"/>
	<label update="Atualizar"/>
	<label help="Ajuda"/>
	<label about="Sobre o Cisco IP Communicator"/>
	<label proceed="Continuar"/>
	<label next="Próximo"/>
	<label back="Voltar"/>
	<label show="Mostrar Cisco IP Communicator"/>
	<label hide="Ocultar Cisco IP Communicator"/>
	<label AGNT_checkAutoUpdate="Verificando novas atualizações"/>
	<label finish="Concluir"/>
	<label accept="Aceitar"/>
	<label acceptAll="Aceitar todos"/>
	<label reject="Rejeitar"/>
	<label rejectAll="Rejeitar todos"/>
	<label none="Nenhum"/>
	<label network="Rede"/>
	<label user="Usuário"/>
	<label java="Java"/>
	<label audio="Áudio"/>
	<label advAudio="Áudio avançado"/>
	<label directories="Diretórios "/>
	<label ldapSettings="Definições de diretório LDAP"/>
	<label ldapUserName="Nome do usuário:"/>
	<label ldapPassword="Senha:"/>
	<label wave="Wave"/>
	<label kernelStreaming="Fluxo contínuo do núcleo"/>
	<label itu="ITU"/>
	<label ciscoIPPhone="Telefone IP da Cisco"/>
	<label speakerphone="Alto-falante"/>
	<label headset="Fone de ouvido"/>
	<label handset="Monofone"/>
	<label ringer="Campainha"/>
	<label hid="Dispositivo de interface humana (HID)"/>
	<label status="Status"/>
	<label title="Cisco IP Communicator"/>
	<label autoUpdate="AutoUpdate"/>
	<label skins="Capas"/>
	<label screenOnly="Somente tela"/>
	<label alwaysOnTop="Sempre visível"/>
	<label startPhone="Iniciar telefone"/>
	<label stopPhone="Parar telefone"/>
	<label atwMenu="Assistente de ajuste de áudio"/>
	<label quickSearchMenu="Pesquisa rápida..."/>
	<label ciscoUserOptions="Opções do usuário do Cisco Unified CM"/>
	<label preferences="Preferências..."/>
	<label userGuide="Manual do usuário"/>
	<label DLG_Settings="Preferências"/>
	<label default="Padrão"/>
	<label file="Arquivo"/>
	<label module="Módulo"/>
	<label archive="Arquivo"/>
	<label progress="Progresso"/>
	<label updateType="Tipo de atualização"/>
	<label recommended="Recomendada"/>
	<label required="Obrigatória"/>
	<label statStarting="Iniciando %s"/>
	<label statInstalling="Instalando %s"/>
	<label statInitializing="Inicializando %s"/>
	<label statReading="Lendo %s"/>
	<label statConnectTFTP="Conectando-se ao servidor TFTP"/>
	<label cdpDriver="CDP"/>
	<label questionMark="?"/>
	<label mtDriver="Áudio"/>
	<label localSettings="Definições locais"/>
	<label networkSettings="Definições da rede"/>
	<label hibernateWarning="Se o seu computador hibernar agora, o Cisco IP Communicator desconectará a chamada atual. Deseja evitar que o computador entre em hibernação?"/>
	<label closeWarning="Se você sair agora, o Cisco IP Communicator desconectará a chamada atual. Deseja sair?"/>
	<label configWarning="Se você alterar as preferências agora, o Cisco IP Communicator desconectará a chamada atual. Deseja continuar?"/>
	<label configError="Um dispositivo de áudio foi removido durante uma chamada ativa. Isso fará com que a chamada ativa seja desconectada."/>
	<label undockWarning="Se o seu computador estiver sendo desencaixado agora, o Cisco IP Communicator desligará a chamada atual. Deseja parar o desencaixe do seu computador?"/>
	<label endSessionWarning="Se você encerrar a sessão do Windows agora, o Cisco IP Communicator desconectará a chamada atual. Deseja encerrar a sessão?"/>
	<label INF_infoCaption="Cisco IP Communicator - Informações"/>
	<label INF_TFTPRestart="Não foi possível reiniciar o Cisco IP Communicator. Reinicie o aplicativo manualmente."/>
	<label needReboot="O Cisco IP Communicator instalou um software novo que requer a reinicialização do computador para que a instalação seja concluída"/>
	<label fetchingDirectories="Buscando informações do diretório LDAP"/>
	<label fetchingDialingRules="Buscando regras de discagem"/>
	<label restartForLocaleChange="É preciso reiniciar o Communicator para que as alterações de idioma entrem em vigor"/>
	<label copyright="Copyright © 2004-2011 Cisco Systems, Inc. Todos os direitos reservados."/>
	<label copyrightSplash="© 2011 Cisco Systems, Inc. Todos os direitos reservados. Importação de criptografia, informações sobre utilização e sugestões do fornecedor disponíveis no menu Ajuda em &quot;sobre o Cisco IP Communicator&quot;. "/>
	<label versionSplash="Versão "/>
	<label versionCdp="Versão do driver CDP:"/>
	<label versionCpmt="Versão do motor de voz:"/>
	<label Notices="Avisos e Isenções de responsabilidade da Cisco:"/>
	<label NoticesText="***AVISO IMPORTANTE PARA CHAMADAS DE EMERGÊNCIA - LEIA***&#13;&#10;&#13;&#10;No caso de uma emergência, é possível que a tecnologia softphone não forneça os dados de localização de modo correto ou a tempo, caso seja usada para uma chamada ao número de telefone de emergência. É possível que as chamadas sejam direcionadas a um centro de respostas a emergências incorreto ou o centro de respostas a emergências talvez cometa erros na determinação da chamada. USE O SOFTPHONE APENAS POR SUA CONTA E RISCO DURANTE UMA EMERGÊNCIA. A Cisco não se responsabilizará por erros ou demoras QUE POSSAM ADVIR.&#13;&#10;&#13;&#10;&#13;&#10;***AVISO DE CONTEÚDO DE CRIPTOGRAFIA DE ALTA SEGURANÇA***&#13;&#10;&#13;&#10;Este produto contém recursos criptográficos e está sujeito às leis dos Estados Unidos e do país local que regem a importação, a exportação, a transferência e o uso. O fornecimento de produtos criptográficos da Cisco não implica a autorização de terceiros para importar, exportar, distribuir ou criptografar. Os importadores, exportadores, distribuidores e usuários são responsáveis por manter a conformidade com as leis dos EUA e do país local. Ao usar este produto, você estará concordando em obedecer as leis e regulamentações aplicáveis. Se não puder obedecê-las, devolva o produto imediatamente.&#13;&#10;&#13;&#10;&#13;&#10;Um resumo das leis americanas que governam os produtos criptográficos da Cisco pode ser encontrado em:&#13;&#10;&#13;&#10;http://www.cisco.com/wwl/export/crypto/tool/stqrg.html&#13;&#10;&#13;&#10;Se precisar de mais assistência, entre em contato conosco enviando um e-mail para export@cisco.com.&#13;&#10;&#13;&#10;&#13;&#10;***AVISO DA PRT***&#13;&#10;&#13;&#10;A Problem Reporting Tool (PRT) colherá os logs do PC que possam incluir informações de contato, conteúdo de mensagens instantâneas, números de telefone e outras informações que poderiam ser usadas para identificar de forma pessoal você ou outras pessoas. Esta informação é requerida como parte do processo de diagnóstico para determinar a causa do problema técnico relatado. Os logs podem ser transferidos para outras áreas e armazenados temporariamente como parte do processo de diagnóstico. Ao usar a PRT, você concorda em fornecer os logs à Cisco a fim de trazer à Cisco a possibilidade de solucionar quaisquer problemas técnicos com o Cisco IP Communicator. "/>
		
	<label ERR_alreadyRunning="O Cisco IP Communicator já está sendo executado"/>
	<label ERR_exception="Exceção"/>
	<label ERR_exceptionCaption="Communicator - Erro de exceção"/>
	<label ERR_notDib="Há um problema com a capa atual: o arquivo de bitmap não possui o formato DIB"/>
	<label ERR_notOS2Supported="Há um problema com a capa atual: o formato de bitmap OS2 não é compatível"/>
	<label ERR_invalidSkin="O arquivo de capa atual é inválido"/>
	<label ERR_invalidButton="O arquivo de capa atual possui um botão inválido"/>
	<label ERR_noStreamDev="Não há dispositivos de som compatíveis instalados neste computador. Clique em 'OK' para sair."/>
	<label ERR_noRingDev="Não há dispositivos de som compatíveis instalados neste computador. Clique em 'OK' para sair."/>
	<label ERR_noNetworkDev="Não há interfaces de rede compatíveis instaladas nesta máquina. Instale uma interface de rede."/>
	<label ERR_noJVM="O caminho JVM não está configurado. O JVM não pode ser executado em modo DEBUG."/>
	<label ERR_invokeJVM="Não é possível solicitar JVM - JNI_CreateJavaVM()"/>
	<label ERR_noVenderInfo="Não há nenhuma informação sobre o fornecedor dentro do arquivo de configuração"/>
	<label ERR_mismatchMAC="A interface de rede escolhida para registro no Cisco CallManager está faltando ou está desativada. Selecione 'OK' se você removeu essa interface intencionalmente e escolha uma nova interface ou selecione 'Cancelar' para sair."/>
	<label ERR_mismatchVPN="A interface de rede escolhida para o áudio não tem um endereço IP válido. Selecione 'OK' para escolher uma interface diferente ou 'Cancelar' para sair."/>
	<label ERR_noNetAdapterCC="Selecione uma interface de rede para registro no Cisco CallManager. Um padrão já foi escolhido para você."/>
	<label ERR_deviceNameLength="Nome do dispositivo inválido. O nome do dispositivo deve ter 15 caracteres ou menos e deve conter os caracteres [a-z A-Z 0-9._-]." />
	<label ERR_noNetAdapterVPN="Selecione uma interface de rede para o áudio."/>
	<label ERR_noTFTPServer="Não foi possível se conectar ao servidor TFTP."/>
	<label ERR_cannotReadSettings="Não foi possível ler as definições"/>
	<label ERR_networkAdaptorAbsent="Não foi possível encontrar o adaptador de rede necessário para registro"/>
	<label ERR_badHostNameSpecified="Nome de host inválido especificado nas preferências"/>
	<label ERR_badNetworkInterfaceSpecified="Interface de rede inválida especificada nas preferências"/>
	<label ERR_cannotInitializeGraphics="Não foi possível inicializar o visor"/>
	<label ERR_cannotInitializeMedia="Não foi possível inicializar a mídia"/>
	<label ERR_cannotStartCdp="Não foi possível inicializar o suporte para o serviço Cisco Emergency Responder. Consulte o administrador do sistema."/>
	<label ERR_cannotInitializeKeyboard="Não foi possível inicializar os mapeamentos do teclado"/>
	<label ERR_cannotInitializeGUI="Não foi possível inicializar a interface gráfica do usuário"/>
	<label ERR_cannotAutoUpdate="Não foi possível verificar as atualizações"/>
	<label ERR_invalidDeviceLoad="Carregamento de dispositivo inválido"/>
	<label ERR_wrongAutoUpdatePath="Não há suporte para o seguinte caminho de AutoUpdate:"/>
	<label ERR_invalidPortRange="O intervalo de portas especificado é inválido. Ele somente pode estar entre os números 1 e 65536. Corrija e clique em 'OK'."/>
	<label ERR_cannotLaunchCVTA="Não foi possível iniciar o Cisco Unified Video Advantage."/>
	<label ERR_cvtaNotFound="É necessário o Cisco Unified Video Advantage versão 2.0(1) ou posterior."/>
	<label ERR_checkDevicePreferences="Verifique se as preferências do dispositivo de áudio estão corretas usando o Assistente de ajuste de áudio ou o menu Preferências."/>	
	<label ERR_invalidTFTPServer="O endereço do servidor TFTP contém um campo vazio."/>
	<label ERR_invalidAudioIP="O endereço IP de Áudio contém um campo vazio."/>

	<label DLG_ND_Label="Digitar nome ou número a discar"/>
	<label DLG_ND_MessageNone="Nenhuma correspondência encontrada"/>
	<label DLG_ND_MessageOne="Uma correspondência encontrada"/>
	<label DLG_ND_Message25="Foram encontradas várias correspondências. Abaixo há uma lista dos resultados."/>
	<label DLG_ND_Message25p="Foram encontradas várias correspondências. Abaixo há uma lista dos primeiros %d resultados. Limite a pesquisa para mostrar correspondências mais relevantes."/>
	<label DLG_ND_MultipleMatches="Pesquisa com vários resultados"/>
	<label DLG_ND_TooManyMatches="Pesquisa com resultados em demasia"/>
	<label DLG_ND_RefineSearch="Mostrando os primeiros %d itens. Considere limitar a sua pesquisa"/>
	<label DLG_ND_QuickSearch="Pesquisa rápida"/>
	<label DLG_ND_QuickDial="Discagem imediata"/>
	<label DLG_ND_Search="Pesquisar"/>
	<label DLG_ND_Dial="Selecionar"/>
	<label DLG_ND_First="Nome"/>
	<label DLG_ND_Last ="Sobrenome"/>
	<label DLG_ND_EMail="E-mail"/>
	<label DLG_ND_Number="Número"/>
	<label DLG_ND_Mobile="Celular"/>
	<label DLG_ND_ThereWereErrors="Há erros"/>
	<label DLG_ND_Label="Procurar por..."/>
	<label ERR_ND_NoSearchBase="Base de pesquisa LDAP não especificada"/>
	<label ERR_ND_NoUserName="Erro de autenticação LDAP: nome de usuário não especificado"/> 
	<label ERR_ND_ConnectFailed="Não foi possível abrir a conexão LDAP com o servidor"/>
	<label ERR_ND_AuthFailed="Falha ao iniciar sessão. Verifique nome de usuário/senha"/>
	<label ERR_ND_FileError="Erro do arquivo ao gravar resultados LDAP"/>
	<label ERR_ND_NoSelection="Você não selecionou uma opção"/>
	<label ERR_ND_NoPhoneNumbers="Não há números de telefone na entrada selecionada"/>

	<label DLG_ChoosePhoneNumber="Escolher um número de telefone"/>
	<label DLG_CPN_Message="Foram encontrados vários números de telefone. Selecione o número de telefone a discar."/>

	<label DLG_NW_TFTPServerGroup="Servidores TFTP"/>
	<label DLG_NW_ConnConfig="Definições do CallManager"/>
	<label DLG_NW_AutoTftp="Usar servidores TFTP padrão"/>
	<label DLG_NW_CustomTftp="Usar estes servidores TFTP:"/>
	<label DLG_NW_TFTP1="Servidor TFTP 1:"/>
	<label DLG_NW_TFTP2="Servidor TFTP 2:"/>
	<label DLG_NW_DeviceNameGroup="Nome do dispositivo"/>
	<label DLG_NW_DeviceName="Nome do dispositivo:"/>
	<label DLG_NW_NetAdapter="Adaptador de rede:"/>
	<label DLG_NW_RadioNetAdapter="Usar adaptador de rede para gerar nome do dispositivo"/>
	<label DLG_NW_RadioUseDeviceName="Usar este nome de dispositivo"/>
	<label DLG_NW_StaticUseThisDeviceName="Usar este nome de dispositivo:"/>

	<label DLG_Audio_Use729="Otimizar para largura de banda baixa"/>
	<label DLG_Audio_UseDefaultDevices="Usar dispositivos padrão do Windows"/>
	<label DLG_Audio_Advanced="Avançado..."/>
	<label DLG_Audio_Network="Rede..."/>
	<label DLG_Audio_Selections="Dispositivos para modos de áudio"/>
	<label DLG_Ringer_Selection="Dispositivo para campainha"/>

	<label DLG_AdvancedAudioSettings="Definições avançadas de áudio"/>
	<label DLG_AudioAdv_Sidetone="Volume do ruído lateral"/>
	<label DLG_AudioAdv_EnableSidetone="Ativar ruído lateral"/>
	<label DLG_AudioAdv_Slider="-                        0                       +"/>
	<label DLG_AudioAdv_Microphone="Aumento de sensibilidade do volume do microfone"/>
	<label DLG_AudioAdv_Filters="Filtros"/>
	<label DLG_AudioAdv_Mode="Modo:"/>
	<label DLG_AudioAdv_PlayFilter="Escuta:"/>
	<label DLG_AudioAdv_RecordFilter="Fala:"/>
	<label DLG_AudioAdv_LimitVolume="Limitar volume"/>
	<label DLG_AudioAdv_AudioLatency="Qualidade e desempenho do áudio"/>
	<label DLG_AudioAdv_AudioLatencyLow="Melhor (atraso curto)"/>
	<label DLG_AudioAdv_AudioLatencyMedium="Muito bom (atraso médio)"/>
	<label DLG_AudioAdv_AudioLatencyHigh="Bom (atraso alto)"/>
	<label DLG_AudioAdv_SilenceSuppression="Supressão de silêncio"/>
	<label DLG_AudioAdv_SsDisabled="Desativado (não recomendado)"/>
	<label DLG_AudioAdv_NoiseSuppression="Supressão de ruído"/>
	<label DLG_AudioAdv_Aggressiveness="Níveis de Agressividade"/>
	<label DLG_AudioAdv_AggressivenessLeast="O menos"/>
	<label DLG_AudioAdv_AggressivenessMedium="Médio"/>
	<label DLG_AudioAdv_AggressivenessMost="O mais"/>
	<label DLG_AudioAdv_AggressivenessLow="Baixo"/>
	<label DLG_AudioAdv_AggressivenessModerate="Moderado"/>
	<label DLG_AudioAdv_AggressivenessHigh="Alto"/>
	<label DLG_AudioAdv_AggressivenessVeryHigh="Muito alto"/>

	<label DLG_AudioAdv_AGC="Controle automático de ganho"/>
	<label DLG_AudioAdv_EC="Cancelamento de Eco"/>
	<label DLG_AudioAdv_Enabled="Ativado"/>
	<label DLG_AudioAdv_Disabled="Disativado"/>
	<label DLG_AudioAdv_Auto="Automático"/>
	<label DLG_AudioAdv_Analog="Analógico"/>
	<label DLG_AudioAdv_Digital="Digital"/>
	<label DLG_AudioAdv_Both="Ambos"/>
	<label DLG_AudioAdv_Cancellation="Cancelamento"/>
	<label DLG_AudioAdv_Suppression="Supressão"/>
	<label DLG_AudioAdv_UseInput="Usar valor de entrada"/>

	<label DLG_NWA="Definições de áudio da rede"/>
	<label DLG_NWA_AudioIP="Endereço IP do áudio"/>
	<label DLG_NWA_AutoDetectIP="Detectar automaticamente"/>
	<label DLG_NWA_SelectInterface="Usar endereço deste adaptador:"/>
	<label DLG_NWA_UseThisIP="Usar este endereço:"/>
	<label DLG_NWA_PortRange="Intervalo de portas de áudio"/>
	<label DLG_NWA_AutoSelectPort="Usar intervalo de portas padrão"/>
	<label DLG_NWA_SpecifyPort="Usar este intervalo de portas:"/>
	<label DLG_NWA_PortFrom="De:"/>
	<label DLG_NWA_PortTo="Até:"/>

	<label DLG_USR_usrInfo="Informações sobre o usuário"/>
	<label DLG_USR_usrID="Nome do usuário:"/>
	<label DLG_USR_password="Senha:"/>
	<label DLG_USR_usrInput="Entrada do usuário"/>
	<label DLG_USR_usbHandset="Monofone USB:"/>
	<label DLG_USR_trace="Solução de problemas"/>
	<label DLG_USR_traceEnable="Ativar registro"/>
	<label DLG_USR_CloseHidesApp="Fechar oculta o aplicativo"/>
	<label DLG_USR_BringToFront="Trazer para a frente durante chamada ativa"/>
	<label DLG_USR_DisableToast="Ocultar notificação de chamada recebida"/>
	<label DLG_USR_EnableAnswerHotkey="Ativar tecla de acesso rápido para resposta"/>
	<label DLG_USR_UserOptionsGroup="Endereço da página das Opções do usuário do Cisco Unified CM"/>
	<label DLG_USR_AutoUserOptions="Usar padrão (servidor TFTP)"/>
	<label DLG_USR_SpecifyUserOptions="Usar URL específico"/>

	<label SKINS_Main_MessageWaiting="Mensagem em espera"/>
	<label SKINS_ButtonSets_Close="Fechar"/>
	<label SKINS_ButtonSets_Minimize="Minimizar"/>
	<label SKINS_ButtonSets_Mode="Modo"/>
	<label SKINS_ButtonSets_Menu="Menu"/>
	<label SKINS_lines_Line1="Linha 1"/>
	<label SKINS_lines_Line2="Linha 2"/>
	<label SKINS_lines_Line3="Linha 3"/>
	<label SKINS_lines_Line4="Linha 4"/>
	<label SKINS_lines_Line5="Linha 5"/>
	<label SKINS_lines_Line6="Linha 6"/>
	<label SKINS_lines_Line7="Linha 7"/>
	<label SKINS_lines_Line8="Linha 8"/>
	<label SKINS_keypad_One="Um"/>
	<label SKINS_keypad_Two="Dois"/>
	<label SKINS_keypad_Three="Três"/>
	<label SKINS_keypad_Four="Quatro"/>
	<label SKINS_keypad_Five="Cinco"/>
	<label SKINS_keypad_Six="Seis"/>
	<label SKINS_keypad_Seven="Sete"/>
	<label SKINS_keypad_Eight="Oito"/>
	<label SKINS_keypad_Nine="Nove"/>
	<label SKINS_keypad_Star="Estrela"/>
	<label SKINS_keypad_Zero="Zero"/>
	<label SKINS_keypad_Pound="Sustenido"/>
	<label SKINS_softkeys_Softkey1="Tecla de função 1"/>
	<label SKINS_softkeys_Softkey2="Tecla de função 2"/>
	<label SKINS_softkeys_Softkey3="Tecla de função 3"/>
	<label SKINS_softkeys_Softkey4="Tecla de função 4"/>
	<label SKINS_softkeys_Softkey5="Tecla de função 5"/>
	<label SKINS_features_Messages="Mensagens"/>
	<label SKINS_features_Services="Serviços"/>
	<label SKINS_features_Settings="Definições"/>
	<label SKINS_features_Directories="Diretórios"/>
	<label SKINS_features_Information="Ajuda"/>
	<label SKINS_controls_Headset="Fone de ouvido"/>
	<label SKINS_controls_Mute="Silenciar"/>
	<label SKINS_controls_Speaker="Alto-falante"/>
	<label SKINS_controls_VolumeDown="Diminuir volume"/>
	<label SKINS_controls_VolumeUp="Aumentar volume"/>
	<label SKINS_navigation_Navigation="Navegação"/>
	<label SKINS_navigation_Up="+"/>
	<label SKINS_navigation_Down="-"/>
	<label SKINS_navigation_Left="Esquerda"/>
	<label SKINS_navigation_Right="Direita"/>

	<label DLG_AUDIO_LatencyOptimization="Otimização de latência"/>
	<label DLG_AUDIO_LowDelay="Atraso curto"/>
	<label DLG_AUDIO_MediumDelay="Atraso médio"/>
	<label DLG_AUDIO_HighDelay="Atraso alto"/>
	<label DLG_AUDIO_VeryHighDelay="Atraso muito alto"/>
	<label DLG_AUDIO_LowestLatency="Latência mais baixa"/>
	<label DLG_AUDIO_HighestLatency="Latência mais alta"/>
	<label DLG_AUDIO_Default="Definição padrão"/>
	<label DLG_AUDIO_Recommended="Recomenda-se utilizar primeiro as definições mais baixas e continuar na definição seguinte, se necessário."/>
	<label DLG_AUDIO_Speaker="Alto-falante"/>	
	<label DLG_AUDIO_Mic="Microfone"/>
	<label DLG_AUDIO_SpeakerBuffer="Número do buffer do alto-falante"/>
	<label DLG_AUDIO_MicBuffer="Número do buffer do microfone"/>

	<label DLG_TRACE_Tracing="Rastreando"/>
	<label DLG_TRACE_GUI="GUI"/>
	<label DLG_TRACE_CallControl="Controle de chamadas"/>
	<label DLG_TRACE_Media="Áudio"/>
	<label DLG_TRACE_CDP="CDP"/>
	<label DLG_TRACE_ATW="Assistente de ajuste de áudio"/>
	<label DLG_TRACE_R2d="Ativar visor do telefone"/>
	<label DLG_TRACE_Levels="Rastrear níveis"/>
	<label DLG_TRACE_Errors="Erros"/>
	<label DLG_TRACE_Detailed="Detalhado"/>
	<label DLG_TRACE_Low="Baixo"/>
	<label DLG_TRACE_Med="Médio"/>
	<label DLG_TRACE_High="Alto"/>
	<label DLG_TRACE_All="Tudo"/>

	<label DLG_L10N_Language="Idioma"/>
	<label DLG_L10N_Locale="Local"/>

	<label ChangeInterfaceWarningText="Alterar a interface de rede pode fazer com que o Cisco IP Communicator pare de funcionar. Consulte o administrador do sistema antes de alterar esse parâmetro."/>
	<label ChangeInterfaceWarningCaption="Aviso"/>

	<label ChangeProtocolWarningText="O protocolo de controle de chamadas para este dispositivo foi alterado. Clique em 'Ok' para reiniciar o Cisco IP Communicator."/>
	<label JPhoneStartupErrorText="O Cisco IP Communicator falhou ao inicializar o aplicativo de telefone e será encerrado agora. Deseja reiniciar o Cisco IP Communicator?"/>
	<label AutoUpdateNeedUpdatesText="Atualizações disponíveis para o Cisco IP Commnunicator. O aplicativo deve ser fechado durante o processo de atualização. Deseja continuar com a atualização?"/>

	<label CheckingLocaleUpdates="Verificando se há alterações de Localidade..."/>

<!-- ETOUCH -->
	<label Paste="Colar"/>
	<label AnswerCall="Atender"/>
	<label IgnoreCall="Ignorar"/>
	<label UnknownCaller="Desconhecido"/>
<!-- ETOUCH -->
	<SkinLocMap>
		<entry file="Default" name="Modo padrão" />
		<entry file="Mercurio" name="Modo compacto" />
	</SkinLocMap>

</CommunicatorStrings>