﻿<?xml version="1.0"?>

<CommunicatorStrings>
	<label rtlFlag="0"/>
	<label ok			="OK"/>
	<label cancel		="Annuleren"/>
	<label apply		="Toepassen"/>
	<label verify		="Controleren"/>
	<label yes			="Ja"/>
	<label no			="Nee"/>
	<label yesToAll		="Ja op alles"/>
	<label noToAll		="Nee op alles"/>
	<label abort		="Afbreken"/>
	<label retry		="Opnieuw"/>
	<label error		="Fout"/>
	<label edit			="Bewerken"/>
	<label exit			="Afsluiten"/>
	<label close		="Sluiten"/>
	<label view			="Beeld"/>
	<label update		="Bijwerken"/>
	<label help			="Help"/>
	<label about		="Info"/>
	<label proceed		="Doorgaan"/>
	<label next			="Volgende"/>
	<label back			="Vorige"/>
	<label finish		="Voltooien"/>
	<label accept		="Accepteren"/>
	<label acceptAll	="Alles accepteren"/>
	<label reject		="Weigeren"/>
	<label rejectAll	="Alles weigeren"/>
	<label status		="Status"/>
	<label cannotProceed="Kan niet verdergaan"/>
	<label details		="Details"/>
	<label viewDetails	="Details weergeven"/>
	<label consultAdmin	="Raadpleeg de systeembeheerder"/>
	<label ensureNetwork="Controleer of u bent verbonden met het netwerk"/>

	<label title		="Cisco IP Communicator"/>
	<label autoUpdate	="CIPCLocaleDownloader"/>
	<label file			="Bestand"/>
	<label module		="Module"/>
	<label archive		="Archief"/>
	<label downloading	="Downloaden..."/>
	<label installing	="Installeren..."/>
	<label extracting	="Uitpakken..."/>
	<label progress		="Voortgang"/>
	<label updateType	="Type update"/>
	<label recommended	="Aanbevolen"/>
	<label required		="Vereist"/>

	<label bitsLong			="bits"/>
	<label bitsShort		="b"/>
	<label bytesLong		="bytes"/>
	<label bytesShort		="B"/>
	<label kiloLong			="Kilo"/>
	<label kiloShort		="K"/>
	<label kilobytesShort	="kB"/>
	<label kilobytesLong	="Kilobytes"/>
	<label megaLong			="Mega"/>
	<label megaShort		="M"/>
	<label megabytesShort	="MB"/>
	<label megabytesLong	="Megabytes"/>
	<label gigaLong			="Giga"/>
	<label gigaShort		="G"/>
	<label gigabytesShort	="GB"/>
	<label gigabytesLong	="Gigabytes"/>
	<label teraLong			="Tera"/>
	<label teraShort		="T"/>
	<label terabytesShort	="TB"/>
	<label terabytesLong	="Terabytes"/>

	<label downloadSpeed	="Downloadsnelheid"/>
	<label timeRemaining	="Resterende tijd"/>

	<label secondShort		="s"/>
	<label secondLong		="seconde"/>
	<label secondsLong		="seconden"/>
	<label minuteShort		="min"/>
	<label minuteLong		="minuut"/>
	<label minutesLong		="minuten"/>
	<label hourShort		="u"/>
	<label hoursLong		="uur"/>
	<label hoursLong		="uren"/>

	<label unknown					="Onbekend"/>
	<label overallProgress			="Algehele voortgang..."/>
	<label gettingManifest			="Installatiebeschrijving downloaden..."/>
	<label inspectingInstallation	="Huidige installatie controleren..."/>
	<label preparingToInstallFiles	="Voorbereiden voor installatie van bestanden..."/>
	<label doingUpdates				="Landinstellingen worden gedownload en geïnstalleerd..."/>
	<label confirmCancel			="Wilt u annuleren?"/>

	<label AU_usageString			="GEBRUIK&#13;=======&#13;AutoUpdate parameterName1=&lt;parameterValue1&gt; parameterName2=&lt;parameterValue2&gt; ...&#13;&#13;PARAMETERS:&#13;Specificeer httpServer/tftpServer, installFolder, manifestFile&#13;Optionele parameters zijn mode, waitWindow en postUpdateScript&#13;Voor parameters wordt geen onderscheid gemaakt in volgorde en kleine en hoofdletters&#13;&#13;E.g.&#13;AutoUpdate httpServer=http://www.webserver.com/Communicator installFolder=&quot;D:\Program Files\ACME Systems\ACME Studio&quot; mode=install waitWindow=&quot;ACME Studio&quot; postUpdateScript=Notepad.exe"/>
	<label AU_errorTitle			="CIPCLocaleDownloader-fout"/>
	<label AU_errorHeading			="Er heeft zich een fout voorgedaan"/>
	<label AU_stackTrace			="Stacktracering"/>
	<label AU_viewStackTrace		="Stacktracering weergeven"/>
	<label AU_autoupdateComponentNotDefined	="Fout in CIPC-manifestbestand van landinstelling  - Component van landinstelling niet gedefinieerd"/>
	<label AU_closeWindowTitle		="Sluit alle vensters met de volgende naam"/>
	<label AU_endProcesses			="Beëindig de volgende processen voordat u verdergaat"/>

	<label AU_repairs					="Reparaties"/>
	<label AU_repairsList				="De volgende modules bevatten bestanden die ontbreken of zijn gewijzigd"/>
	<label AU_requiredUpdates			="Vereiste updates"/>
	<label AU_requiredUpdatesList		="Voor de volgende modules zijn updates vereist"/>
	<label AU_recommendedUpdates		="Aanbevolen updates"/>
	<label AU_recommendedUpdatesList	="Voor de volgende modules bestaan aanbevolen updates"/>
	<label AU_chooseIndividualUpdates	="Bepalen voor elke module"/>
	<label AU_selectUpdate				="Wilt u de aanbevolen updates toepassen op de volgende module?"/>
	<label AU_installAny				="Wilt u een van deze installeren?"/>
	<label AU_module					="Module"/>
	<label AU_downloadSize				="Downloadgrootte"/>
	<label AU_wantToDoUpdates			="Er zijn enkele updates beschikbaar&#13;&#13;Wilt u deze nu downloaden en installeren?" />

	<label AU_olderVersionInstalled		="Het geïnstalleerde bestand heeft een oudere versie"/>
	<label AU_newerVersionInstalled		="Het geïnstalleerde bestand heeft een nieuwere versie"/>
	<label AU_equalVersionInstalled		="Het geïnstalleerde bestand heeft dezelfde versie"/>
	<label AU_checksumMismatch			="Checksum van bestand komt niet overeen met verwachte waarde"/>
	<label AU_olderFileInstalled		="Wijzigingsdatum van het geïnstalleerde bestand is ouder"/>
	<label AU_newerFileInstalled		="Wijzigingsdatum van het geïnstalleerde bestand is nieuwer"/>
	<label AU_modifiedDatesMatch		="Wijzigingsdatums komen overeen"/>
	<label AU_unableToCompareFiles		="Kan bestanden niet vergelijken"/>

	<label AU_Error_tftpHttpNotDefined			="Geef tftpServer of httpServer op"/>
	<label AU_Error_installFolderNotDefined		="Installatiemap niet opgegeven"/>
	<label AU_Error_manifestFileNotDefined		="Manifestbestand niet opgegeven"/>
	<label AU_Error_downloadManifestFailed		="Kan het manifestbestand niet downloaden"/>
	<label AU_Error_invalidUpdateMode			="Ongeldige updatemodus. Toegestane modi zijn 'installatie' en 'query'"/>
	<label AU_Error_errorInManifest				="Manifestbestand is beschadigd"/>
	<label AU_Error_cannotProceed				="CIPCLocaleDownloader kan niet verdergaan."/>
	<label AU_Error_invalidVersionString		="Ongeldige versiereeks"/>
	<label AU_Error_fileNotFound				="Bestand niet gevonden"/>
	<label AU_Error_unsupportedProtocol			="Protocol voor bestandsoverdracht wordt niet ondersteund of is ongeldig"/>
	<label AU_Error_downloadedFileInvalid		="Gedownloade bestand komt niet overeen met beschrijving"/>
	<label AU_Error_requiredUpdateFailed		="Kan de vereiste bestanden niet installeren voor de volgende module"/>
	<label AU_Error_recommendedUpdateFailed		="Kan de aanbevolen updates niet installeren voor de volgende module"/>
	<label AU_Error_repairFailed				="Kan de volgende module niet bijwerken"/>
	<label AU_Error_preinstallFileInstall		="Installatie van pre-installatiebestanden mislukt"/>
	<label AU_Error_postinstallFileInstall		="Installatie van post-installatiebestanden mislukt"/>
	<label AU_Error_moduleFileInstall			="Installatie van modulebestanden mislukt"/>
	<label AU_Error_preinstallFileDownload		="Downloaden van pre-installatiebestanden mislukt"/>
	<label AU_Error_postinstallFileDownload		="Downloaden van post-installatiebestanden mislukt"/>
	<label AU_Error_moduleFileDownload			="Downloaden van modulebestanden mislukt"/>
	<label AU_Error_preinstallFileInstall		="Installatie van pre-installatiebestanden mislukt"/>
	<label AU_Error_postinstallFileInstall		="Installatie van post-installatiebestanden mislukt"/>
	<label AU_Error_moduleFileInstall			="Installatie van modulebestanden mislukt"/>
	<label AU_Error_moduleSettingInstall		="Installatie van module-instellingen mislukt"/>
	<label AU_Error_preinstallScript			="Pre-installatiescript heeft een fout gegeven"/>
	<label AU_Error_postinstallScript			="Post-installatiescript heeft een fout gegeven"/>
	<label AU_Error_downloadFileError			="Kan het bestand niet downloaden"/>
	<label AU_Error_installFileError			="Kan het bestand niet installeren"/>
	<label AU_Error_unableToChangeModifiedDate	="Kan de datum van de wijziging niet veranderen"/>
	<label AU_Error_archiveFileMismatch			="Bestand in archief komt niet overeen met de beschrijving"/>
	<label AU_Error_archiveInstall				="Kan het archief niet installeren"/>
	<label AU_Error_recommendedUpdateFailureList="De volgende aanbevolen updates zijn mislukt"/>
	<label AU_Error_autoUpdateCancelled			="CIPCLocaleDownloader is geannuleerd."/>

	<label AU_Error_HTTPTimeout					="HTTP-time-out"/>
	<label AU_Error_HTTPError					="HTTP-fout"/>
	<label AU_Error_HTTPConnectionClosed		="HTTP-verbinding gesloten"/>

	<label AU_Error_xmlTagNotFound		="XML-tag niet gevonden"/>
	<label AU_Error_xmlDataNotFound		="XML-gegevens niet gevonden"/>
	
	<label AU_Error_failedToInitialize			="CIPCLocaleDownloader kan niet worden geïnitialiseerd."/>
	<label AU_Error_ensureNoOtherApps			="Sluit alle andere toepassingen en probeer het opnieuw"/>

</CommunicatorStrings>