﻿<?xml version="1.0"?>
<CommunicatorStrings>
	<label rtlFlag="0"/>
	<label ok="OK"/>
	<label cancel="Annuleren"/>
	<label apply="Toepassen"/>
	<label applyToAll="Op alles toepassen"/>
	<label verify="Controleren"/>
	<label yes="Ja"/>
	<label no="Nee"/>
	<label yesToAll="Ja op alles"/>
	<label noToAll="Nee op alles"/>
	<label abort="Afbreken"/>
	<label retry="Opnieuw"/>
	<label error="Fout"/>
	<label edit="Bewerken"/>
	<label exit="Afsluiten"/>
	<label close="Sluiten"/>
	<label move="Verplaatsen"/>
	<label view="Beeld"/>
	<label update="Bijwerken"/>
	<label help="Help"/>
	<label about="Over Cisco IP Communicator"/>
	<label proceed="Doorgaan"/>
	<label next="Volgende"/>
	<label back="Afsluiten"/>
	<label show="Cisco IP Communicator weergeven"/>
	<label hide="Verbergen Cisco IP Communicator"/>
	<label AGNT_checkAutoUpdate="Controleren op nieuwe updates"/>
	<label finish="Voltooien"/>
	<label accept="Accepteren"/>
	<label acceptAll="Alles accepteren"/>
	<label reject="Weigeren"/>
	<label rejectAll="Alles weigeren"/>
	<label none="Geen"/>
	<label network="Netwerk"/>
	<label user="Gebruiker"/>
	<label java="Java"/>
	<label audio="Audio"/>
	<label advAudio="Geavanceerde audio"/>
	<label directories="Telefoonlijsten "/>
	<label ldapSettings="Instellingen LDAP-adreslijst"/>
	<label ldapUserName="Gebruikersnaam:"/>
	<label ldapPassword="Wachtwoord:"/>
	<label wave="Wave"/>
	<label kernelStreaming="Kernel-streaming"/>
	<label itu="ITU"/>
	<label ciscoIPPhone="Cisco IP-telefoon"/>
	<label speakerphone="Luidspreker"/>
	<label headset="Headset"/>
	<label handset="Hoorn"/>
	<label ringer="Beltoon"/>
	<label hid="Human Interface Device (HID)"/>
	<label status="Status"/>
	<label title="Cisco IP Communicator"/>
	<label autoUpdate="AutoUpdate"/>
	<label skins="Skins"/>
	<label screenOnly="Alleen scherm"/>
	<label alwaysOnTop="Altijd op voorgrond"/>
	<label startPhone="Telefoon starten"/>
	<label stopPhone="Telefoon stoppen"/>
	<label atwMenu="Wizard Audio afstemmen"/>
	<label quickSearchMenu="Snel zoeken..."/>
	<label ciscoUserOptions="Cisco Unified CM-gebruikersopties"/>
	<label preferences="Voorkeuren..."/>
	<label userGuide="Gebruikershandleiding"/>
	<label DLG_Settings="Voorkeuren"/>
	<label default="Standaard"/>
	<label file="Bestand"/>
	<label module="Module"/>
	<label archive="Archief"/>
	<label progress="Voortgang"/>
	<label updateType="Type update"/>
	<label recommended="Aanbevolen"/>
	<label required="Vereist"/>
	<label statStarting="%s starten"/>
	<label statInstalling="%s installeren"/>
	<label statInitializing="%s initialiseren"/>
	<label statReading="%s lezen"/>
	<label statConnectTFTP="Verbinden met TFTP-server"/>
	<label cdpDriver="CDP"/>
	<label questionMark="?"/>
	<label mtDriver="Audio"/>
	<label localSettings="Lokale instellingen"/>
	<label networkSettings="Netwerkinstellingen"/>
	<label hibernateWarning="Als de computer nu in de slaapstand overgaat, wordt het huidige gesprek door Cisco IP Communicator verbroken. Wilt u voorkomen dat de computer in de slaapstand gaat?"/>
	<label closeWarning="Als u nu afsluit, wordt het huidige gesprek door Cisco IP Communicator verbroken. Wilt u afsluiten?"/>
	<label configWarning="Als u de voorkeuren nu wijzigt, wordt het huidige gesprek door Cisco IP Communicator verbroken. Wilt u doorgaan?"/>
	<label configError="Er is een audioapparaat verwijderd tijdens een actief gesprek. Ten gevolge hiervan wordt het actieve gesprek verbroken."/>
	<label undockWarning="Als de computer wordt losgekoppeld, breekt Cisco IP Communicator het huidige gesprek af. Wilt u het loskoppelen van de computer stoppen?"/>
	<label endSessionWarning="Als u de Windows-sessie nu beëindigt, wordt het huidige gesprek door Cisco IP Communicator verbroken. Wilt u de sessie beëindigen?"/>
	<label INF_infoCaption="Cisco IP Communicator - Informatie"/>
	<label INF_TFTPRestart="Cisco IP Communicator kan niet opnieuw worden gestart. Start de toepassing handmatig opnieuw op."/>
	<label needReboot="Voor Cisco IP Communicator is nieuwe software geïnstalleerd. U moet de computer opnieuw opstarten om de installatie te voltooien"/>
	<label fetchingDirectories="Gegevens over LDAP-adreslijst ophalen"/>
	<label fetchingDialingRules="Kiesregels ophalen"/>
	<label restartForLocaleChange="U moet Communicator opnieuw starten voordat de wijzigingen in de talen van kracht worden"/>
	<label copyright="Copyright © 2004-2011 Cisco Systems, Inc. Alle rechten voorbehouden."/>
	<label copyrightSplash="© 2011 Cisco Systems, Inc. Alle rechten voorbehouden. Advies over coderingsimport, gebruik en levering is beschikbaar in het Help-menu onder 'Over Cisco IP Communicator'. "/>
	<label versionSplash="Versie "/>
	<label versionCdp="Versie CDP-stuurprogramma:"/>
	<label versionCpmt="Versie spraakengine:"/>
	<label Notices="Mededelingen en vrijwaringen:"/>
	<label NoticesText="***BELANGRIJKE KENNISGEVING M.B.T. NOODOPROEPEN***&#13;&#10;&#13;&#10;Softwaretelefoontechnologie is wellicht niet de snelste en nauwkeurigste manier om locatiegegevens te verkrijgen als deze voor een noodoproep (bijvoorbeeld 112, 911, 999) wordt gebruikt. Het kan zijn dat u met de verkeerde alarmcentrale wordt verbonden; ook kan het zijn de alarmcentrale niet goed uw locatie kan bepalen. HET GEBRUIK VAN EEN SOFTWARETELEFOON TIJDENS NOODGEVALLEN IS OP EIGEN RISICO. Cisco is niet aansprakelijk voor fouten of vertragingen.&#13;&#10;&#13;&#10;&#13;&#10;***KENNISGEVING VAN GECODEERDE INHOUD***&#13;&#10;&#13;&#10;Dit product bevat cryptografische functies en valt onder wetgeving in de Verenigde Staten en andere landen met betrekking tot import, export, overdracht en gebruik. Levering van Cisco's cryptografische producten impliceert geen derden-autorisatie voor import, export, distributie of gebruik van codering. Importeurs, exporteurs, distributeurs en gebruikers zijn verantwoordelijk voor naleving van eerder genoemde wetgeving. Door dit product te gebruiken, gaat u akkoord met de wetten en bepalingen die hierop van toepassing zijn. Als u hieraan niet kunt voldoen, dient u dit product onmiddellijk te retourneren.&#13;&#10;&#13;&#10;&#13;&#10;Een samenvatting van de wetgeving in de Verenigde Staten met betrekking tot cryptografische producten vindt u op de volgende website:&#13;&#10;&#13;&#10;http://www.cisco.com/wwl/export/crypto/tool/stqrg.html&#13;&#10;&#13;&#10;Neem voor meer informatie contact met ons op door een e-mail te sturen naar export@cisco.com.&#13;&#10;&#13;&#10;&#13;&#10;***PRT NOTICE***&#13;&#10;&#13;&#10;Het Hulpprogramma voor probleemrapportage (PRT, Problem Reporting Tool) verzamelt logbestanden op uw pc die mogelijk, chatberichten, telefoonnummers en andere informatie bevatten die kan worden gebruikt om u of anderen te identificeren. Deze informatie is nodig voor het diagnoseproces om te bepalen wat de oorzaak is van het technische probleem dat u hebt gerapporteerd. De logbestanden tijdens het diagnoseproces kunnen over grenzen heen worden verplaatst en kunnen worden opgeslagen. Door het Hulpprogramma voor probleemrapportage te gebruiken stemt u toe de logbestanden aan Cisco te leveren zodat Cisco die kan gebruiken voor het oplossen van technische problemen met Cisco IP Communicator. "/>
		
	<label ERR_alreadyRunning="Cisco IP Communicator is al actief"/>
	<label ERR_exception="Uitzondering"/>
	<label ERR_exceptionCaption="Communicator - Uitzonderingsfout"/>
	<label ERR_notDib="Er is een probleem met de huidige skin: het bitmapbestand heeft geen DIB-indeling"/>
	<label ERR_notOS2Supported="Er is een probleem met de huidige skin: de indeling OS2 Bitmap wordt niet ondersteund"/>
	<label ERR_invalidSkin="Het huidige skinbestand is ongeldig"/>
	<label ERR_invalidButton="Het huidige skinbestand bevat een ongeldige knop"/>
	<label ERR_noStreamDev="Er zijn geen compatibele geluidsapparaten op deze computer geïnstalleerd. Klik op OK om af te sluiten."/>
	<label ERR_noRingDev="Er zijn geen compatibele geluidsapparaten op deze computer geïnstalleerd. Klik op OK om af te sluiten."/>
	<label ERR_noNetworkDev="Er zijn geen compatibele netwerkinterfaces op deze computer aanwezig. Installeer een netwerkinterface."/>
	<label ERR_noJVM="Er is geen JVM-pad geconfigureerd. JVM kan niet worden uitgevoerd in DEBUG-modus."/>
	<label ERR_invokeJVM="Kan JVM - JNI_CreateJavaVM() niet oproepen"/>
	<label ERR_noVenderInfo="Geen fabrikantgegevens in het configuratiebestand"/>
	<label ERR_mismatchMAC="De netwerkinterface die u bij Cisco CallManager wilt registreren, ontbreekt of is uitgeschakeld. Kies OK als u deze interface opzettelijk hebt verwijderd en een nieuwe interface wilt kiezen. Kies Annuleren om af te sluiten."/>
	<label ERR_mismatchVPN="De gekozen netwerkinterface voor audio heeft geen geldig IP-adres. Kies OK om een andere interface te kiezen of Annuleren om af te sluiten."/>
	<label ERR_noNetAdapterCC="Selecteer de netwerkinterface die u wilt registreren bij Cisco CallManager. Er is al een standaardwaarde gekozen."/>
	<label ERR_deviceNameLength="Ongeldige apparaatnaam. De apparaatnaam mag maximaal 15 tekens bevatten en moet bestaan uit de tekens [a-z A-Z 0-9._-]" />
	<label ERR_noNetAdapterVPN="Selecteer een netwerkinterface voor audio."/>
	<label ERR_noTFTPServer="Kan geen verbinding krijgen met de TFTP-server."/>
	<label ERR_cannotReadSettings="Kan de instellingen niet lezen"/>
	<label ERR_networkAdaptorAbsent="Kan de netwerkadapter die nodig is voor de registratie, niet vinden"/>
	<label ERR_badHostNameSpecified="Onjuiste hostnaam opgegeven in voorkeuren"/>
	<label ERR_badNetworkInterfaceSpecified="Onjuiste netwerkinterface opgegeven in voorkeuren"/>
	<label ERR_cannotInitializeGraphics="Kan het scherm niet initialiseren"/>
	<label ERR_cannotInitializeMedia="Kan de media niet initialiseren"/>
	<label ERR_cannotStartCdp="Kan de ondersteuning voor de service Cisco Emergency Responder niet initialiseren. Raadpleeg de systeembeheerder"/>
	<label ERR_cannotInitializeKeyboard="Kan de toetsenbordtoewijzingen niet initialiseren"/>
	<label ERR_cannotInitializeGUI="Kan de grafische gebruikersinterface niet initialiseren"/>
	<label ERR_cannotAutoUpdate="Kan niet controleren op updates"/>
	<label ERR_invalidDeviceLoad="Ongeldig apparaat laden"/>
	<label ERR_wrongAutoUpdatePath="Het volgende AutoUpdate-pad wordt niet ondersteund:"/>
	<label ERR_invalidPortRange="Het opgegeven poortbereik is ongeldig. Het bereik kan alleen tussen 1 tot en met 65536 liggen. Wijzig het bereik en klik op OK."/>
	<label ERR_cannotLaunchCVTA="Kan Cisco Unified Video Advantage niet starten."/>
	<label ERR_cvtaNotFound="Cisco Unified Video Advantage versie 2.0(1) of hoger is vereist"/>
	<label ERR_checkDevicePreferences="Geef de juiste voorkeuren voor het audioapparaat op met de wizard Audio afstemmen of het menu Voorkeuren."/>	
	<label ERR_invalidTFTPServer="TFTP-serveradres bevat een leeg veld."/>
	<label ERR_invalidAudioIP="Audio-IP-adres bevat een leeg veld."/>

	<label DLG_ND_Label="Geef de naam of het nummer op om te kiezen"/>
	<label DLG_ND_MessageNone="Geen overeenkomsten gevonden"/>
	<label DLG_ND_MessageOne="Eén overeenkomst gevonden"/>
	<label DLG_ND_Message25="Meerdere overeenkomsten gevonden. Hieronder ziet u een lijst met resultaten."/>
	<label DLG_ND_Message25p="Er zijn meerdere overeenkomsten gevonden. Hieronder ziet u een lijst met de eerste %d resultaten. Pas de zoekopdracht aan om meer relevante overeenkomsten te vinden."/>
	<label DLG_ND_MultipleMatches="Meerdere zoekresultaten"/>
	<label DLG_ND_TooManyMatches="Te veel zoekresultaten"/>
	<label DLG_ND_RefineSearch="Eerste %d items worden getoond. U kunt uw zoekopdracht verfijnen"/>
	<label DLG_ND_QuickSearch="Snel zoeken"/>
	<label DLG_ND_QuickDial="Snel kiezen"/>
	<label DLG_ND_Search="Zoeken"/>
	<label DLG_ND_Dial="Selecteren"/>
	<label DLG_ND_First="Voornaam"/>
	<label DLG_ND_Last ="Achternaam"/>
	<label DLG_ND_EMail="E-mail"/>
	<label DLG_ND_Number="Nummer"/>
	<label DLG_ND_Mobile="Mobiel"/>
	<label DLG_ND_ThereWereErrors="Er zijn fouten gevonden"/>
	<label DLG_ND_Label="Zoeken naar ..."/>
	<label ERR_ND_NoSearchBase="Geen LDAP-zoekbasis opgegeven"/>
	<label ERR_ND_NoUserName="LDAP-controlefout: geen gebruikersnaam opgegeven"/> 
	<label ERR_ND_ConnectFailed="Kan LDAP-verbinding met server niet openen"/>
	<label ERR_ND_AuthFailed="Aanmelden mislukt. Controleer gebruikersnaam/wachtwoord"/>
	<label ERR_ND_FileError="Bestandsfout bij het wegschrijven van LDAP-resultaten"/>
	<label ERR_ND_NoSelection="U hebt geen selectie gemaakt"/>
	<label ERR_ND_NoPhoneNumbers="Er zijn geen telefoonnummers in het geselecteerde item"/>

	<label DLG_ChoosePhoneNumber="Telefoonnummer kiezen"/>
	<label DLG_CPN_Message="Meerdere telefoonnummers gevonden. Selecteer het nummer dat u wilt kiezen."/>

	<label DLG_NW_TFTPServerGroup="TFTP-servers"/>
	<label DLG_NW_ConnConfig="Instellingen voor CallManager"/>
	<label DLG_NW_AutoTftp="De standaard TFTP-servers gebruiken"/>
	<label DLG_NW_CustomTftp="Gebruik deze TFTP-servers:"/>
	<label DLG_NW_TFTP1="TFTP-server 1"/>
	<label DLG_NW_TFTP2="TFTP-server 2"/>
	<label DLG_NW_DeviceNameGroup="Apparaatnaam"/>
	<label DLG_NW_DeviceName="Apparaatnaam:"/>
	<label DLG_NW_NetAdapter="Netwerkadapter:"/>
	<label DLG_NW_RadioNetAdapter="Gebruik de netwerkadapter voor het genereren van de apparaatnaam"/>
	<label DLG_NW_RadioUseDeviceName="Deze apparaatnaam gebruiken"/>
	<label DLG_NW_StaticUseThisDeviceName="Gebruik deze apparaatnaam:"/>

	<label DLG_Audio_Use729="Optimaliseren voor geringe bandbreedte"/>
	<label DLG_Audio_UseDefaultDevices="Gebruik Windows standaard apparaten"/>
	<label DLG_Audio_Advanced="Geavanceerd..."/>
	<label DLG_Audio_Network="Netwerk..."/>
	<label DLG_Audio_Selections="Apparaten voor audiomodi"/>
	<label DLG_Ringer_Selection="Apparaat voor beltoon"/>

	<label DLG_AdvancedAudioSettings="Geavanceerde audio-instellingen"/>
	<label DLG_AudioAdv_Sidetone="Volume sidetone"/>
	<label DLG_AudioAdv_EnableSidetone="Sidetone inschakelen"/>
	<label DLG_AudioAdv_Slider="-                        0                       +"/>
	<label DLG_AudioAdv_Microphone="Volume van microfoon versterken"/>
	<label DLG_AudioAdv_Filters="Filters"/>
	<label DLG_AudioAdv_Mode="Modus:"/>
	<label DLG_AudioAdv_PlayFilter="Luisteren:"/>
	<label DLG_AudioAdv_RecordFilter="Spreken:"/>
	<label DLG_AudioAdv_LimitVolume="Volume beperken"/>
	<label DLG_AudioAdv_AudioLatency="Geluidskwaliteit en prestaties"/>
	<label DLG_AudioAdv_AudioLatencyLow="Beste (weinig vertraging)"/>
	<label DLG_AudioAdv_AudioLatencyMedium="Heel goed (gemiddelde vertraging)"/>
	<label DLG_AudioAdv_AudioLatencyHigh="Goed (veel vertraging)"/>
	<label DLG_AudioAdv_SilenceSuppression="Stilte onderdrukken"/>
	<label DLG_AudioAdv_SsDisabled="Uitgeschakeld (niet aanbevolen)"/>
	<label DLG_AudioAdv_NoiseSuppression="Ruisonderdrukking"/>
	<label DLG_AudioAdv_Aggressiveness="Agressieniveaus"/>
	<label DLG_AudioAdv_AggressivenessLeast="Minst"/>
	<label DLG_AudioAdv_AggressivenessMedium="Normaal"/>
	<label DLG_AudioAdv_AggressivenessMost="Meest"/>
	<label DLG_AudioAdv_AggressivenessLow="Laag"/>
	<label DLG_AudioAdv_AggressivenessModerate="Gemiddeld"/>
	<label DLG_AudioAdv_AggressivenessHigh="Hoog"/>
	<label DLG_AudioAdv_AggressivenessVeryHigh="Zeer hoog"/>

	<label DLG_AudioAdv_AGC="Automatische versterkingsregeling"/>
	<label DLG_AudioAdv_EC="Echo-opheffing"/>
	<label DLG_AudioAdv_Enabled="Ingeschakeld"/>
	<label DLG_AudioAdv_Disabled="Uitgeschakeld"/>
	<label DLG_AudioAdv_Auto="Automatisch"/>
	<label DLG_AudioAdv_Analog="Analoog"/>
	<label DLG_AudioAdv_Digital="Digitaal"/>
	<label DLG_AudioAdv_Both="Beide"/>
	<label DLG_AudioAdv_Cancellation="Annulering"/>
	<label DLG_AudioAdv_Suppression="Onderdrukking"/>
	<label DLG_AudioAdv_UseInput="Invoerwaarde gebruiken"/>

	<label DLG_NWA="Audio-instellingen netwerk"/>
	<label DLG_NWA_AudioIP="IP-adres audio"/>
	<label DLG_NWA_AutoDetectIP="Automatisch opsporen"/>
	<label DLG_NWA_SelectInterface="Gebruik adres van deze adapter:"/>
	<label DLG_NWA_UseThisIP="Gebruik dit adres:"/>
	<label DLG_NWA_PortRange="Poortbereik audio"/>
	<label DLG_NWA_AutoSelectPort="Standaardpoortbereik gebruiken"/>
	<label DLG_NWA_SpecifyPort="Gebruik dit poortbereik:"/>
	<label DLG_NWA_PortFrom="Van:"/>
	<label DLG_NWA_PortTo="Tot:"/>

	<label DLG_USR_usrInfo="Gebruikersinformatie"/>
	<label DLG_USR_usrID="Gebruikersnaam:"/>
	<label DLG_USR_password="Wachtwoord:"/>
	<label DLG_USR_usrInput="Gebruikersinvoer"/>
	<label DLG_USR_usbHandset="USB-hoorn:"/>
	<label DLG_USR_trace="Problemen oplossen"/>
	<label DLG_USR_traceEnable="Logboeken inschakelen"/>
	<label DLG_USR_CloseHidesApp="Verbergt huidige toepassing"/>
	<label DLG_USR_BringToFront="Op voorgrond plaatsen bij actief gesprek"/>
	<label DLG_USR_DisableToast="Melding binnenkomend gesprek verbergen"/>
	<label DLG_USR_EnableAnswerHotkey="Antwoordsneltoets inschakelen"/>
	<label DLG_USR_UserOptionsGroup="Adres van pagina met gebruikersopties in Cisco Unified CM"/>
	<label DLG_USR_AutoUserOptions="Standaardinstelling gebruiken (TFTP-server)"/>
	<label DLG_USR_SpecifyUserOptions="Specifieke URL gebruiken"/>

	<label SKINS_Main_MessageWaiting="Wachtend bericht"/>
	<label SKINS_ButtonSets_Close="Sluiten"/>
	<label SKINS_ButtonSets_Minimize="Minimaliseren"/>
	<label SKINS_ButtonSets_Mode="Modus"/>
	<label SKINS_ButtonSets_Menu="Menu"/>
	<label SKINS_lines_Line1="Lijn 1"/>
	<label SKINS_lines_Line2="Lijn 2"/>
	<label SKINS_lines_Line3="Lijn 3"/>
	<label SKINS_lines_Line4="Lijn 4"/>
	<label SKINS_lines_Line5="Lijn 5"/>
	<label SKINS_lines_Line6="Lijn 6"/>
	<label SKINS_lines_Line7="Lijn 7"/>
	<label SKINS_lines_Line8="Lijn 8"/>
	<label SKINS_keypad_One="Eén"/>
	<label SKINS_keypad_Two="Twee"/>
	<label SKINS_keypad_Three="Drie"/>
	<label SKINS_keypad_Four="Vier"/>
	<label SKINS_keypad_Five="Vijf"/>
	<label SKINS_keypad_Six="Zes"/>
	<label SKINS_keypad_Seven="Zeven"/>
	<label SKINS_keypad_Eight="Acht"/>
	<label SKINS_keypad_Nine="Negen"/>
	<label SKINS_keypad_Star="Ster"/>
	<label SKINS_keypad_Zero="Nul"/>
	<label SKINS_keypad_Pound="Pond"/>
	<label SKINS_softkeys_Softkey1="Functietoets 1"/>
	<label SKINS_softkeys_Softkey2="Functietoets 2"/>
	<label SKINS_softkeys_Softkey3="Functietoets 3"/>
	<label SKINS_softkeys_Softkey4="Functietoets 4"/>
	<label SKINS_softkeys_Softkey5="Functietoets 5"/>
	<label SKINS_features_Messages="Berichten"/>
	<label SKINS_features_Services="Services"/>
	<label SKINS_features_Settings="Instellingen"/>
	<label SKINS_features_Directories="Telefoonlijsten"/>
	<label SKINS_features_Information="Help"/>
	<label SKINS_controls_Headset="Headset"/>
	<label SKINS_controls_Mute="Dempen"/>
	<label SKINS_controls_Speaker="Luidsprekers"/>
	<label SKINS_controls_VolumeDown="Volume zachter"/>
	<label SKINS_controls_VolumeUp="Volume harder"/>
	<label SKINS_navigation_Navigation="Navigatie"/>
	<label SKINS_navigation_Up="Omhoog"/>
	<label SKINS_navigation_Down="Omlaag"/>
	<label SKINS_navigation_Left="Links"/>
	<label SKINS_navigation_Right="Rechts"/>

	<label DLG_AUDIO_LatencyOptimization="Wachttijd optimaliseren"/>
	<label DLG_AUDIO_LowDelay="Korte vertraging"/>
	<label DLG_AUDIO_MediumDelay="Gemiddelde vertraging"/>
	<label DLG_AUDIO_HighDelay="Lange vertraging"/>
	<label DLG_AUDIO_VeryHighDelay="Zeer lange vertraging"/>
	<label DLG_AUDIO_LowestLatency="Kortste wachttijd"/>
	<label DLG_AUDIO_HighestLatency="Langste wachttijd"/>
	<label DLG_AUDIO_Default="Standaardinstelling"/>
	<label DLG_AUDIO_Recommended="U kunt het beste eerst de laagste instelling proberen en indien nodig verdergaan met de volgende."/>
	<label DLG_AUDIO_Speaker="Luidsprekers"/>	
	<label DLG_AUDIO_Mic="Microfoons"/>
	<label DLG_AUDIO_SpeakerBuffer="Nummer van luidsprekerbuffer"/>
	<label DLG_AUDIO_MicBuffer="Nummer van microfoonbuffer"/>

	<label DLG_TRACE_Tracing="Traceren"/>
	<label DLG_TRACE_GUI="GUI"/>
	<label DLG_TRACE_CallControl="Gespreksbeheer"/>
	<label DLG_TRACE_Media="Audio"/>
	<label DLG_TRACE_CDP="CDP"/>
	<label DLG_TRACE_ATW="Wizard Audio afstemmen"/>
	<label DLG_TRACE_R2d="Telefoonscherm inschakelen"/>
	<label DLG_TRACE_Levels="Traceerniveaus"/>
	<label DLG_TRACE_Errors="Fouten"/>
	<label DLG_TRACE_Detailed="Gedetailleerd"/>
	<label DLG_TRACE_Low="Laag"/>
	<label DLG_TRACE_Med="Normaal"/>
	<label DLG_TRACE_High="Hoog"/>
	<label DLG_TRACE_All="Alles"/>

	<label DLG_L10N_Language="Taal"/>
	<label DLG_L10N_Locale="Landinstelling"/>

	<label ChangeInterfaceWarningText="Als u een andere netwerkinterface kiest, werkt Cisco IP Communicator misschien niet meer. Raadpleeg de systeembeheerder voordat u deze parameter wijzigt."/>
	<label ChangeInterfaceWarningCaption="Waarschuwing"/>

	<label ChangeProtocolWarningText="Gesprekscontroleprotocol voor dit apparaat is gewijzigd. Klik op 'OK' om Cisco IP Communicator opnieuw op te starten."/>
	<label JPhoneStartupErrorText="Cisco IP Communicator kan telefoontoepassing niet initialiseren en wordt nu afgesloten. Wilt u Cisco IP Communicator opnieuw opstarten?"/>
	<label AutoUpdateNeedUpdatesText="Updates beschikbaar voor Cisco IP Communicator. Toepassing moet worden afgesloten tijdens het bijwerken. Wilt u doorgaan met bijwerken?"/>

	<label CheckingLocaleUpdates="Er wordt gecontroleerd op wijzigingen van de landinstelling..."/>

<!-- ETOUCH -->
	<label Paste="Plakken"/>
	<label AnswerCall="Beantwoorden"/>
	<label IgnoreCall="Negeren"/>
	<label UnknownCaller="Onbekend"/>
<!-- ETOUCH -->
	<SkinLocMap>
		<entry file="Default" name="Standaardmodus" />
		<entry file="Mercurio" name="Compacte modus" />
	</SkinLocMap>

</CommunicatorStrings>