<?xml version="1.0" encoding="UTF-8"?>
<TuningWizardStrings>
	<label rtlFlag="1"/>
        <label discardChanges= "האם אתם בטוחים שברצונכם לצאת כעת ולאבד את כל השינויים?"/>

        <label noPlay        = "אשף כוונון השמע לא יכול להגדיר התקן זה להשמעת קול. ייתכן ש-Cisco IP Communicator אינו מתפקד כראוי עם התקן זה."/>

        <label unmute        = "עוצמת הקול של %s הושתקה, אך אשף כוונון השמע פתר את הבעיה. אם בכל זאת אינכם מצליחים להפעיל את הקול לדוגמה, ייתכן ש-Cisco IP Communicator אינו מתפקד כראוי עם התקן זה."/>

        <label noMicInput    = "אשף כוונון השמע לא יכול להגדיר את %s להקלטת קול. ייתכן ש-Cisco IP Communicator אינו מתפקד כראוי עם התקן זה."/>

        <label setMicInput   = "%s לא הוגדר להקלטת קול מהמיקרופון, אך אשף כוונון השמע פתר את הבעיה. אם בכל זאת אינכם מצליחים להקליט קול, ייתכן ש-Cisco IP Communicator אינו מתפקד כראוי עם התקן זה."/>

        <label unmuteMic     = "המיקרופון של %s הושתק, אך אשף כוונון השמע פתר את הבעיה. אם בכל זאת אינכם מצליחים להקליט קול, ייתכן ש-Cisco IP Communicator אינו מתפקד כראוי עם התקן זה."/>

        <label MicInUse      = "לא ניתן לנטר את המיקרופון. בדקו את הפרטים הבאים: (1) קיימת שיחה פעילה (2) יישום אחר משתמש במיקרופון (3) המיקרופון מושתק"/>

        <label troubleshootmenu1    = "ההגדרות ופרטי השגיאות של אשף כוונון השמע נשמרו ב-%s"/>
        <label troubleshootmenu3    = "האם ברצונכם להפעיל את כלי דיווח הבעיות Cisco Unified Problem Reporting Tool כעת?"/>

        <label missingdevice1    = "%s חסר או אינו מחובר כראוי. חברו אותו מחדש ובחרו 'אישור'."/>
        <label missingdevice3    = "כדי לבחור התקן אחר באמצעות אשף כוונון השמע, בחרו 'ביטול'."/>
	<label noSoundDevices    = "אין התקני קול תואמים המותקנים במחשב זה. לחצו על 'אישור' כדי לצאת."/> 
	<label devicesNotTuned = "אם לא תכווננו את התקני הקול, ייתכן שהקול לא יפעל כראוי ב-Communicator. האם אתם בטוחים שברצונכם לבטל?"/> 
	
        <label copyright     = "Copyright © 2004-2011 Cisco Systems, Inc. כל הזכויות שמורות."/>

	<label title	     = "אשף כוונון השמע"/>
        <label test          = "בדוק"/>
        <label play          = "השמע"/>
        <label stop          = "עצור"/>

        <label page1title    = "אשף כוונון השמע - בחירת התקני שמע"/>
	<label headset       = "אוזניות:"/>
	<label speakerphone  = "טלפון עם רמקול:"/>
	<label ringer        = "צלצול:"/>
	<label handset       = "שפופרת:"/>

        <label page2title          = "אשף כוונון השמע - כוונון עוצמת ההאזנה עבור %s"/>
	<label page2playbackdevice = "התקן הפעלה:"/>	
        <label page2wavevolume     = "עוצמת קול של גל:"/>
        <label page2mastervolume   = "עוצמת קול של מאסטר:"/>
	<label page2enabled        = "מופעל"/>

        <label page3title          = "אשף כוונון השמע - כוונון עוצמת המיקרופון עבור %s"/>
        <label page3device         = "התקן הקלטה:"/>
        <label page3finegain       = "עוצמת קול של איכות:"/>
        <label page3coarsegain     = "עוצמת קול של מאסטר:"/>
        <label page3enable         = "הפעל"/>
        <label page3highgain       = "הגברת מיקרופון"/>
        <label page3playback       = "שידור"/>
        <label page4title    = "אשף כוונון השמע - בדיקת הערכת איכות של AEC עבור %s"/>

        <label checktitle    = "אשף כוונון השמע - בדיקת הגדרות שמע"/>
        <label checkdisable  = "אל תשאל אותי שוב"/>
        <label revert        = "השב"/>
        <label tune          = "כוונן"/>
	<label skip	     = "דלג"/>

        <label yes           = "כן"/>
        <label no            = "לא"/>
        <label ok            = "אישור"/>
        <label cancel        = "ביטול"/>
        <label back          = "אחורה"/>
        <label next          = "הבא"/>
        <label finish        = "סיום"/>
	  <label Help        = "עזרה"/>
        <label Troubleshooting        = "פרטי פתרון בעיות..."/>
        <label About        = "אודות אשף כוונון השמע..."/>
	<label UseDefaultDevices 	= "השתמשו בהתקני ברירת מחדל של Windows"/>
        <label errOpenSoundCard		= "לא ניתן להחליף את התקן השמע ל- "/>
        
        <label AboutTitle		= "אודות אשף כוונון השמע"/>
        <label Move		= "העבר"/>
        <label Close		= "סגור"/>
        <label AlreadyRunning		= "אשף כוונון שמע נוסף מופעל כעת!"/>
        <label FileOpenFailure		= "‏‏פתיחת %s נכשלה"/>
        <label MicInError		= "שגיאה: קלט המיקרופון נמצא מחוץ לטווח"/>


	<label checksettingshelp = "{\rtf1\fbidis\ansi\ansicpg1255\deff0\deflang1033\deflangfe1033{\fonttbl{\f0\fswiss\fprq2\fcharset177 Arial;}{\f1\fswiss\fprq2\fcharset0 Arial;}{\f2\froman\fprq2\fcharset2 Symbol;}}
{\*\generator Msftedit 5.41.15.1507;}\viewkind4\uc1\pard\rtlpar\sa200\sl276\slmult1\qr\lang1037\f0\rtlch\fs20\'e4\'e2\'e3\'f8\'e5\'fa \'e4\'f9\'ee\'f2 \'e1\'ee\'e7\'f9\'e1 \'e4\'f9\'fa\'f0\'e5 \'ee\'e0\'e6 \'f9\'e4\'e2\'e3\'f8\'fa\'ed \'e0\'e5\'fa\'ef \'f2\'e1\'e5\'f8 \lang1033\f1\ltrch Cisco IP Communicator\lang1037\f0\rtlch .\lang1033\f1\ltrch\par
\lang1037\f0\rtlch\'e1\'e7\'f8\'e5:\lang1033\f1\ltrch\par
\f2\fs18\'b7  \lang1037\f0\rtlch\fs20 '\'e7\'e6\'e5\'f8' \'eb\'e3\'e9 \'ec\'f9\'f0\'e5\'fa \'e0\'fa \'e4\'e2\'e3\'f8\'e5\'fa \'e4\'f9\'ee\'f2 \'e1\'e7\'e6\'f8\'e4 \'ec\'e0\'e5\'f4\'ef\lang1033\f1\ltrch\par
\lang1037\f0\rtlch\'f9\'eb\'e5\'e5\'f0\'f0\'fa\'ed \'e0\'e5\'fa\'ef \'e1\'ee\'f7\'e5\'f8\lang1033\f1\ltrch\par
\f2\fs18\'b7  \lang1037\f0\rtlch\fs20 '\'eb\'e5\'e5\'f0\'ef' \'eb\'e3\'e9 \'ec\'e4\'f6\'e9\'e2 \'e0\'e5 \'ec\'f9\'f0\'e5\'fa \'e0\'fa \'e4\'e2\'e3\'f8\'e5\'fa \'e4\'f9\'ee\'f2 \'e4\'f0\'e5\'eb\'e7\'e9\'e5\'fa\lang1033\f1\ltrch\par
\f2\fs18\'b7  \lang1037\f0\rtlch\fs20 '\'e3\'ec\'e2' \'eb\'e3\'e9 \'ec\'e4\'ee\'f9\'e9\'ea \'f2\'ed \'e4\'e2\'e3\'f8\'e5\'fa \'e4\'f9\'ee\'f2 \'e4\'f0\'e5\'eb\'e7\'e9\'e5\'fa\lang1033\f1\ltrch\par
}
"/>

	<label checknewdevicehelp = "{\rtf1\fbidis\ansi\ansicpg1255\deff0\deflang1033\deflangfe1033{\fonttbl{\f0\fswiss\fprq2\fcharset177 Arial;}{\f1\fswiss\fprq2\fcharset0 Arial;}{\f2\froman\fprq2\fcharset2 Symbol;}}
{\*\generator Msftedit 5.41.15.1507;}\viewkind4\uc1\pard\rtlpar\sa200\sl276\slmult1\qr\lang1037\f0\rtlch\fs20\'e7\'ec\'f7 \'ee\'e4\'fa\'f7\'f0\'e9 \'e4\'f9\'ee\'f2 \'f9\'e1\'e7\'f8\'fa\'ed \'ee\'f2\'e5\'ec\'ed \'ec\'e0 \'e4\'e5\'e2\'e3\'f8\'e5 \'ec\'f9\'e9\'ee\'e5\'f9 \'f2\'ed \lang1033\f1\ltrch Cisco IP Communicator\lang1037\f0\rtlch .\lang1033\f1\ltrch  \lang1037\f0\rtlch\'e1\'e7\'f8\'e5:\lang1033\f1\ltrch\par
\f2\fs18\'b7  \lang1037\f0\rtlch\fs20 '\'eb\'e5\'e5\'f0\'ef' \'eb\'e3\'e9 \'ec\'e4\'e2\'e3\'e9\'f8 \'e0\'fa \'e4\'e4\'fa\'f7\'f0\'e9\'ed \'e0\'e5 \'eb\'e3\'e9 \'ec\'e1\'e7\'e5\'f8 \'e4\'fa\'f7\'f0\'e9\'ed \'e7\'e3\'f9\'e9\'ed\lang1033\f1\ltrch\par
\f2\fs18\'b7  \lang1037\f0\rtlch\fs20 '\'e1\'e9\'e8\'e5\'ec' \'eb\'e3\'e9 \'ec\'e4\'ee\'f9\'e9\'ea \'f2\'ed \'e4\'e2\'e3\'f8\'e5\'fa \'e4\'f9\'ee\'f2 \'e4\'f0\'e5\'eb\'e7\'e9\'e5\'fa\lang1033\f1\ltrch\par
}
"/>

	<label page0help = "{\rtf1\fbidis\ansi\ansicpg1255\deff0\deflang1033\deflangfe1033{\fonttbl{\f0\fswiss\fprq2\fcharset177 Arial;}{\f1\fswiss\fprq2\fcharset0 Arial;}}
{\*\generator Msftedit 5.41.15.1507;}\viewkind4\uc1\pard\rtlpar\sa200\sl276\slmult1\qr\lang1037\b\i\f0\rtlch\fs22\'e1\'e7\'e9\'f8\'e4 \'e5\'eb\'e5\'e5\'f0\'e5\'ef \'f9\'ec \'e4\'fa\'f7\'f0\'e9 \'f9\'ee\'f2\lang1033\b0\i0\f1\ltrch\fs20\par
\lang1037\f0\rtlch\'ec\'f4\'f0\'e9 \'f9\'fa\'fa\'e7\'e9\'ec\'e5:\lang1033\f1\ltrch\par
\lang1037\f0\rtlch\'f1\'e2\'f8\'e5 \'e0\'fa \'eb\'ec \'e4\'fa\'e5\'eb\'f0\'e9\'e5\'fa \'e4\'e0\'e7\'f8\'e5\'fa \'f9\'ee\'f9\'ee\'e9\'f2\'e5\'fa \'e0\'e5 \'ee\'f7\'ec\'e9\'e8\'e5\'fa \'f7\'e5\'ec \'eb\'e2\'e5\'ef \lang1033\f1\ltrch Microsoft Sound Recorder\lang1037\f0\rtlch .\lang1033\f1\ltrch\par
\lang1037\f0\rtlch\'e5\'e3\'e0\'e5 \'f9\'e4\'fa\'f7\'f0\'e9 \'e4\'f9\'ee\'f2 (\'e0\'e5\'e6\'f0\'e9\'e5\'fa, \'f8\'ee\'f7\'e5\'ec\'e9\'ed, \'ee\'e9\'f7\'f8\'e5\'f4\'e5\'ef \'e5\'f9\'f4\'e5\'f4\'f8\'fa) \'f9\'e1\'e4\'ed \'e1\'f8\'f6\'e5\'f0\'eb\'ed \'ec\'e4\'f9\'fa\'ee\'f9 \'ee\'e7\'e5\'e1\'f8\'e9\'ed \'e5\'ee\'e5\'f4\'f2\'ec\'e9\'ed.\lang1033\f1\ltrch\par
\lang1037\f0\rtlch\'e0\'ed \'e0\'fa\'ed \'ee\'f9\'fa\'ee\'f9\'e9\'ed \'e1\'e0\'e5\'e6\'f0\'e9\'e5\'fa, \'ee\'f7\'ee\'e5 \'e0\'fa \'e4\'ee\'e9\'f7\'f8\'e5\'f4\'e5\'ef \'e4\'ee\'f9\'e5\'ec\'e1 \'f7\'f8\'e5\'e1 \'ec\'f4\'e4, \'e1\'e4\'fa\'e0\'ed \'ec\'e4\'ee\'ec\'f6\'e5\'fa \'e4\'e9\'f6\'f8\'ef.\lang1033\f1\ltrch\par
\lang1037\f0\rtlch\'eb\'e3\'e9 \'ec\'e4\'ee\'f9\'e9\'ea, \'e1\'e7\'f8\'e5 '\'e4\'e1\'e0'.\lang1033\f1\ltrch\par
}
"/>

	<label page1help = "{\rtf1\fbidis\ansi\ansicpg1255\deff0\deflang1033\deflangfe1033{\fonttbl{\f0\fswiss\fprq2\fcharset177 Arial;}{\f1\fswiss\fprq2\fcharset0 Arial;}}
{\*\generator Msftedit 5.41.15.1507;}\viewkind4\uc1\pard\rtlpar\sa200\sl276\slmult1\qr\lang1037\b\i\f0\rtlch\fs22\'e1\'e7\'e9\'f8\'fa \'e4\'fa\'f7\'f0\'e9 \'f9\'ee\'f2\lang1033\b0\i0\f1\ltrch\fs20\par
\lang1037\f0\rtlch\'f2\'e1\'e5\'f8 \'eb\'ec \'ee\'f6\'e1 \'f9\'ee\'f2, \'f2\'ec\'e9\'eb\'ed \'ec\'e1\'e7\'e5\'f8 \'e0\'fa \'e4\'e4\'fa\'f7\'ef \'f9\'e1\'e5 \'e1\'f8\'f6\'e5\'f0\'eb\'ed \'f9-\lang1033\f1\ltrch Communicator\lang1037\f0\rtlch  \'e9\'f9\'fa\'ee\'f9.\lang1033\f1\ltrch  \lang1037\f0\rtlch\'e0\'ed \'e0\'fa\'ed \'e6\'f7\'e5\'f7\'e9\'ed \'ec\'f2\'e6\'f8\'e4 \'e1\'e4\'e1\'f0\'fa \'e4\'fa\'f7\'f0\'e9\'ed \'e5\'ee\'f6\'e1\'e9\'ed \'f9\'ec \'f9\'ee\'f2, \'f2\'e9\'e9\'f0\'e5 \'e1\'ee\'e3\'f8\'e9\'ea \'ec\'ee\'f9\'fa\'ee\'f9.\lang1033\f1\ltrch\par
}
"/>

	<label page2help = "{\rtf1\fbidis\ansi\ansicpg1255\deff0\deflang1033\deflangfe1033{\fonttbl{\f0\fswiss\fprq2\fcharset177 Arial;}{\f1\fswiss\fprq2\fcharset0 Calibri;}{\f2\fswiss\fprq2\fcharset0 Arial;}}
{\*\generator Msftedit 5.41.15.1507;}\viewkind4\uc1\pard\rtlpar\sa200\sl276\slmult1\qr\lang1037\b\i\f0\rtlch\fs22\'eb\'e5\'e5\'f0\'e5\'ef \'f2\'e5\'f6\'ee\'fa \'e4\'e4\'e0\'e6\'f0\'e4\lang1033\b0\i0\f1\ltrch\fs20\par
\lang1037\f0\rtlch\'e5\'e3\'e0\'e5 \'f9\'e0\'fa\'ed \'ee\'e0\'e6\'e9\'f0\'e9\'ed \'ec\'e4\'fa\'f7\'ef \'e4\'e4\'f9\'ee\'f2\'e4 \'f9\'ec\'e4\'ec\'ef.\lang1033\f1\ltrch  \lang1037\f0\rtlch\'e0\'ed \'e4\'e4\'fa\'f7\'ef \'eb\'e5\'ec\'ec \'f4\'f7\'e3\'e9\'ed \'e7\'e9\'f6\'e5\'f0\'e9\'e9\'ed \'f9\'ec \'f2\'e5\'f6\'ee\'fa \'f7\'e5\'ec, \'e4\'e2\'e1\'e9\'f8\'e5 \'e0\'e5\'fa\'ed \'ec\'f2\'f8\'eb\'e9\'ed \'e4\'ee\'f8\'e1\'e9\'e9\'ed \'ec\'f4\'f0\'e9 \'e4\'eb\'e5\'e5\'f0\'e5\'ef.\lang1033\f2\ltrch  \lang1037\f0\rtlch\'ec\'e7\'f6\'e5 \'f2\'ec \'ec\'e7\'f6\'ef '\'e4\'f4\'f2\'ec' \'e5\'ec\'e0\'e7\'f8 \'ee\'eb\'ef \'eb\'e5\'e5\'f0\'f0\'e5 \'e0\'fa \'ee\'e7\'e5\'e5\'f0\'e9 \'f2\'e5\'f6\'ee\'fa \'e4\'f7\'e5\'ec \'f2\'e3 \'f9\'e4\'f6\'ec\'e9\'ec\'e9\'ed \'ec\'e3\'e5\'e2\'ee\'e4 \'e9\'e5\'f9\'ee\'f2\'e5 \'e1\'f8\'ee\'e4 \'f0\'e5\'e7\'e4 \'ec\'e0\'e5\'e6\'ef.\lang1033\f1\ltrch  \lang1037\f0\rtlch\'e0\'ed \'ee\'e5\'f6\'e2\'e9\'ed \'ee\'e7\'e5\'e5\'f0\'e9\'ed \'ee\'f1\'e5\'e2 \'ee\'e0\'f1\'e8\'f8 \'e5\'e2\'ec, \'f0\'f1\'e5 \'ec\'e4\'e2\'e3\'e9\'f8 \'e0\'fa \'ee\'e7\'e5\'e5\'ef \'e2\'ec \'ec-\rtlmark 75% \'e5\'ec\'e0\'e7\'f8 \'ee\'eb\'ef \'ec\'eb\'e5\'e5\'f0\'ef \'e0\'fa \'ee\'e7\'e5\'e5\'ef \'e4\'ee\'e0\'f1\'e8\'f8 \'ec\'f8\'ee\'e4 \'f0\'e5\'e7\'e4 \'ec\'e0\'e5\'e6\'ef.\lang1033\f1\ltrch\par
}
"/>

	<label page3help = "{\rtf1\fbidis\ansi\ansicpg1255\deff0\deflang1033\deflangfe1033{\fonttbl{\f0\fswiss\fprq2\fcharset177 Arial;}{\f1\fswiss\fprq2\fcharset0 Calibri;}{\f2\fswiss\fprq2\fcharset0 Arial;}}
{\*\generator Msftedit 5.41.15.1507;}\viewkind4\uc1\pard\rtlpar\sa200\sl276\slmult1\qr\lang1037\b\i\f0\rtlch\fs22\'eb\'e5\'e5\'f0\'e5\'ef \'f2\'e5\'f6\'ee\'fa \'e4\'ee\'e9\'f7\'f8\'e5\'f4\'e5\'ef\lang1033\b0\i0\f1\ltrch\fs20\par
\lang1037\f0\rtlch\'e5\'e3\'e0\'e5 \'f9\'e0\'fa\'ed \'ee\'e3\'e1\'f8\'e9\'ed \'ec\'fa\'e5\'ea \'e4\'fa\'f7\'ef \'e4\'e4\'f7\'ec\'e8\'e4 \'f9\'ec\'e4\'ec\'ef.\lang1033\f1\ltrch  \lang1037\f0\rtlch\'ec\'e7\'f6\'e5 \'f2\'ec \'ec\'e7\'f6\'ef '\'e1\'e3\'e5\'f7' \'e5\'f7\'f8\'e0\'e5 \'e4\'e5\'e3\'f2\'e4 \'e6\'e5 \'e1\'f2\'e5\'f6\'ee\'fa \'e4\'f7\'e5\'ec \'e4\'f8\'e2\'e9\'ec\'e4 \'f9\'e1\'e4 \'e4\'e9\'e9\'fa\'ed \'ee\'f9\'fa\'ee\'f9\'e9\'ed \'e1\'f9\'e9\'e7\'fa \'e8\'ec\'f4\'e5\'ef.\lang1033\f1\ltrch  \lang1037\f0\rtlch\'eb\'e5\'e5\'f0\'f0\'e5 \'e0\'fa \'ee\'e7\'e5\'e5\'f0\'e9 \'f2\'e5\'f6\'ee\'fa \'e4\'f7\'e5\'ec \'f2\'e3 \'f9\'e4\'ee\'e3 \'ee\'e2\'e9\'f2 \'ec\'f9\'e9\'e0 \'e1\'ee\'f7\'e8\'f2 \'e4\'f6\'e4\'e5\'e1 \'e4\'e2\'e1\'e5\'e4 \'e1\'e9\'e5\'fa\'f8.\lang1033\f1\ltrch  \lang1037\f0\rtlch\'e0\'ed \'ee\'e5\'f6\'e2\'e9\'ed \'ee\'e7\'e5\'e5\'f0\'e9\'ed \'ee\'f1\'e5\'e2 \'ee\'e0\'f1\'e8\'f8 \'e5\'e0\'e9\'eb\'e5\'fa, \'f0\'f1\'e5 \'ec\'e4\'e2\'e3\'e9\'f8 \'e0\'fa \'ee\'e7\'e5\'e5\'ef \'e4\'ee\'e0\'f1\'e8\'f8 \'ec-\rtlmark 75% \'e5\'ec\'e0\'e7\'f8 \'ee\'eb\'ef \'ec\'eb\'e5\'e5\'f0\'ef \'e0\'fa \'ee\'e7\'e5\'e5\'ef \'e4\'e0\'e9\'eb\'e5\'fa \'ec\'f8\'ee\'e4 \'f0\'e5\'e7\'e4 \'ec\'e0\'e5\'e6\'ef.\lang1033\f2\ltrch  \lang1037\f0\rtlch\'e0\'ed \'e4\'ee\'e3 \'e0\'e9\'f0\'e5 \'f2\'e5\'e1\'f8 \'e0\'fa \'e4\'ee\'f7\'e8\'f2\'e9\'ed \'e4\'e9\'f8\'e5\'f7\'e9\'ed \'e2\'ed \'eb\'e0\'f9\'f8 \'ee\'e7\'e5\'e5\'f0\'e9 \'f2\'e5\'f6\'ee\'fa \'e4\'f7\'e5\'ec \'ee\'e5\'e2\'e3\'f8\'e9\'ed \'ec\'f8\'ee\'e5\'fa \'e4\'e2\'e1\'e5\'e4\'e5\'fa \'e1\'e9\'e5\'fa\'f8, \'e4\'f4\'f2\'e9\'ec\'e5 '\'e0\'fa\'e7\'e5\'ec \'ee\'e9\'f7\'f8\'e5\'f4\'e5\'ef' \'e0\'ed \'e4\'e0\'f4\'f9\'f8\'e5\'fa \'e6\'ee\'e9\'f0\'e4.\lang1033\f1\ltrch\par
}
"/>

	<label page99help = "{\rtf1\fbidis\ansi\ansicpg1255\deff0\deflang1033\deflangfe1033{\fonttbl{\f0\fswiss\fprq2\fcharset177 Arial;}{\f1\fswiss\fprq2\fcharset0 Arial;}{\f2\froman\fprq2\fcharset2 Symbol;}}
{\*\generator Msftedit 5.41.15.1507;}\viewkind4\uc1\pard\rtlpar\sa200\sl276\slmult1\qr\lang1037\b\f0\rtlch\fs22\'e4\'f9\'ec\'ee\'fa \'e0\'fa \'e0\'f9\'f3 \'eb\'e5\'e5\'f0\'e5\'ef \'e4\'f9\'ee\'f2\lang1033\b0\f1\ltrch\fs20\par
\lang1037\f0\rtlch\'e4\'f4\'f2\'e9\'ec\'e5 \'e0\'f9\'f3 \'e6\'e4 \'f9\'e5\'e1 \'e0\'ed:\lang1033\f1\ltrch\par
\f2\fs18\'b7\tab\lang1037\f0\rtlch\fs20\'e0\'fa\'ed \'ee\'e7\'e1\'f8\'e9\'ed \'e4\'fa\'f7\'ef \'e7\'e3\'f9\lang1033\f1\ltrch\par
\f2\fs18\'b7\tab\lang1037\f0\rtlch\fs20\'f0\'fa\'f7\'ec\'fa\'ed \'e1\'e1\'f2\'e9\'e5\'fa \'e1\'e0\'e9\'eb\'e5\'fa \'e4\'f9\'ee\'f2 \'e1\'e4\'fa\'f7\'f0\'e9 \'e4\'f9\'ee\'f2 \'f9\'e1\'f8\'f9\'e5\'fa\'eb\'ed\lang1033\f1\ltrch\par
\f2\fs18\'b7\tab\lang1037\f0\rtlch\fs20\'f9\'e9\'f0\'e9\'fa\'ed \'e0\'fa \'e4\'e2\'e3\'f8\'e5\'fa \'e4\'f9\'ee\'f2 \'e1\'fa\'e5\'eb\'f0\'e9\'fa \'e0\'e7\'f8\'fa \'eb\'e2\'e5\'ef \'e1\'ec\'e5\'e7 \'e4\'e1\'f7\'f8\'e4 \'f9\'ec \'e4\'f7\'e5\'ec \'e5\'e4\'ee\'e5\'ec\'e8\'e9\'ee\'e3\'e9\'e4\lang1033\f1\ltrch\par
\lang1037\f0\rtlch\'e9\'e9\'fa\'eb\'ef \'f9\'e4\'e0\'f9\'f3 \'e9\'e5\'f4\'e9\'f2 \'ee\'e7\'e3\'f9 \'e1\'e0\'e5\'f4\'ef \'e0\'e5\'e8\'e5\'ee\'e8\'e9 \'e1\'f2\'fa \'e4\'f4\'f2\'ec\'fa \lang1033\f1\ltrch Cisco IP Communicator\lang1037\f0\rtlch  \'e0\'ed \'f9\'e9\'f0\'e9\'fa\'ed \'e4\'e2\'e3\'f8\'fa \'f9\'ee\'f2 \'eb\'ec\'f9\'e4\'e9 \'ee\'e7\'e5\'f5 \'ec\'e0\'f9\'f3.\lang1033\f1\ltrch  \lang1037\f0\rtlch\'e9\'f9 \'ec\'e1\'e7\'e5\'f8 \'e1\'e0\'f4\'f9\'f8\'e5\'fa '\'e7\'e6\'e5\'f8' \'e0\'ec\'e0 \'e0\'ed \'eb\'ef \'e1\'f8\'f6\'e5\'f0\'eb\'ed \'ec\'e1\'f6\'f2 \'f9\'e9\'f0\'e5\'e9\'e9\'ed \'e1\'e4\'e2\'e3\'f8\'e5\'fa \'e4\'f9\'ee\'f2.\lang1033\f1\ltrch\par
\lang1037\f0\rtlch\'eb\'e3\'e9 \'ec\'f1\'e2\'e5\'f8 \'e0\'f9\'f3 \'e6\'e4, \'ec\'e7\'f6\'e5 \'f2\'ec '\'f1\'e9\'e5\'ed'.\lang1033\f1\ltrch\par
}
"/>

</TuningWizardStrings>