﻿<?xml version="1.0"?>

<CommunicatorStrings>
	<label rtlFlag="1"/>
	<label ok			="אישור"/>
	<label cancel		="ביטול"/>
	<label apply		="החל"/>
	<label verify		="אמת"/>
	<label yes			="כן"/>
	<label no			="לא"/>
	<label yesToAll		="כן להכל"/>
	<label noToAll		="לא להכל"/>
	<label abort		="בטל"/>
	<label retry		="נסה שנית"/>
	<label error		="שגיאה"/>
	<label edit			="ערוך"/>
	<label exit			="יציאה"/>
	<label close		="סגור"/>
	<label view			="תצוגה"/>
	<label update		="עדכן"/>
	<label help			="עזרה"/>
	<label about		="אודות"/>
	<label proceed		="המשך"/>
	<label next			="הבא"/>
	<label back			="הקודם"/>
	<label finish		="סיום"/>
	<label accept		="קבל"/>
	<label acceptAll	="קבל הכל"/>
	<label reject		="דחה"/>
	<label rejectAll	="דחה הכל"/>
	<label status		="מצב"/>
	<label cannotProceed="לא ניתן להמשיך"/>
	<label details		="פרטים"/>
	<label viewDetails	="הצג פרטים"/>
	<label consultAdmin	="התייעצו עם מנהלן המערכת"/>
	<label ensureNetwork="ודאו שאתם מחוברים לרשת"/>

	<label title		="Cisco IP Communicator"/>
	<label autoUpdate	="CIPCLocaleDownloader"/>
	<label file			="קובץ"/>
	<label module		="מודול"/>
	<label archive		="ארכיון"/>
	<label downloading	="המערכת מורידה..."/>
	<label installing	="המערכת מתקינה..."/>
	<label extracting	="המערכת מחלצת..."/>
	<label progress		="התקדמות"/>
	<label updateType	="סוג עדכון"/>
	<label recommended	="מומלץ"/>
	<label required		="דרוש"/>

	<label bitsLong			="סיביות"/>
	<label bitsShort		="ס"/>
	<label bytesLong		="בתים"/>
	<label bytesShort		="B"/>
	<label kiloLong			="קילו"/>
	<label kiloShort		="K"/>
	<label kilobytesShort	="KB"/>
	<label kilobytesLong	="קילו-בתים"/>
	<label megaLong			="מגה"/>
	<label megaShort		="M"/>
	<label megabytesShort	="MB"/>
	<label megabytesLong	="מגה-בתים"/>
	<label gigaLong			="ג'יגה"/>
	<label gigaShort		="G"/>
	<label gigabytesShort	="GB"/>
	<label gigabytesLong	="ג'יגה-בתים"/>
	<label teraLong			="טרה"/>
	<label teraShort		="T"/>
	<label terabytesShort	="."/>
	<label terabytesLong	="טרה-בתים"/>

	<label downloadSpeed	="מהירות הורדה"/>
	<label timeRemaining	="זמן שנותר"/>

	<label secondShort		="s"/>
	<label secondLong		="שניה"/>
	<label secondsLong		="שניות"/>
	<label minuteShort		="דקות"/>
	<label minuteLong		="דקה"/>
	<label minutesLong		="דקות"/>
	<label hourShort		="שעות"/>
	<label hoursLong		="שעה"/>
	<label hoursLong		="שעות"/>

	<label unknown					="לא ידוע"/>
	<label overallProgress			="התקדמות כוללת..."/>
	<label gettingManifest			="המערכת מורידה תיאור התקנה..."/>
	<label inspectingInstallation	="המערכת בודקת את ההתקנה הנוכחית..."/>
	<label preparingToInstallFiles	="המערכת מתכוננת להתקנת הקבצים..."/>
	<label doingUpdates				="המערכת מורידה ומתקינה אזורים..."/>
	<label confirmCancel			="האם אתם בטוחים שברצונכם לבטל?"/>

	<label AU_usageString			="USAGE&#13;=======&#13;CIPCLocaleDownloader parameterName1=&lt;parameterValue1&gt; parameterName2=&lt;parameterValue2&gt; ...&#13;&#13;פרמטרים:&#13;יש לציין httpServer/tftpServer, ‏installFolder, ‏manifestFile&#13;פרמטרים אופציונליים הם מצב, waitWindow u-postUpdateScript&#13;הפרמטרים הם תלויי סדר ורישיות&#13;&#13;E.g.&#13;CIPCLocaleDownloader httpServer=http://www.webserver.com/Communicator installFolder=&quot;D:\Program Files\ACME Systems\ACME Studio&quot; mode=install waitWindow=&quot;ACME Studio&quot; postUpdateScript=Notepad.exe"/>
	<label AU_errorTitle			="שגיאת CIPCLocaleDownloader"/>
	<label AU_errorHeading			="אירעה שגיאה"/>
	<label AU_stackTrace			="מעקב ערימות"/>
	<label AU_viewStackTrace		="הצגת מעקב ערימות"/>
	<label AU_autoupdateComponentNotDefined	="שגיאה בקובץ מניפסט אזור של CIPC - רכיב האזור לא הוגדר"/>
	<label AU_closeWindowTitle		="סגרו את כל החלונות עם הכותרת הבאה"/>
	<label AU_endProcesses			="סיימו את התהליכים הבאים לפני שתמשיכו"/>

	<label AU_repairs					="תיקונים"/>
	<label AU_repairsList				="המודולים הבאים מכילים קבצים חסרים או ששונו"/>
	<label AU_requiredUpdates			="עדכונים דרושים"/>
	<label AU_requiredUpdatesList		="המודולים הבאים דורשים עדכונים"/>
	<label AU_recommendedUpdates		="עדכונים מומלצים"/>
	<label AU_recommendedUpdatesList	="המודולים הבאים כוללים עדכונים מומלצים"/>
	<label AU_chooseIndividualUpdates	="החליטו עבור כל מודול"/>
	<label AU_selectUpdate				="האם ברצונכם להחיל עדכונים מומלצים על המודול הבא?"/>
	<label AU_installAny				="האם ברצונכם להתקין עדכון כלשהו מהם?"/>
	<label AU_module					="מודול"/>
	<label AU_downloadSize				="גודל הורדה"/>
	<label AU_wantToDoUpdates			="יש כמה עדכונים זמינים&#13;&#13;האם ברצונכם להוריד ולהתקין אותם כעת?" />

	<label AU_olderVersionInstalled		="גרסת הקובץ המותקן ישנה יותר"/>
	<label AU_newerVersionInstalled		="גרסת הקובץ המותקן חדשה יותר"/>
	<label AU_equalVersionInstalled		="גרסת הקובץ המותקן זהה"/>
	<label AU_checksumMismatch			="Checksum של הקובץ אינו תואם לערך הצפוי"/>
	<label AU_olderFileInstalled		="תאריך השינוי של הקובץ המותקן ישן יותר"/>
	<label AU_newerFileInstalled		="תאריך השינוי של הקובץ המותקן חדש יותר"/>
	<label AU_modifiedDatesMatch		="תאריכי השינוי תואמים"/>
	<label AU_unableToCompareFiles		="לא ניתן להשוות קבצים"/>

	<label AU_Error_tftpHttpNotDefined			="יש לציין tftpServer או httpServer"/>
	<label AU_Error_installFolderNotDefined		="לא צוינה תיקיית התקנה"/>
	<label AU_Error_manifestFileNotDefined		="לא צוין קובץ מניפסט"/>
	<label AU_Error_downloadManifestFailed		="לא ניתן להוריד קובץ מניפסט"/>
	<label AU_Error_invalidUpdateMode			="מצב עדכון לא חוקי. המצבים המותרים הם 'התקנה' ו'שאילתה'"/>
	<label AU_Error_errorInManifest				="קובץ המניפסט פגום"/>
	<label AU_Error_cannotProceed				="CIPCLocaleDownloader לא יכול להמשיך"/>
	<label AU_Error_invalidVersionString		="מחרוזת גרסה לא חוקית"/>
	<label AU_Error_fileNotFound				="הקובץ לא נמצא"/>
	<label AU_Error_unsupportedProtocol			="אין תמיכה בפרוטוקול ההעברה או שהוא אינו חוקי"/>
	<label AU_Error_downloadedFileInvalid		="הקובץ שהורדתם אינו תואם לתיאור"/>
	<label AU_Error_requiredUpdateFailed		="לא ניתן להתקין את העדכונים הדרושים עבור המודול הבא"/>
	<label AU_Error_recommendedUpdateFailed		="לא ניתן להתקין את העדכונים המומלצים עבור המודול הבא"/>
	<label AU_Error_repairFailed				="עדכון המודול הבא נכשל"/>
	<label AU_Error_preinstallFileInstall		="התקנת קובצי קדם ההתקנה נכשלה"/>
	<label AU_Error_postinstallFileInstall		="התקנת הקבצים שלאחר ההתקנה נכשלה"/>
	<label AU_Error_moduleFileInstall			="התקנת קובצי המודול נכשלה"/>
	<label AU_Error_preinstallFileDownload		="הורדת קובצי קדם ההתקנה נכשלה"/>
	<label AU_Error_postinstallFileDownload		="הורדת הקבצים שלאחר ההתקנה נכשלה"/>
	<label AU_Error_moduleFileDownload			="הורדת קובצי המודול נכשלה"/>
	<label AU_Error_preinstallFileInstall		="התקנת קובצי קדם ההתקנה נכשלה"/>
	<label AU_Error_postinstallFileInstall		="התקנת הקבצים שלאחר ההתקנה נכשלה"/>
	<label AU_Error_moduleFileInstall			="התקנת קובצי המודול נכשלה"/>
	<label AU_Error_moduleSettingInstall		="התקנת הגדרות המודול נכשלה"/>
	<label AU_Error_preinstallScript			="סקריפט של קדם התקנה החזיר שגיאה"/>
	<label AU_Error_postinstallScript			="סקריפט שלאחר התקנה החזיר שגיאה"/>
	<label AU_Error_downloadFileError			="לא ניתן להוריד את הקובץ"/>
	<label AU_Error_installFileError			="לא ניתן להתקין את הקובץ"/>
	<label AU_Error_unableToChangeModifiedDate	="לא ניתן לשנות את התאריך של השינוי האחרון"/>
	<label AU_Error_archiveFileMismatch			="הקובץ בארכיון אינו תואם לתיאור"/>
	<label AU_Error_archiveInstall				="לא ניתן להתקין ארכיון"/>
	<label AU_Error_recommendedUpdateFailureList="העדכונים המומלצים הבאים נכשלו"/>
	<label AU_Error_autoUpdateCancelled			="CIPCLocaleDownloader בוטל!"/>

	<label AU_Error_HTTPTimeout					="הזמן שהוקצב ל-HTTP תם"/>
	<label AU_Error_HTTPError					="שגיאת HTTP"/>
	<label AU_Error_HTTPConnectionClosed		="חיבור HTTP נסגר"/>

	<label AU_Error_xmlTagNotFound		="תג XML לא נמצא"/>
	<label AU_Error_xmlDataNotFound		="נתוני XML לא נמצאו"/>
	
	<label AU_Error_failedToInitialize			="לא ניתן לאתחל את CIPCLocaleDownloader"/>
	<label AU_Error_ensureNoOtherApps			="סגרו את כל היישומים האחרים ונסו שוב"/>

</CommunicatorStrings>