﻿<?xml version="1.0"?>

<ErrorReportStrings>
	
	<label ok			="אישור"/>
	<label exit			="יציאה"/>
	<label cancel			="ביטול"/>
	<label errorHeading		="שגיאה"/>
	<label stackTrace		="מעקב ערימות"/>
	<label viewStackTrace		="הצגת מעקב ערימות"/>

	<label name			="שם"/>
	<label extension		="סיומת של Cisco IP Communicator"/>
	<label problemTime		="השעה בה אירעה הבעיה"/>
	<label problemDetails		="פרטי בעיה"/>
	<label specifyAllFields		="ציינו את כל השדות"/>

	<label ERT_usageString			="USAGE&#13;=======&#13;AutoUpdate parameterName1=&lt;parameterValue1&gt; parameterName2=&lt;parameterValue2&gt; ...&#13;&#13;פרמטרים:&#13;יש לציין httpServer/tftpServer,‏ installFolder, ‏manifestFile&#13;פרמטרים אופציונליים הם מצב, waitWindow ו-postUpdateScript&#13;הפרמטרים תלויי סדר ורישיות&#13;&#13;E.g.&#13;AutoUpdate httpServer=http://www.webserver.com/Communicator installFolder=&quot;D:\Program Files\ACME Systems\ACME Studio&quot; mode=install waitWindow=&quot;ACME Studio&quot; postUpdateScript=Notepad.exe"/>
	<label ERT_errorTitle			="כלי לדיווח שגיאות - שגיאה"/>
	<label ERT_endMessage			="הכלי לדיווח שגיאות אסף את המידע הדרוש&#13;המיקום מוצג להלן&#13;יש למחוק קובץ זה כשאין עוד צורך במידע זה"/>
	<label ERT_gatheringSystemInfo		="המערכת אוספת מידע על המערכת..."/>
	<label ERT_gatheringAppConfig		="המערכת אוספת מידע על תצורת היישום..."/>
	<label ERT_gatheringAppLogs		="המערכת אוספת יומני יישום..."/>
	<label ERT_gatheringInstallLogs		="המערכת אוספת יומני התקנה..."/>
	<label ERT_gatheringAutoUpdateLogs	="המערכת אוספת יומני עדכון אוטומטי..."/>
	<label ERT_gatheringCrashDumpLogs	="המערכת אוספת יומני כשלים..."/>
	<label ERT_logsGathered			="איסוף המידע הושלם"/>
	<label ERT_enterProblemDescription	="ציינו את תיאור הבעיה להלן"/>
	<label ERT_windowTitle			="דוח שגיאות של Cisco IP Communicator"/>
	<label ERT_unableToZip			="לא ניתן לכווץ את הקבצים הדרושים"/>
	<label ERT_unableToChangeDirectory	="לא ניתן להחליף את המדריך בתיקייה הבאה"/>
	<label ERT_unableToCopyFiles		="לא ניתן להעתיק את הקבצים הבאים"/>
	<label ERT_SoftPhoneSENotFound		="לא ניתן לאתר את התקנת Cisco IP Communicator&#13;ודאו שהיישום מותקן כהלכה"/>
	<label ERT_RemoveConfig			="האם לסלק את התצורה הקיימת?"/>
	<label ERT_RemoveLogs			="האם לסלק את היומנים הקיימים?"/>
	<label ERT_RemoveAction			="המערכת מסלקת..."/>
	<label ERT_DeleteAction			="המערכת מוחקת..."/>

</ErrorReportStrings>