﻿<?xml version="1.0"?>
<CommunicatorStrings>
	<label rtlFlag="1"/>
	<label ok="אישור"/>
	<label cancel="ביטול"/>
	<label apply="החל"/>
	<label applyToAll="החל על הכל"/>
	<label verify="אמת"/>
	<label yes="כן"/>
	<label no="לא"/>
	<label yesToAll="כן לכל"/>
	<label noToAll="לא לכל"/>
	<label abort="בטל"/>
	<label retry="נסה שנית"/>
	<label error="שגיאה"/>
	<label edit="ערוך"/>
	<label exit="יציאה"/>
	<label close="סגור"/>
	<label move="העבר"/>
	<label view="תצוגה"/>
	<label update="עדכן"/>
	<label help="עזרה"/>
	<label about="אודות Cisco IP Communicator"/>
	<label proceed="המשך"/>
	<label next="הבא"/>
	<label back="הקודם"/>
	<label show="הצג את Cisco IP Communicator"/>
	<label hide="הסתר את Cisco IP Communicator"/>
	<label AGNT_checkAutoUpdate="המערכת מחפשת עדכונים חדשים"/>
	<label finish="סיום"/>
	<label accept="קבל"/>
	<label acceptAll="קבל הכל"/>
	<label reject="דחה"/>
	<label rejectAll="דחה הכל"/>
	<label none="ללא"/>
	<label network="רשת"/>
	<label user="משתמש"/>
	<label java="Java"/>
	<label audio="שמע"/>
	<label advAudio="שמע מתקדם"/>
	<label directories="מדריכים "/>
	<label ldapSettings="הגדרות מדריך LDAP"/>
	<label ldapUserName="שם משתמש:"/>
	<label ldapPassword="סיסמה:"/>
	<label wave="גל"/>
	<label kernelStreaming="זרימת ליבה"/>
	<label itu="ITU"/>
	<label ciscoIPPhone="טלפון IP מבית Cisco"/>
	<label speakerphone="טלפון עם רמקול"/>
	<label headset="אוזניות"/>
	<label handset="שפופרת"/>
	<label ringer="צלצול"/>
	<label hid="התקן ממשק אנוש (HID)"/>
	<label status="מצב"/>
	<label title="Cisco IP Communicator"/>
	<label autoUpdate="עדכון אוטומטי"/>
	<label skins="מעטפות"/>
	<label screenOnly="מסך בלבד"/>
	<label alwaysOnTop="תמיד למעלה"/>
	<label startPhone="הפעל טלפון"/>
	<label stopPhone="הפסק טלפון"/>
	<label atwMenu="אשף כוונון שמע"/>
	<label quickSearchMenu="חיפוש מהיר..."/>
	<label ciscoUserOptions="אפשרויות משתמש Cisco Unified CM"/>
	<label preferences="העדפות..."/>
	<label userGuide="מדריך למשתמש"/>
	<label DLG_Settings="העדפות"/>
	<label default="ברירת מחדל"/>
	<label file="קובץ"/>
	<label module="מודול"/>
	<label archive="ארכיון"/>
	<label progress="התקדמות"/>
	<label updateType="סוג עדכון"/>
	<label recommended="מומלץ"/>
	<label required="דרוש"/>
	<label statStarting="הפעלת %s"/>
	<label statInstalling="התקנת %s"/>
	<label statInitializing="אתחול %s"/>
	<label statReading="קריאת %s"/>
	<label statConnectTFTP="התחברות לשרת TFTP"/>
	<label cdpDriver="CDP"/>
	<label questionMark="?"/>
	<label mtDriver="שמע"/>
	<label localSettings="הגדרות מקומיות"/>
	<label networkSettings="הגדרות רשת"/>
	<label hibernateWarning="אם המחשב יעבור כעת למצב שינה, Cisco IP Communicator ינתק את השיחה הנוכחית. האם ברצונכם למנוע מהמחשב לעבור למצב שינה?"/>
	<label closeWarning="אם תצאו כעת, Cisco IP Communicator ינתק את השיחה הנוכחית. האם ברצונכם לצאת?"/>
	<label configWarning="אם תשנו את ההעדפות כעת, Cisco IP Communicator ינתק את השיחה הנוכחית. האם ברצונכם להמשיך?"/>
	<label configError="התקן שמע סולק במהלך שיחה פעילה. הדבר יגרום לניתוק השיחה הפעילה."/>
	<label undockWarning="אם המחשב ינותק כעת מהעגינה, Cisco IP Communicator ינתק את השיחה הנוכחית. האם ברצונכם למנוע את ניתוק המחשב מהעגינה?"/>
	<label endSessionWarning="אם תסיימו את הפעלת Windows כעת, Cisco IP Communicator ינתק את השיחה הנוכחית. האם ברצונכם לסיים את ההפעלה?"/>
	<label INF_infoCaption="Cisco IP Communicator - מידע"/>
	<label INF_TFTPRestart="לא ניתן להפעיל מחדש את Cisco IP Communicator. הפעילו מחדש את היישום באופן ידני."/>
	<label needReboot="Cisco IP Communicator התקין תוכנה חדשה הדורשת הפעלה מחדש של המחשב לצורך השלמת ההתקנה"/>
	<label fetchingDirectories="השגת מידע על מדריך LDAP"/>
	<label fetchingDialingRules="השגת כללי חיוג"/>
	<label restartForLocaleChange="יש להפעיל מחדש את Communicator כדי ששינויי שפה ייכנסו לתוקף"/>
	<label copyright="Copyright © 2004-2011 Cisco Systems, Inc. כל הזכויות שמורות."/>
	<label copyrightSplash="© 2011 Cisco Systems, Inc. כל הזכויות שמורות. ייבוא באמצעות הצפנה, שימוש ומידע אודות מתן ייעוץ הינם זמינים בתפריט 'עזרה' תחת 'אודות Cisco IP Communicator.' "/>
	<label versionSplash="גרסה "/>
	<label versionCdp="גרסת מנהל התקן CDP:"/>
	<label versionCpmt="גרסת Voice Engine:"/>
	<label Notices="הודעות וכתבי ויתור של Cisco:"/>
	<label NoticesText="***הודעת חשובה על שיחות חירום - נא לקרוא***&#13;&#10;&#13;&#10;במצבי חירום, ייתכן שטכנולוגיית Softphone לא תספק את נתוני המיקום המהירים או המדויקים ביותר עבור שיחות חירום. השיחות עלולות להיות מנותבות למוקד חירום שגוי או שמוקד החירום עלול עלול לשגות בעת קביעת המיקום שלך. השתמש ב-SOFTPHONE על אחריותך בלבד במצבי חירום. Cisco לא תהיה אחראית לשגיאות או עיכובים הנובעים מכך.&#13;&#10;&#13;&#10;&#13;&#10;***הודעה על תוכן עם הצפנה חזקה***&#13;&#10;&#13;&#10;מוצר זה מכיל מאפייני הצפנה והוא כפוף לחוקי ארצות הברית והמדינה המקומית בנוגע לייבוא, יצוא, העברה ושימוש. אספקת מוצרי Cisco המכילים הצפנה אינה מעניקה רשות לגורמי צד שלישי לייבא, לייצא, להפיץ או להשתמש בהצפנה. יבואנים, יצואנים, מפיצים ומשתמשים הם האחראים לתאימות עם חוקי ארצות הברית והמדינה המקומית. השימוש במוצר זה מהווה הסכמה מצדך לציית לחוקים ולתקנות המקומיים. אם אינך מסוגל לציית לחוקים האמריקניים והמקומיים, החזר מוצר זה באופן מיידי.&#13;&#10;&#13;&#10;&#13;&#10;ניתן למצוא סיכום של חוקי ארצות הברית בנוגע למוצרי ההצפנה של Cisco בכתובת:&#13;&#10;&#13;&#10;http://www.cisco.com/wwl/export/crypto/tool/stqrg.html&#13;&#10;&#13;&#10;אם דרוש לך סיוע נוסף, פנה אלינו בדואר אלקטרוני לכתובת export@cisco.com.&#13;&#10;&#13;&#10;&#13;&#10;***הודעה של PRT***&#13;&#10;&#13;&#10;הכלי לדיווח על בעיות (PRT) יאסוף יומנים מהמחשב שעשויים להכיל פרטי קשר, תוכן של הודעות מיידיות, מספרי טלפון ומידע אחר שעשוי לשמש לזיהוי אישי שלך או של אחרים. מידע זה נדרש כחלק מתהליך האבחון כדי לקבוע את הגורם לבעיה הטכנית שעליה דיווחת. ייתכן שהיומנים יועברו אל מחוץ לגבולות המדינה ויאוחסנו באופן זמני כחלק מתהליך האבחון. השימוש ב-PRT מהווה הסכמה מצדך לספק יומנים אלה ל-Cisco כדי לאפשר ל-Cisco לפתור כל בעיה טכנית ב-Cisco IP Communicator. "/>
		
	<label ERR_alreadyRunning="Cisco IP Communicator כבר פועל"/>
	<label ERR_exception="חריגה"/>
	<label ERR_exceptionCaption="Communicator - שגיאת חריגה"/>
	<label ERR_notDib="קיימת בעיה במעטפת הנוכחית: קובץ מפת סיביות אינו תבנית DIB"/>
	<label ERR_notOS2Supported="קיימת בעיה במעטפת הנוכחית: אין תמיכה בתבנית מפת סיביות OS2"/>
	<label ERR_invalidSkin="קובץ המעטפת הנוכחי אינו חוקי"/>
	<label ERR_invalidButton="קובץ המעטפת הנוכחי מכיל לחצן לא חוקי"/>
	<label ERR_noStreamDev="אין התקני שמע תואמים המותקנים במחשב זה. לחצו על 'אישור' כדי לצאת."/>
	<label ERR_noRingDev="אין התקני שמע תואמים המותקנים במחשב זה. לחצו על 'אישור' כדי לצאת."/>
	<label ERR_noNetworkDev="אין ממשקי רשת תואמים במחשב זה. התקינו ממשק רשת."/>
	<label ERR_noJVM="נתיב JVM אינו מוגדר. לא ניתן לבצע את JVM במצב איתור באגים."/>
	<label ERR_invokeJVM="לא ניתן להפעיל את JVM - JNI_CreateJavaVM()‎"/>
	<label ERR_noVenderInfo="אין פרטי ספק בתוך קובץ התצורה"/>
	<label ERR_mismatchMAC="ממשק הרשת שבחרתם לרישום ב-Cisco CallManager חסר או מושבת. בחרו 'אישור' אם סילקתם ממשק זה בכוונה או בחרו ממשק חדש, או לחצו על 'ביטול' כדי לצאת."/>
	<label ERR_mismatchVPN="ממשק הרשת שבחרתם לשמע אינו כולל כתובת IP חוקית. בחרו 'אישור' כדי לבחור ממשק אחר או לחצו על על 'ביטול' כדי לצאת."/>
	<label ERR_noNetAdapterCC="בחרו ממשק רשת לרישום ב-Cisco CallManager. נבחרה עבורכם ברירת מחדל."/>
	<label ERR_deviceNameLength="שם התקן לא חוקי. שם ההתקן חייב להכיל 15 תווים לכל היותר וחייב להכיל את התווים [a-z A-Z 0-9._-]" />
	<label ERR_noNetAdapterVPN="בחרו ממשק רשת לשמע."/>
	<label ERR_noTFTPServer="לא ניתן לגשת לשרת TFTP."/>
	<label ERR_cannotReadSettings="לא ניתן לקרוא את ההגדרות"/>
	<label ERR_networkAdaptorAbsent="לא ניתן לאתר את מתאם הרשת הדרוש לרישום"/>
	<label ERR_badHostNameSpecified="צוין שם מארח שגוי בהעדפות"/>
	<label ERR_badNetworkInterfaceSpecified="צוין ממשק רשת שגוי בהעדפות"/>
	<label ERR_cannotInitializeGraphics="לא ניתן לאתחל תצוגה"/>
	<label ERR_cannotInitializeMedia="לא ניתן לאתחל מדיה"/>
	<label ERR_cannotStartCdp="לא ניתן לאתחל תמיכה בשירות Cisco Emergency Responder. פנה למנהלן המערכת"/>
	<label ERR_cannotInitializeKeyboard="לא ניתן לאתחל את מיפויי המקלדת"/>
	<label ERR_cannotInitializeGUI="לא ניתן לאתחל את ממשק המשתמש הגרפי"/>
	<label ERR_cannotAutoUpdate="לא ניתן לחפש עדכונים"/>
	<label ERR_invalidDeviceLoad="טעינת התקן לא חוקי"/>
	<label ERR_wrongAutoUpdatePath="אין תמיכה בנתיב הבא של העדכון האוטומטי:"/>
	<label ERR_invalidPortRange="טווח היציאות שצוין אינו חוקי. הטווח אמור להיות בין 1 ל-‏65536. תקנו אותו לחצו על 'אישור'."/>
	<label ERR_cannotLaunchCVTA="לא ניתן להפעיל את Cisco Unified Video Advantage."/>
	<label ERR_cvtaNotFound="דרוש Cisco Unified Video Advantage גרסה 2.0(1)‎ ואילך."/>
	<label ERR_checkDevicePreferences="ודאו שהעדפות התקן השמע מדויקות באמצעות אשף כוונון השמע או מתפריט 'העדפות'."/>	
	<label ERR_invalidTFTPServer="כתובת שרת TFTP מכילה שדה ריק."/>
	<label ERR_invalidAudioIP="כתובת IP של שמע מכילה שדה ריק."/>

	<label DLG_ND_Label="ציינו שם או מספר לחיוג"/>
	<label DLG_ND_MessageNone="לא נמצאו התאמות"/>
	<label DLG_ND_MessageOne="נמצאה התאמה אחת"/>
	<label DLG_ND_Message25="נמצאו התאמות מרובות. להלן רשימה של התוצאות התואמות."/>
	<label DLG_ND_Message25p="נמצאו כמה התאמות. להלן רשימה של %d התוצאות הראשונות. חדדו את החיפוש כדי להציג יותר התאמות רלוונטיות."/>
	<label DLG_ND_MultipleMatches="תוצאות חיפוש מרובות"/>
	<label DLG_ND_TooManyMatches="תוצאות חיפוש רבות מדי"/>
	<label DLG_ND_RefineSearch="המערכת מציגה את %d הפריטים הראשונים. שקלו לחדד את החיפוש"/>
	<label DLG_ND_QuickSearch="חיפוש מהיר"/>
	<label DLG_ND_QuickDial="חיוג מהיר"/>
	<label DLG_ND_Search="חפש"/>
	<label DLG_ND_Dial="בחר"/>
	<label DLG_ND_First="ראשון"/>
	<label DLG_ND_Last ="אחרון"/>
	<label DLG_ND_EMail="דואר אלקטרוני"/>
	<label DLG_ND_Number="מספר"/>
	<label DLG_ND_Mobile="נייד"/>
	<label DLG_ND_ThereWereErrors="היו שגיאות"/>
	<label DLG_ND_Label="המערכת מחפשת אחר ..."/>
	<label ERR_ND_NoSearchBase="לא צוין בסיס לחיפוש LDAP"/>
	<label ERR_ND_NoUserName="שגיאת אימות של LDAP: לא צוין שם משתמש"/> 
	<label ERR_ND_ConnectFailed="לא ניתן לפתוח חיבור LDAP לשרת"/>
	<label ERR_ND_AuthFailed="הכניסה נכשלה. בדקו את שם המשתמש/הסיסמה"/>
	<label ERR_ND_FileError="שגיאת קובץ בזמן כתיבת תוצאות LDAP"/>
	<label ERR_ND_NoSelection="לא בחרתם בדבר"/>
	<label ERR_ND_NoPhoneNumbers="אין מספרי טלפון בערך שנבחר"/>

	<label DLG_ChoosePhoneNumber="בחרו מספר טלפון"/>
	<label DLG_CPN_Message="נמצאו מספרי טלפון מרובים. בחרו את מספר הטלפון לחיוג."/>

	<label DLG_NW_TFTPServerGroup="שרתי TFTP"/>
	<label DLG_NW_ConnConfig="הגדרות CallManager"/>
	<label DLG_NW_AutoTftp="השתמשו בשרתי ברירת המחדל של TFTP"/>
	<label DLG_NW_CustomTftp="השתמשו בשרתי TFTP אלה:"/>
	<label DLG_NW_TFTP1="שרת TFTP ‏1:"/>
	<label DLG_NW_TFTP2="שרת TFTP ‏2:"/>
	<label DLG_NW_DeviceNameGroup="שם מכשיר"/>
	<label DLG_NW_DeviceName="שם מכשיר:"/>
	<label DLG_NW_NetAdapter="מתאם רשת:"/>
	<label DLG_NW_RadioNetAdapter="השתמשו במתאם רשת להפקת שם המכשיר"/>
	<label DLG_NW_RadioUseDeviceName="השתמשו בשם מכשיר זה"/>
	<label DLG_NW_StaticUseThisDeviceName="השתמשו בשם מכשיר זה:"/>

	<label DLG_Audio_Use729="מטבו לרוחב פס נמוך"/>
	<label DLG_Audio_UseDefaultDevices="השתמשו בהתקני ברירת המחדל של Windows"/>
	<label DLG_Audio_Advanced="מתקדם..."/>
	<label DLG_Audio_Network="רשת..."/>
	<label DLG_Audio_Selections="התקנים למצבי שמע"/>
	<label DLG_Ringer_Selection="התקן לצלצול"/>

	<label DLG_AdvancedAudioSettings="הגדרות שמע מתקדמות"/>
	<label DLG_AudioAdv_Sidetone="עוצמת קול של צליל קלט"/>
	<label DLG_AudioAdv_EnableSidetone="הפעלת צליל קלט"/>
	<label DLG_AudioAdv_Slider="-                        0                       +"/>
	<label DLG_AudioAdv_Microphone="הגברת עוצמת קול של המיקרופון"/>
	<label DLG_AudioAdv_Filters="מסננים"/>
	<label DLG_AudioAdv_Mode="מצב:"/>
	<label DLG_AudioAdv_PlayFilter="האזנה:"/>
	<label DLG_AudioAdv_RecordFilter="דיבור:"/>
	<label DLG_AudioAdv_LimitVolume="הגבלת עוצמת הקול"/>
	<label DLG_AudioAdv_AudioLatency="איכות וביצועים של שמע"/>
	<label DLG_AudioAdv_AudioLatencyLow="מיטבי (השהיה ארוכה)"/>
	<label DLG_AudioAdv_AudioLatencyMedium="טוב מאוד (השהיה בינונית)"/>
	<label DLG_AudioAdv_AudioLatencyHigh="טוב (השהיה גבוהה)"/>
	<label DLG_AudioAdv_SilenceSuppression="דיכוי שקט"/>
	<label DLG_AudioAdv_SsDisabled="מושבת (לא מומלץ)"/>
	<label DLG_AudioAdv_NoiseSuppression="הפחתת רעשים"/>
	<label DLG_AudioAdv_Aggressiveness="רמות תוקפנות"/>
	<label DLG_AudioAdv_AggressivenessLeast="פחותה"/>
	<label DLG_AudioAdv_AggressivenessMedium="בינונית"/>
	<label DLG_AudioAdv_AggressivenessMost="מרובה"/>
	<label DLG_AudioAdv_AggressivenessLow="נמוך"/>
	<label DLG_AudioAdv_AggressivenessModerate="מתון"/>
	<label DLG_AudioAdv_AggressivenessHigh="גבוה"/>
	<label DLG_AudioAdv_AggressivenessVeryHigh="מאוד גבוה"/>

	<label DLG_AudioAdv_AGC="קבלת שליטה אוטומטית"/>
	<label DLG_AudioAdv_EC="ביטול הד"/>
	<label DLG_AudioAdv_Enabled="מופעל"/>
	<label DLG_AudioAdv_Disabled="מושבת"/>
	<label DLG_AudioAdv_Auto="אוטומטי"/>
	<label DLG_AudioAdv_Analog="אנלוגי"/>
	<label DLG_AudioAdv_Digital="דיגיטלי"/>
	<label DLG_AudioAdv_Both="שניהם"/>
	<label DLG_AudioAdv_Cancellation="ביטול"/>
	<label DLG_AudioAdv_Suppression="הפחתה"/>
	<label DLG_AudioAdv_UseInput="שימוש ב‏‏ערך הקלט"/>

	<label DLG_NWA="הגדרות שמע רשת"/>
	<label DLG_NWA_AudioIP="כתובת IP של שמע"/>
	<label DLG_NWA_AutoDetectIP="זיהוי אוטומטי"/>
	<label DLG_NWA_SelectInterface="השתמשו בכתובת מתאם זה:"/>
	<label DLG_NWA_UseThisIP="השתמשו בכתובת זו:"/>
	<label DLG_NWA_PortRange="טווח יציאות שמע"/>
	<label DLG_NWA_AutoSelectPort="השתמשו בטווח ברירת המחדל של היציאות"/>
	<label DLG_NWA_SpecifyPort="השתמשו בטווח יציאות זה:"/>
	<label DLG_NWA_PortFrom="מ:"/>
	<label DLG_NWA_PortTo="עד:"/>

	<label DLG_USR_usrInfo="פרטי משתמש"/>
	<label DLG_USR_usrID="שם משתמש:"/>
	<label DLG_USR_password="סיסמה:"/>
	<label DLG_USR_usrInput="קלט משתמש"/>
	<label DLG_USR_usbHandset="שפופרת USB:"/>
	<label DLG_USR_trace="פתרון בעיות"/>
	<label DLG_USR_traceEnable="הפעלת רישום ביומן"/>
	<label DLG_USR_CloseHidesApp="הסגירה מסתירה יישומים"/>
	<label DLG_USR_BringToFront="הבאה לחזית בשיחה פעילה"/>
	<label DLG_USR_DisableToast="הסתרת הודעה על שיחה נכנסת"/>
	<label DLG_USR_EnableAnswerHotkey="הפוך מקש חם למענה לזמין"/>
	<label DLG_USR_UserOptionsGroup="כתובת דף של אפשרויות המשתמש של Cisco Unified CM"/>
	<label DLG_USR_AutoUserOptions="השתמשו בברירת מחדל (שרת TFTP)"/>
	<label DLG_USR_SpecifyUserOptions="השתמשו בכתובת URL ספציפית"/>

	<label SKINS_Main_MessageWaiting="הודעה ממתינה"/>
	<label SKINS_ButtonSets_Close="סגור"/>
	<label SKINS_ButtonSets_Minimize="צמצם"/>
	<label SKINS_ButtonSets_Mode="מצב"/>
	<label SKINS_ButtonSets_Menu="תפריט"/>
	<label SKINS_lines_Line1="שורה 1"/>
	<label SKINS_lines_Line2="שורה 2"/>
	<label SKINS_lines_Line3="שורה 3"/>
	<label SKINS_lines_Line4="שורה 4"/>
	<label SKINS_lines_Line5="שורה 5"/>
	<label SKINS_lines_Line6="שורה 6"/>
	<label SKINS_lines_Line7="שורה 7"/>
	<label SKINS_lines_Line8="שורה 8"/>
	<label SKINS_keypad_One="אחת"/>
	<label SKINS_keypad_Two="שתיים"/>
	<label SKINS_keypad_Three="שלוש"/>
	<label SKINS_keypad_Four="ארבע"/>
	<label SKINS_keypad_Five="חמש"/>
	<label SKINS_keypad_Six="שש"/>
	<label SKINS_keypad_Seven="שבע"/>
	<label SKINS_keypad_Eight="שמונה"/>
	<label SKINS_keypad_Nine="תשע"/>
	<label SKINS_keypad_Star="כוכבית"/>
	<label SKINS_keypad_Zero="אפס"/>
	<label SKINS_keypad_Pound="סולמית"/>
	<label SKINS_softkeys_Softkey1="מקש בחירה 1"/>
	<label SKINS_softkeys_Softkey2="מקש בחירה 2"/>
	<label SKINS_softkeys_Softkey3="מקש בחירה 3"/>
	<label SKINS_softkeys_Softkey4="מקש בחירה 4"/>
	<label SKINS_softkeys_Softkey5="מקש בחירה 5"/>
	<label SKINS_features_Messages="הודעות"/>
	<label SKINS_features_Services="שירותים"/>
	<label SKINS_features_Settings="הגדרות"/>
	<label SKINS_features_Directories="ספרי טלפון"/>
	<label SKINS_features_Information="עזרה"/>
	<label SKINS_controls_Headset="אוזניות"/>
	<label SKINS_controls_Mute="השתק"/>
	<label SKINS_controls_Speaker="רמקול"/>
	<label SKINS_controls_VolumeDown="הנמך עוצמת קול"/>
	<label SKINS_controls_VolumeUp="הגבר עוצמת קול"/>
	<label SKINS_navigation_Navigation="ניווט"/>
	<label SKINS_navigation_Up="מעלה"/>
	<label SKINS_navigation_Down="מטה"/>
	<label SKINS_navigation_Left="שמאל"/>
	<label SKINS_navigation_Right="ימין"/>

	<label DLG_AUDIO_LatencyOptimization="מיטוב השהיה"/>
	<label DLG_AUDIO_LowDelay="השהיה קצרה"/>
	<label DLG_AUDIO_MediumDelay="השהיה בינונית"/>
	<label DLG_AUDIO_HighDelay="השהיה ארוכה"/>
	<label DLG_AUDIO_VeryHighDelay="השהיה ארוכה מאוד"/>
	<label DLG_AUDIO_LowestLatency="ההשהיה הקצרה ביותר"/>
	<label DLG_AUDIO_HighestLatency="ההשהיה הארוכה ביותר"/>
	<label DLG_AUDIO_Default="הגדרת ברירת מחדל"/>
	<label DLG_AUDIO_Recommended="מומלץ להתחיל להשתמש בהגדרות הקצרות ביותר ולהמשיך להגדרה הבאה, בהתאם לצורך."/>
	<label DLG_AUDIO_Speaker="רמקול"/>	
	<label DLG_AUDIO_Mic="מיקרופון"/>
	<label DLG_AUDIO_SpeakerBuffer="מספר מאגר דוברים"/>
	<label DLG_AUDIO_MicBuffer="מספר מאגר מיקרופונים"/>

	<label DLG_TRACE_Tracing="מעקב"/>
	<label DLG_TRACE_GUI="GUI"/>
	<label DLG_TRACE_CallControl="בקרת שיחה"/>
	<label DLG_TRACE_Media="שמע"/>
	<label DLG_TRACE_CDP="CDP"/>
	<label DLG_TRACE_ATW="אשף כוונון שמע"/>
	<label DLG_TRACE_R2d="הפעלת תצוגת טלפון"/>
	<label DLG_TRACE_Levels="רמות מעקב"/>
	<label DLG_TRACE_Errors="שגיאות"/>
	<label DLG_TRACE_Detailed="מפורט"/>
	<label DLG_TRACE_Low="נמוך"/>
	<label DLG_TRACE_Med="בינוני"/>
	<label DLG_TRACE_High="גבוה"/>
	<label DLG_TRACE_All="הכל"/>

	<label DLG_L10N_Language="שפה"/>
	<label DLG_L10N_Locale="אזור"/>

	<label ChangeInterfaceWarningText="שינוי ממשק הרשת עלול לגרום ל-Cisco IP Communicator להפסיק לעבוד. התייעצו עם מנהל המערכת לפני שינוי של פרמטר זה."/>
	<label ChangeInterfaceWarningCaption="אזהרה"/>

	<label ChangeProtocolWarningText="פרוטוקול בקרת השיחות של התקן זה השתנה. לחצו על 'אישור' כדי להפעיל את Cisco IP Communicator מחדש."/>
	<label JPhoneStartupErrorText="Cisco IP Communicator לא הצליח לאתחל את יישום הטלפון וייסגר כעת. האם ברצונך להפעיל את Cisco IP Communicator מחדש?"/>
	<label AutoUpdateNeedUpdatesText="ישנם עדכונים זמינים עבור Cisco IP Commnunicator. היישום צריך להיות סגור בזמן תהליך העדכון. האם ברצונכם להמשיך בעדכון?"/>

	<label CheckingLocaleUpdates="המערכת מחפשת שינויי אזור..."/>

<!-- ETOUCH -->
	<label Paste="הדבק"/>
	<label AnswerCall="ענה"/>
	<label IgnoreCall="התעלם"/>
	<label UnknownCaller="לא ידוע"/>
<!-- ETOUCH -->
	<SkinLocMap>
		<entry file="Default" name="מצב ברירת מחדל" />
		<entry file="Mercurio" name="מצב מצומצם" />
	</SkinLocMap>

</CommunicatorStrings>