<?xml version="1.0" encoding="UTF-8"?>
<TuningWizardStrings>
	<label rtlFlag="0"/>
        <label discardChanges= "是否确实要立即退出并丢弃所有更改？"/>

        <label noPlay        = "音频调节向导无法配置此设备以播放声音。Cisco IP Communicator 可能无法配合此设备正常运行。"/>

        <label unmute        = "%s 被静音，但音频调节向导已更正这个问题。如果仍无法播放样例声音，Cisco IP Communicator 可能无法配合此设备正常运行。"/>

        <label noMicInput    = "音频调节向导无法配置 %s 以录音。Cisco IP Communicator 可能无法配合此设备正常运行。"/>

        <label setMicInput   = "%s 未配置为使用麦克风录音，但音频调节向导已更正这个问题。如果仍无法录音，Cisco IP Communicator 可能无法配合此设备正常运行。"/>

        <label unmuteMic     = "%s 的麦克风被静音，但音频调节向导已更正这个问题。如果仍无法录音，Cisco IP Communicator 可能无法配合此设备正常运行。"/>

        <label MicInUse      = "无法监听麦克风。请检查是否：(1) 正在进行呼叫 (2) 另一个应用程序正在使用麦克风 (3) 麦克风已被静音"/>

        <label troubleshootmenu1    = "音频调节向导的设置和错误信息已保存到 %s"/>
        <label troubleshootmenu3    = "是否要立即启动 Cisco Unified 问题报告工具?"/>

        <label missingdevice1    = "缺少 %s，或者无法连接到该设备。请重新连接，然后选择“确定”。"/>
        <label missingdevice3    = "要使用调节向导选择另一个设备，请选择“取消”。"/>
	<label noSoundDevices    = "这台计算机上没有安装兼容的声音设备。请单击 '确定' 退出。"/> 
	<label devicesNotTuned = "如果不调节声音设备，将无法在 Communicator 中正常使用音频。是否确实要取消？"/> 
	
        <label copyright     = "版权所有 ? 2004-2011 Cisco Systems, Inc. 保留所有权利。"/>

	<label title	     = "音频调节向导"/>
        <label test          = "测试"/>
        <label play          = "播放"/>
        <label stop          = "停止"/>

        <label page1title    = "音频调节向导 - 选择音频设备"/>
	<label headset       = "头戴式耳机："/>
	<label speakerphone  = "免持话筒："/>
	<label ringer        = "振铃器："/>
	<label handset       = "听筒："/>

        <label page2title          = "音频调节向导 - 调节 %s 的接听音量"/>
	<label page2playbackdevice = "播放设备："/>	
        <label page2wavevolume     = "波形音量："/>
        <label page2mastervolume   = "主音量："/>
	<label page2enabled        = "启用"/>

        <label page3title          = "音频调节向导 - 调节 %s 的麦克风音量"/>
        <label page3device         = "录音设备："/>
        <label page3finegain       = "细致音量："/>
        <label page3coarsegain     = "主音量："/>
        <label page3enable         = "启用"/>
        <label page3highgain       = "麦克风增强"/>
        <label page3playback       = "播放"/>
        <label page4title    = "音频调节向导 - AEC 质量评估测试 (适用于 %s)"/>

        <label checktitle    = "音频调节向导 - 检查音频设置"/>
        <label checkdisable  = "不要再问我"/>
        <label revert        = "复原"/>
        <label tune          = "调节"/>
	<label skip	     = "跳过"/>

        <label yes           = "是"/>
        <label no            = "否"/>
        <label ok            = "确定"/>
        <label cancel        = "取消"/>
        <label back          = "后退"/>
        <label next          = "下一步"/>
        <label finish        = "完成"/>
	  <label Help        = "帮助"/>
        <label Troubleshooting        = "故障排除信息..."/>
        <label About        = "关于音频调节向导..."/>
	<label UseDefaultDevices 	= "使用 Windows 缺省设备"/>
        <label errOpenSoundCard		= "无法将声音设备更改为 "/>
        
        <label AboutTitle		= "关于音频调节向导"/>
        <label Move		= "移动"/>
        <label Close		= "关闭"/>
        <label AlreadyRunning		= "另一个音频调节向导正在运行!"/>
        <label FileOpenFailure		= "无法关闭 %s"/>
        <label MicInError		= "错误: 麦克风输入超出范围"/>


	<label checksettingshelp = "{\rtf1\ansi\deff0{\fonttbl{\f0\fmodern\fprq6\fcharset134 SimSun;}{\f1\froman\fprq2\fcharset2 Symbol;}{\f2\fnil\fcharset0 Courier New;}}
{\*\generator Msftedit 5.41.15.1507;}\viewkind4\uc1\pard\lang1033\f0\fs20\'d7\'d4\'c5\'e4\'d6\'c3\'c4\'fa\'b5\'c4 PC \'d2\'f4\'c6\'b5\'c9\'e8\'d6\'c3\'d3\'eb Cisco IP Communicator \'c5\'e4\'ba\'cf\'ca\'b9\'d3\'c3\'d2\'d4\'c0\'b4\'a3\'ac\'c4\'fa\'b5\'c4 PC \'d2\'f4\'c6\'b5\'c9\'e8\'d6\'c3\'d2\'d1\'b7\'a2\'c9\'fa\'b8\'fc\'b8\'c4\'a1\'a3\par
\'d1\'a1\'d4\'f1\'a3\'ba\par
\par
\f1\fs18\'b7  \b\f0\fs20\'b8\'b4\'d4\'ad\b0\'bd\'ab\'d2\'f4\'c6\'b5\'c9\'e8\'d6\'c3\'b8\'c4\'bb\'d8\par
\'c4\'fa\'d7\'ee\'b3\'f5\'b5\'f7\'bd\'da\'b5\'c4\'b7\'bd\'ca\'bd\par
\f1\fs18\'b7  \b\f0\fs20\'b5\'f7\'bd\'da\'d2\'d4\b0\'b2\'e9\'bf\'b4\'bb\'f2\'d0\'de\'b8\'c4\'b5\'b1\'c7\'b0\'b5\'c4\'d2\'f4\'c6\'b5\'c9\'e8\'d6\'c3\par
\f1\fs18\'b7  \b\f0\fs20\'cc\'f8\'b9\'fd\b0\'d2\'d4\'bc\'cc\'d0\'f8\'ca\'b9\'d3\'c3\'b5\'b1\'c7\'b0\'d2\'f4\'c6\'b5\'c9\'e8\'d6\'c3\par
\f2\par
}
"/>

	<label checknewdevicehelp = "{\rtf1\ansi\ansicpg936\deff0{\fonttbl{\f0\fmodern\fprq6\fcharset134 SimSun;}{\f1\froman\fprq2\fcharset2 Symbol;}{\f2\fnil\fcharset0 Courier New;}}
{\*\generator Msftedit 5.41.15.1507;}\viewkind4\uc1\pard\lang1033\f0\fs20\'c4\'fa\'cb\'f9\'d1\'a1\'b5\'c4\'c4\'b3\'d0\'a9\'d2\'f4\'c6\'b5\'c9\'e8\'b1\'b8\'b4\'d3\'ce\'b4\'c5\'e4\'d6\'c3\'d3\'eb Cisco IP Communicator \'c5\'e4\'ba\'cf\'ca\'b9\'d3\'c3\'a1\'a3\'d1\'a1\'d4\'f1\'a3\'ba\par
\par
\f1\fs18\'b7  \b\f0\fs20\'b5\'f7\'bd\'da\b0\'d2\'d4\'c5\'e4\'d6\'c3\'c9\'e8\'b1\'b8\'bb\'f2\'d1\'a1\'d4\'f1\'c6\'e4\'cb\'fb\'c9\'e8\'b1\'b8\par
\f1\fs18\'b7  \b\f0\fs20\'c8\'a1\'cf\'fb\b0\'d2\'d4\'bc\'cc\'d0\'f8\'ca\'b9\'d3\'c3\'b5\'b1\'c7\'b0\'d2\'f4\'c6\'b5\'c9\'e8\'d6\'c3\par
\f2\par
}
"/>

	<label page0help = "{\rtf1\ansi\ansicpg936\deff0{\fonttbl{\f0\fmodern\fprq6\fcharset134 SimSun;}{\f1\fnil\fcharset0 Courier New;}}
{\*\generator Msftedit 5.41.15.1507;}\viewkind4\uc1\pard\lang1033\b\f0\fs20\'d1\'a1\'d4\'f1\'ba\'cd\'b5\'f7\'bd\'da\'d2\'f4\'c6\'b5\'c9\'e8\'b1\'b8\b0\par
\par
\'bf\'aa\'ca\'bc\'ca\'b9\'d3\'c3\'c7\'b0\'a3\'ba\par
\par
\'b9\'d8\'b1\'d5\'cb\'f9\'d3\'d0\'c6\'e4\'cb\'fb\'b2\'a5\'b7\'c5\'bb\'f2\'c2\'bc\'d2\'f4\'b3\'cc\'d0\'f2\'a3\'ac\'c0\'fd\'c8\'e7 Microsoft \'c2\'bc\'d2\'f4\'bb\'fa\'a1\'a3\par
\par
\'c8\'b7\'b1\'a3\'cf\'eb\'d2\'aa\'ca\'b9\'d3\'c3\'b5\'c4\'d2\'f4\'c6\'b5\'c9\'e8\'b1\'b8\'a3\'a8\'cd\'b7\'b4\'f7\'ca\'bd\'b6\'fa\'bb\'fa\'a1\'a2\'d1\'ef\'c9\'f9\'c6\'f7\'a1\'a2\'c2\'f3\'bf\'cb\'b7\'e7\'ba\'cd\'cc\'fd\'cd\'b2\'a3\'a9\'d2\'d1\'b2\'e5\'ba\'c3\'b2\'a2\'bf\'aa\'c6\'f4\'a1\'a3\par
\par
\'c8\'e7\'b9\'fb\'c4\'fa\'ca\'b9\'d3\'c3\'cd\'b7\'b4\'f7\'ca\'bd\'b6\'fa\'bb\'fa\'a3\'ac\'c7\'eb\'bd\'ab\'c6\'e4\'c2\'f3\'bf\'cb\'b7\'e7\'b7\'c5\'d4\'da\'b6\'fa\'bb\'fa\'c9\'fa\'b2\'fa\'c9\'cc\'cd\'c6\'bc\'f6\'b5\'c4\'c0\'eb\'d7\'ec\'be\'a1\'bf\'c9\'c4\'dc\'bd\'fc\'b5\'c4\'ce\'bb\'d6\'c3\'a1\'a3\par
\par
\'c8\'e7\'d2\'aa\'bc\'cc\'d0\'f8\'a3\'ac\'c7\'eb\'d1\'a1\'d4\'f1\ldblquote\'cf\'c2\'d2\'bb\'b2\'bd\rdblquote\'a1\'a3\par
\f1\par
}
"/>

	<label page1help = "{\rtf1\ansi\ansicpg936\deff0{\fonttbl{\f0\fmodern\fprq6\fcharset134 SimSun;}{\f1\fnil\fcharset0 Courier New;}}
{\*\generator Msftedit 5.41.15.1507;}\viewkind4\uc1\pard\lang1033\b\f0\fs20\'d1\'a1\'d4\'f1\'d2\'f4\'c6\'b5\'c9\'e8\'b1\'b8\b0\par
\'b6\'d4\'d3\'da\'c3\'bf\'d6\'d6\'d2\'f4\'c6\'b5\'c4\'a3\'ca\'bd\'a3\'ac\'b1\'d8\'d0\'eb\'d1\'a1\'d4\'f1\'cf\'eb\'d2\'aa Communicator \'ca\'b9\'d3\'c3\'b5\'c4\'c9\'e8\'b1\'b8\'a1\'a3\'c8\'e7\'b9\'fb\'c4\'fa\'d0\'e8\'d2\'aa\'b0\'ef\'d6\'fa\'c0\'b4\'c1\'cb\'bd\'e2\'d2\'f4\'c6\'b5\'c9\'e8\'b1\'b8\'ba\'cd\'c4\'a3\'ca\'bd\'a3\'ac\'c7\'eb\'b2\'ce\'d4\'c4\'a1\'b6\'d3\'c3\'bb\'a7\'d6\'b8\'c4\'cf\'a1\'b7\'a1\'a3\par
\f1\par
}
"/>

	<label page2help = "{\rtf1\ansi\ansicpg936\deff0{\fonttbl{\f0\fmodern\fprq6\fcharset134 SimSun;}{\f1\fnil\fcharset0 Courier New;}}
{\*\generator Msftedit 5.41.15.1507;}\viewkind4\uc1\pard\lang1033\b\f0\fs20\'b5\'f7\'bd\'da\'d2\'f4\'c1\'bf\b0\par
\'c8\'b7\'b1\'a3\'c4\'fa\'ca\'d5\'cc\'fd\'b5\'c4\'ca\'c7\'d2\'d4\'cf\'c2\'b2\'a5\'b7\'c5\'c9\'e8\'b1\'b8\'a1\'a3\'c8\'e7\'b9\'fb\'c4\'fa\'b5\'c4\'c9\'e8\'b1\'b8\'d3\'d0\'cd\'e2\'b2\'bf\'d2\'f4\'c1\'bf\'bf\'d8\'d6\'c6\'a3\'ac\'c7\'eb\'bf\'aa\'d6\'c1\'d7\'ee\'b4\'f3\'d2\'f4\'c1\'bf\'a3\'ac\'d4\'d9\'bf\'aa\'ca\'bc\'b5\'f7\'bd\'da\'a1\'a3\'b0\'b4\'cf\'c2\b\'b2\'a5\'b7\'c5\b0\'b0\'b4\'c5\'a5\'a3\'ac\'c8\'bb\'ba\'f3\'b5\'f7\'bd\'da\'d2\'f4\'c1\'bf\'bb\'ac\'bf\'e9\'a3\'ac\'d6\'b1\'b5\'bd\'d1\'f9\'d2\'f4\'d2\'f4\'c1\'bf\'cc\'fd\'c9\'cf\'c8\'a5\'ca\'e6\'ca\'ca\'d4\'c3\'b6\'fa\'a1\'a3\'c8\'e7\'b9\'fb\'c4\'fa\'bf\'b4\'b5\'bd\'bc\'c8\'d3\'d0\'d6\'f7\'d2\'f4\'c1\'bf\'bb\'ac\'bf\'e9\'a3\'ac\'d3\'d6\'d3\'d0\'b2\'a8\'d0\'ce\'bb\'ac\'bf\'e9\'a3\'ac\'ca\'d4\'d7\'c5\'bd\'ab\'b2\'a8\'d0\'ce\'bb\'ac\'bf\'e9\'c9\'e8\'d6\'c3\'d4\'da 75%\'a3\'ac\'c8\'bb\'ba\'f3\'b5\'f7\'bd\'da\'d6\'f7\'d2\'f4\'c1\'bf\'bb\'ac\'bf\'e9\'d6\'b1\'b5\'bd\'ca\'e6\'ca\'ca\'d4\'c3\'b6\'fa\'b5\'c4\'b3\'cc\'b6\'c8\'a1\'a3\par
\f1\par
}
"/>

	<label page3help = "{\rtf1\ansi\ansicpg936\deff0{\fonttbl{\f0\fmodern\fprq6\fcharset134 SimSun;}{\f1\fnil\fcharset0 Courier New;}}
{\*\generator Msftedit 5.41.15.1507;}\viewkind4\uc1\pard\lang1033\b\f0\fs20\'b5\'f7\'bd\'da\'c2\'f3\'bf\'cb\'b7\'e7\'d2\'f4\'c1\'bf\b0\par
\'c7\'eb\'c8\'b7\'b1\'a3\'c4\'fa\'ca\'b9\'d3\'c3\'b5\'c4\'ca\'c7\'c8\'e7\'cf\'c2\'c1\'d0\'b1\'ed\'d6\'d0\'b5\'c4\'c2\'bc\'d2\'f4\'c9\'e8\'b1\'b8\'a1\'a3\'b0\'b4\b\'b2\'e2\'ca\'d4\b0\'b0\'b4\'c5\'a5\'a3\'ac\'c8\'bb\'ba\'f3\'d3\'c3\'c4\'fa\'cd\'a8\'bb\'b0\'ca\'b1\'b5\'c4\'d5\'fd\'b3\'a3\'d2\'f4\'c1\'bf\'b6\'c1\'d5\'e2\'cc\'f5\'c1\'f4\'d1\'d4\'a1\'a3\'b5\'f7\'bd\'da\'d2\'f4\'c1\'bf\'bb\'ac\'bf\'e9\'a3\'ac\'d6\'b1\'b5\'bd\'b5\'e7\'c6\'bd\'b1\'ed\'b4\'ef\'b5\'bd\'d7\'ee\'b8\'df\'b5\'c4\'bb\'c6\'c9\'ab\'b6\'ce\'a1\'a3\'c8\'e7\'b9\'fb\'c4\'fa\'bf\'b4\'b5\'bd\'bc\'c8\'d3\'d0\'d6\'f7\'d2\'f4\'c1\'bf\'bb\'ac\'bf\'e9\'a3\'ac\'d3\'d6\'d3\'d0\'ce\'a2\'b5\'f7\'bb\'ac\'bf\'e9\'a3\'ac\'c7\'eb\'bd\'ab\'d6\'f7\'d2\'f4\'c1\'bf\'bb\'ac\'bf\'e9\'c9\'e8\'d6\'c3\'d4\'da 75%\'a3\'ac\'c8\'bb\'ba\'f3\'b5\'f7\'bd\'da\'ce\'a2\'b5\'f7\'bb\'ac\'bf\'e9\'d6\'b1\'b5\'bd\'c9\'f9\'d2\'f4\'cc\'fd\'c9\'cf\'c8\'a5\'ca\'e6\'ca\'ca\'d4\'c3\'b6\'fa\'a1\'a3 \'c8\'e7\'b9\'fb\'d4\'da\'bd\'ab\'c1\'bd\'b8\'f6\'d2\'f4\'c1\'bf\'bb\'ac\'bf\'e9\'c9\'e8\'d6\'c3\'b5\'bd\'d7\'ee\'b8\'df\'d2\'f4\'c1\'bf\'ba\'f3\'a3\'ac\'b5\'e7\'c6\'bd\'b1\'ed\'c8\'d4\'c8\'bb\'c3\'bb\'d3\'d0\'b3\'ac\'b9\'fd\'c2\'cc\'c9\'ab\'b6\'ce\'b6\'f8\'b4\'ef\'b5\'bd\'b7\'e5\'d6\'b5,\'c7\'eb\'c6\'f4\'d3\'c3\b\'c2\'f3\'bf\'cb\'b7\'e7\'d4\'f6\'c7\'bf\'b9\'a6\'c4\'dc\b0\'a3\'a8\'c8\'e7\'b9\'fb\'bf\'c9\'d3\'c3\'a3\'a9\'a1\'a3\par
\f1\par
}
"/>

	<label page99help = "{\rtf1\ansi\ansicpg936\deff0{\fonttbl{\f0\fmodern\fprq6\fcharset134 SimSun;}{\f1\froman\fprq2\fcharset2 Symbol;}{\f2\fnil\fcharset0 Courier New;}}
{\*\generator Msftedit 5.41.15.1507;}\viewkind4\uc1\pard\lang1033\b\f0\fs20\'c4\'fa\'d2\'d1\'cd\'ea\'b3\'c9\'d2\'f4\'c6\'b5\'b5\'f7\'bd\'da\'cf\'f2\'b5\'bc\b0\par
\par
\'d2\'d4\'cf\'c2\'c7\'e9\'bf\'f6\'c7\'eb\'d4\'d9\'b4\'ce\'d4\'cb\'d0\'d0\'b4\'cb\'cf\'f2\'b5\'bc\'a3\'ba\par
\f1\fs18\'b7\tab\f0\fs20\'c1\'ac\'bd\'d3\'c1\'cb\'d0\'c2\'c9\'e8\'b1\'b8\par
\f1\fs18\'b7\tab\f0\fs20\'d2\'f4\'c6\'b5\'c9\'e8\'b1\'b8\'b3\'f6\'cf\'d6\'d2\'f4\'c6\'b5\'d6\'ca\'c1\'bf\'ce\'ca\'cc\'e2\par
\f1\fs18\'b7\tab\f0\fs20\'c6\'e4\'cb\'fb\'b3\'cc\'d0\'f2\'a3\'a8\'c8\'e7\'c9\'f9\'d2\'f4\'ba\'cd\'b6\'e0\'c3\'bd\'cc\'e5\'bf\'d8\'d6\'c6\'c3\'e6\'b0\'e5\'a3\'a9\'d6\'d0\'b5\'c4\'d2\'f4\'c6\'b5\'c9\'e8\'d6\'c3\'b7\'a2\'c9\'fa\'b1\'e4\'bb\'af\par
\par
\'c8\'e7\'b9\'fb\'c4\'fa\'d4\'da\'d4\'cb\'d0\'d0\'cf\'f2\'b5\'bc\'d6\'ae\'cd\'e2\'b8\'fc\'b8\'c4\'c1\'cb\'c8\'ce\'ba\'ce\'d2\'f4\'c6\'b5\'c9\'e8\'d6\'c3\'a3\'ac\'b5\'b1\'c4\'fa\'c6\'f4\'b6\'af Cisco IP Communicator \'ca\'b1\'a3\'ac\'b4\'cb\'cf\'f2\'b5\'bc\'bf\'c9\'c4\'dc\'d7\'d4\'b6\'af\'d4\'d9\'b4\'ce\'b3\'f6\'cf\'d6\'a1\'a3\'b3\'fd\'b7\'c7\'c4\'fa\'cf\'eb\'d2\'aa\'b8\'fc\'b8\'c4\'d2\'f4\'c6\'b5\'c9\'e8\'d6\'c3\'a3\'ac\'b7\'f1\'d4\'f2\'d3\'a6\'d1\'a1\'d4\'f1\b\'b8\'b4\'d4\'ad\b0\'a1\'a3\par
\par
\'d2\'aa\'b9\'d8\'b1\'d5\'b4\'cb\'cf\'f2\'b5\'bc\'a3\'ac\'c7\'eb\'b5\'a5\'bb\'f7\ldblquote\'cd\'ea\'b3\'c9\rdblquote\'a1\'a3\par
\f2\par
}
"/>

</TuningWizardStrings>