﻿<?xml version="1.0"?>

<CommunicatorStrings>
	<label rtlFlag="0"/>
	<label ok			="确定"/>
	<label cancel		="取消"/>
	<label apply		="应用"/>
	<label verify		="确认"/>
	<label yes			="是"/>
	<label no			="否"/>
	<label yesToAll		="全部是"/>
	<label noToAll		="全部否"/>
	<label abort		="中止"/>
	<label retry		="重试"/>
	<label error		="错误"/>
	<label edit			="编辑"/>
	<label exit			="退出"/>
	<label close		="关闭"/>
	<label view			="查看"/>
	<label update		="更新"/>
	<label help			="帮助"/>
	<label about		="关于"/>
	<label proceed		="继续"/>
	<label next			="下一步"/>
	<label back			="后退"/>
	<label finish		="完成"/>
	<label accept		="接受"/>
	<label acceptAll	="全部接受"/>
	<label reject		="拒绝"/>
	<label rejectAll	="全部拒绝"/>
	<label status		="状态"/>
	<label cannotProceed="无法继续"/>
	<label details		="详细信息"/>
	<label viewDetails	="查看详细信息"/>
	<label consultAdmin	="请咨询您的系统管理员"/>
	<label ensureNetwork="确保您已连接到网络"/>

	<label title		="Cisco IP Communicator"/>
	<label autoUpdate	="CIPCLocaleDownloader"/>
	<label file			="文件"/>
	<label module		="模块"/>
	<label archive		="归档"/>
	<label downloading	="正在下载..."/>
	<label installing	="正在安装..."/>
	<label extracting	="正在解压缩..."/>
	<label progress		="进度"/>
	<label updateType	="更新类型"/>
	<label recommended	="建议"/>
	<label required		="必需"/>

	<label bitsLong			="位"/>
	<label bitsShort		="b"/>
	<label bytesLong		="字节"/>
	<label bytesShort		="B"/>
	<label kiloLong			="千"/>
	<label kiloShort		="K"/>
	<label kilobytesShort	="KB"/>
	<label kilobytesLong	="千字节"/>
	<label megaLong			="兆"/>
	<label megaShort		="M"/>
	<label megabytesShort	="MB"/>
	<label megabytesLong	="兆字节"/>
	<label gigaLong			="千兆"/>
	<label gigaShort		="G"/>
	<label gigabytesShort	="GB"/>
	<label gigabytesLong	="千兆字节"/>
	<label teraLong			="兆兆"/>
	<label teraShort		="T"/>
	<label terabytesShort	="TB"/>
	<label terabytesLong	="兆兆字节"/>

	<label downloadSpeed	="下载速度"/>
	<label timeRemaining	="剩余时间"/>

	<label secondShort		="s"/>
	<label secondLong		="秒"/>
	<label secondsLong		="秒"/>
	<label minuteShort		="min"/>
	<label minuteLong		="分"/>
	<label minutesLong		="分"/>
	<label hourShort		="hr"/>
	<label hoursLong		="小时"/>
	<label hoursLong		="小时"/>

	<label unknown					="未知"/>
	<label overallProgress			="总体进度..."/>
	<label gettingManifest			="正在下载安装说明..."/>
	<label inspectingInstallation	="正在检查当前的安装..."/>
	<label preparingToInstallFiles	="正在准备安装文件..."/>
	<label doingUpdates				="正在下载和安装区域设置..."/>
	<label confirmCancel			="是否确实要取消？"/>

	<label AU_usageString			="用法&#13;=======&#13;CIPCLocaleDownloader 参数名称1=&lt;参数值1&gt; 参数名称2=&lt;参数值2&gt; ...&#13;&#13;参数:&#13;必须指定 httpServer/tftpServer、installFolder、manifestFile&#13;可选参数包括 mode、waitWindow 和 postUpdateScript&#13;参数区分顺序和大小写&#13;&#13;例如:&#13;CIPCLocaleDownloader httpServer=http://www.webserver.com/Communicator installFolder=&quot;D:\Program Files\ACME Systems\ACME Studio&quot; mode=install waitWindow=&quot;ACME Studio&quot; postUpdateScript=Notepad.exe"/>
	<label AU_errorTitle			="CIPCLocaleDownloader 错误"/>
	<label AU_errorHeading			="出现一个错误"/>
	<label AU_stackTrace			="堆栈跟踪"/>
	<label AU_viewStackTrace		="查看堆栈跟踪"/>
	<label AU_autoupdateComponentNotDefined	="CIPC 区域设置清单文件出错 - 区域设置组件未定义"/>
	<label AU_closeWindowTitle		="请关闭具有如下标题的所有窗口"/>
	<label AU_endProcesses			="请在继续之前终止以下进程"/>

	<label AU_repairs					="修复"/>
	<label AU_repairsList				="以下模块包含已丢失或被更改的文件"/>
	<label AU_requiredUpdates			="必需的更新"/>
	<label AU_requiredUpdatesList		="以下模块具有必需的更新"/>
	<label AU_recommendedUpdates		="建议的更新"/>
	<label AU_recommendedUpdatesList	="以下模块具有建议的更新"/>
	<label AU_chooseIndividualUpdates	="为每个模块确定"/>
	<label AU_selectUpdate				="是否要对以下模块应用建议的更新？"/>
	<label AU_installAny				="是否要安装任何更新？"/>
	<label AU_module					="模块"/>
	<label AU_downloadSize				="下载大小"/>
	<label AU_wantToDoUpdates			="有一些可用的更新&#13;&#13;是否要立即下载并安装这些更新？" />

	<label AU_olderVersionInstalled		="已安装文件的版本较旧"/>
	<label AU_newerVersionInstalled		="已安装文件的版本较新"/>
	<label AU_equalVersionInstalled		="已安装文件的版本相同"/>
	<label AU_checksumMismatch			="文件校验和与预期值不匹配"/>
	<label AU_olderFileInstalled		="已安装文件的修改日期较旧"/>
	<label AU_newerFileInstalled		="已安装文件的修改日期较新"/>
	<label AU_modifiedDatesMatch		="修改日期相匹配"/>
	<label AU_unableToCompareFiles		="无法比较文件"/>

	<label AU_Error_tftpHttpNotDefined			="必须指定 tftpServer 或 httpServer"/>
	<label AU_Error_installFolderNotDefined		="未指定安装文件夹"/>
	<label AU_Error_manifestFileNotDefined		="未指定清单文件"/>
	<label AU_Error_downloadManifestFailed		="无法下载清单文件"/>
	<label AU_Error_invalidUpdateMode			="更新模式无效。允许的模式是 'install' 和 'query'"/>
	<label AU_Error_errorInManifest				="清单文件受损"/>
	<label AU_Error_cannotProceed				="CIPCLocaleDownloader 无法继续"/>
	<label AU_Error_invalidVersionString		="版本字符串无效"/>
	<label AU_Error_fileNotFound				="找不到文件"/>
	<label AU_Error_unsupportedProtocol			="传输协议不受支持或无效"/>
	<label AU_Error_downloadedFileInvalid		="下载的文件与说明不匹配"/>
	<label AU_Error_requiredUpdateFailed		="无法为以下模块安装必需的更新"/>
	<label AU_Error_recommendedUpdateFailed		="无法为以下模块安装建议的更新"/>
	<label AU_Error_repairFailed				="更新以下模块失败"/>
	<label AU_Error_preinstallFileInstall		="安装前文件安装失败"/>
	<label AU_Error_postinstallFileInstall		="安装后文件安装失败"/>
	<label AU_Error_moduleFileInstall			="安装模块文件失败"/>
	<label AU_Error_preinstallFileDownload		="安装前文件下载失败"/>
	<label AU_Error_postinstallFileDownload		="安装后文件下载失败"/>
	<label AU_Error_moduleFileDownload			="下载模块文件失败"/>
	<label AU_Error_preinstallFileInstall		="安装前文件安装失败"/>
	<label AU_Error_postinstallFileInstall		="安装后文件安装失败"/>
	<label AU_Error_moduleFileInstall			="模块文件安装失败"/>
	<label AU_Error_moduleSettingInstall		="模块设置安装失败"/>
	<label AU_Error_preinstallScript			="安装前脚本返回了一个错误"/>
	<label AU_Error_postinstallScript			="安装后脚本返回了一个错误"/>
	<label AU_Error_downloadFileError			="无法下载文件"/>
	<label AU_Error_installFileError			="无法安装文件"/>
	<label AU_Error_unableToChangeModifiedDate	="无法更改最后一次修改的日期"/>
	<label AU_Error_archiveFileMismatch			="归档中的文件与其说明不匹配"/>
	<label AU_Error_archiveInstall				="无法安装归档"/>
	<label AU_Error_recommendedUpdateFailureList="以下建议的更新失败"/>
	<label AU_Error_autoUpdateCancelled			="CIPCLocaleDownloader 已取消!"/>

	<label AU_Error_HTTPTimeout					="HTTP 超时"/>
	<label AU_Error_HTTPError					="HTTP 错误"/>
	<label AU_Error_HTTPConnectionClosed		="HTTP 连接已关闭"/>

	<label AU_Error_xmlTagNotFound		="找不到 XML 标记"/>
	<label AU_Error_xmlDataNotFound		="找不到 XML 数据"/>
	
	<label AU_Error_failedToInitialize			="无法初始化 CIPCLocaleDownloader"/>
	<label AU_Error_ensureNoOtherApps			="请关闭所有其它应用程序并重试"/>

</CommunicatorStrings>