﻿<?xml version="1.0"?>

<ErrorReportStrings>
	
	<label ok			="确定"/>
	<label exit			="退出"/>
	<label cancel			="取消"/>
	<label errorHeading		="错误"/>
	<label stackTrace		="堆栈跟踪"/>
	<label viewStackTrace		="查看堆栈跟踪"/>

	<label name			="名称"/>
	<label extension		="Cisco IP Communicator 分机"/>
	<label problemTime		="问题出现时间"/>
	<label problemDetails		="问题详细信息"/>
	<label specifyAllFields		="请指定所有字段"/>

	<label ERT_usageString			="用法&#13;=======&#13;AutoUpdate 参数名称1=&lt;参数值1&gt; 参数名称2=&lt;参数值2&gt; ...&#13;&#13;参数：&#13;必须指定 httpServer/tftpServer、installFolder、manifestFile&#13;可选参数包括 mode、 waitWindow 和 postUpdateScript&#13;参数区分顺序和大小写&#13;&#13;例如：&#13;AutoUpdate httpServer=http://www.webserver.com/Communicator installFolder=&quot;D:\Program Files\ACME Systems\ACME Studio&quot; mode=install waitWindow=&quot;ACME Studio&quot; postUpdateScript=Notepad.exe"/>
	<label ERT_errorTitle			="错误报告工具 - 错误"/>
	<label ERT_endMessage			="错误报告工具收集了必要的信息&#13;位置如下所示&#13;当不再需要这些信息时，您应删除此文件"/>
	<label ERT_gatheringSystemInfo		="正在收集系统信息..."/>
	<label ERT_gatheringAppConfig		="正在收集应用程序配置..."/>
	<label ERT_gatheringAppLogs		="正在收集应用程序日志..."/>
	<label ERT_gatheringInstallLogs		="正在收集安装日志..."/>
	<label ERT_gatheringAutoUpdateLogs	="正在收集自动更新日志..."/>
	<label ERT_gatheringCrashDumpLogs	="正在收集故障转储日志..."/>
	<label ERT_logsGathered			="信息收集完毕"/>
	<label ERT_enterProblemDescription	="在下面输入问题说明"/>
	<label ERT_windowTitle			="Cisco IP Communicator 错误报告"/>
	<label ERT_unableToZip			="无法压缩必要的文件"/>
	<label ERT_unableToChangeDirectory	="无法将目录更改为如下文件夹"/>
	<label ERT_unableToCopyFiles		="无法复制以下文件"/>
	<label ERT_SoftPhoneSENotFound		="无法找到已安装的 Cisco IP Communicator&#13;请确保它已正确安装"/>
	<label ERT_RemoveConfig			="删除现有的配置？"/>
	<label ERT_RemoveLogs			="删除现有的日志？"/>
	<label ERT_RemoveAction			="正在删除..."/>
	<label ERT_DeleteAction			="正在删除..."/>

</ErrorReportStrings>