﻿<?xml version="1.0"?>
<CommunicatorStrings>
	<label rtlFlag="0"/>
	<label ok="确定"/>
	<label cancel="取消"/>
	<label apply="应用"/>
	<label applyToAll="应用于全部"/>
	<label verify="确认"/>
	<label yes="是"/>
	<label no="否"/>
	<label yesToAll="全部是"/>
	<label noToAll="全部否"/>
	<label abort="中止"/>
	<label retry="重试"/>
	<label error="错误"/>
	<label edit="编辑"/>
	<label exit="退出"/>
	<label close="关闭"/>
	<label move="移动"/>
	<label view="查看"/>
	<label update="更新"/>
	<label help="帮助"/>
	<label about="关于 Cisco IP Communicator"/>
	<label proceed="继续"/>
	<label next="下一步"/>
	<label back="后退"/>
	<label show="显示 Cisco IP Communicator"/>
	<label hide="隐藏 Cisco IP Communicator"/>
	<label AGNT_checkAutoUpdate="正在检查新更新"/>
	<label finish="完成"/>
	<label accept="接受"/>
	<label acceptAll="全部接受"/>
	<label reject="拒绝"/>
	<label rejectAll="全部拒绝"/>
	<label none="无"/>
	<label network="网络"/>
	<label user="用户"/>
	<label java="Java"/>
	<label audio="音频"/>
	<label advAudio="高级音频"/>
	<label directories="目录 "/>
	<label ldapSettings="LDAP 目录设置"/>
	<label ldapUserName="用户名："/>
	<label ldapPassword="密码："/>
	<label wave="波形"/>
	<label kernelStreaming="内核流线"/>
	<label itu="ITU"/>
	<label ciscoIPPhone="Cisco IP 电话"/>
	<label speakerphone="免持话筒"/>
	<label headset="头戴式耳机"/>
	<label handset="听筒"/>
	<label ringer="振铃器"/>
	<label hid="人体学输入设备 (HID)"/>
	<label status="状态"/>
	<label title="Cisco IP Communicator"/>
	<label autoUpdate="自动更新"/>
	<label skins="外观"/>
	<label screenOnly="只屏幕显示"/>
	<label alwaysOnTop="前端显示"/>
	<label startPhone="启动电话"/>
	<label stopPhone="停止电话"/>
	<label atwMenu="音频调节向导"/>
	<label quickSearchMenu="快速搜索..."/>
	<label ciscoUserOptions="Cisco Unified CM 用户选项"/>
	<label preferences="首选项..."/>
	<label userGuide="用户手册"/>
	<label DLG_Settings="首选项"/>
	<label default="缺省值"/>
	<label file="文件"/>
	<label module="模块"/>
	<label archive="归档"/>
	<label progress="进度"/>
	<label updateType="更新类型"/>
	<label recommended="建议"/>
	<label required="必需"/>
	<label statStarting="正在启动 %s"/>
	<label statInstalling="正在安装 %s"/>
	<label statInitializing="正在初始化 %s"/>
	<label statReading="正在读取 %s"/>
	<label statConnectTFTP="正在连接到 TFTP 服务器"/>
	<label cdpDriver="CDP"/>
	<label questionMark="?"/>
	<label mtDriver="音频"/>
	<label localSettings="本地设置"/>
	<label networkSettings="网络设置"/>
	<label hibernateWarning="如果您的计算机现在休眠，Cisco IP Communicator 将断开当前的呼叫。是否要取消让您的计算机进入休眠？"/>
	<label closeWarning="如果现在退出，Cisco IP Communicator 将断开当前的呼叫。是否要退出？"/>
	<label configWarning="如果现在更改首选项，Cisco IP Communicator 将断开当前的呼叫。是否要继续？"/>
	<label configError="正在进行呼叫时卸除了一个音频设备。这将断开正在进行的呼叫。"/>
	<label undockWarning="如果现在从插接站断开您的计算机，Cisco IP Communicator 将断开当前的呼叫。是否要停止从插接站断开您的计算机？"/>
	<label endSessionWarning="如果现在终止您的 Windows 会话，Cisco IP Communicator 将断开当前的呼叫。是否要终止您的会话？"/>
	<label INF_infoCaption="Cisco IP Communicator - 信息"/>
	<label INF_TFTPRestart="无法重新启动 Cisco IP Communicator。请手动重新启动该应用程序。"/>
	<label needReboot="Cisco IP Communicator 安装了新的软件，需要重新启动您的计算机以完成安装"/>
	<label fetchingDirectories="正在提取 LDAP 目录信息"/>
	<label fetchingDialingRules="正在提取拨号规则"/>
	<label restartForLocaleChange="您需要重新启动 Communicator 以使对语言做出的更改生效"/>
	<label copyright="版权所有 © 2004-2011 Cisco Systems, Inc. 保留所有权利。"/>
	<label copyrightSplash="© 2010 Cisco Systems, Inc. 保留所有权利。有关加密进口、使用和提供咨询的信息，请参阅 [帮助] 菜单下的 [关于 Cisco IP Communicator]。 "/>
	<label versionSplash="版本 "/>
	<label versionCdp="CDP 驱动程序版本："/>
	<label versionCpmt="语音引擎版本:"/>
	<label Notices="Cisco 通告与声明:"/>
	<label NoticesText="***紧急呼叫重要通告 - 请阅读***&#13;&#10;&#13;&#10;在紧急情况下，软件电话技术可能在拨打紧急呼叫（如，110、112）时无法提供最及时或最准确的位置数据。此类呼叫可能会被误导至错误的应急中心，或者应急中心可能会在确定位置时出错。因此在紧急情况下使用软件电话时，风险自负！Cisco 对于由此产生的错误或导致的时间延迟概不负责。&#13;&#10;&#13;&#10;&#13;&#10;***有关强加密内容的声明***&#13;&#10;&#13;&#10; 本产品包含加密功能，在进出口、运输和使用方面受美国和当地国家/地区法律约束。提供 Cisco 加密产品并不表示拥有第三方进出口、分发或使用加密的权利。进口商、出口商、分销商和用户应遵守美国和当地国家/地区法律法规。使用本产品，即表示同意遵守适用的法律法规。如果不能遵守美国以及当地法律，请立即退回本产品。&#13;&#10;&#13;&#10;&#13;&#10; 若要了解有关 Cisco 加密产品的美国法律摘要，请访问:&#13;&#10;&#13;&#10;http://www.cisco.com/wwl/export/crypto/tool/stqrg.html&#13;&#10;&#13;&#10; 如果您需要更进一步的帮助，请通过 export@cisco.com 发电子邮件与我们联系。&#13;&#10;&#13;&#10;&#13;&#10;***PRT 通告***&#13;&#10;&#13;&#10;问题报告工具 (PRT) 将从您的 PC 上收集日志信息，其中可能包括联系信息、即时消息内容、电话号码以及其他可用于识别您自己或他人的信息。在诊断过程中需要使用此类信息来确定您所报告的技术问题的原因。日志可能会跨界传输并在诊断过程中临时存储起来。使用 PRT，即表示您同意向 Cisco 提供这些日志信息，以便 Cisco 能够使用 Cisco IP Communicator 解决任何技术问题。 "/>
		
	<label ERR_alreadyRunning="Cisco IP Communicator 已经在运行"/>
	<label ERR_exception="异常"/>
	<label ERR_exceptionCaption="Communicator - 异常错误"/>
	<label ERR_notDib="当前外观有问题：位图文件并非 DIB 格式"/>
	<label ERR_notOS2Supported="当前外观有问题：不支持 OS2 位图格式"/>
	<label ERR_invalidSkin="当前外观文件无效"/>
	<label ERR_invalidButton="当前外观文件具有无效的按钮"/>
	<label ERR_noStreamDev="这台计算机上没有安装兼容的声音设备。请单击 '确定' 退出。"/>
	<label ERR_noRingDev="这台计算机上没有安装兼容的声音设备。请单击 '确定' 退出。"/>
	<label ERR_noNetworkDev="这台计算机上没有兼容的网络接口。请安装一个网络接口。"/>
	<label ERR_noJVM="未配置 JVM 路径。JVM 无法在调试模式下执行。"/>
	<label ERR_invokeJVM="无法调用 JVM - JNI_CreateJavaVM()"/>
	<label ERR_noVenderInfo="配置文件中没有厂商信息"/>
	<label ERR_mismatchMAC="您选择向 Cisco CallManager 注册的网络接口已丢失或被禁用。如果您是故意卸除了这个接口，请选择“确定”并选择一个新的接口，或者选择“取消”退出。"/>
	<label ERR_mismatchVPN="您为音频选择的网络接口没有有效的 IP 地址。请选择“确定”选择另一个接口，或者选择“取消”退出。"/>
	<label ERR_noNetAdapterCC="请选择一个要向 Cisco CallManager 注册的网络接口。系统已经为您选择了一个缺省的接口。"/>
	<label ERR_deviceNameLength="设备名称无效。设备名称不能超过 15 个字符，并且必须包含字符 [a-z A-Z 0-9._-]" />
	<label ERR_noNetAdapterVPN="请为音频选择一个网络接口。"/>
	<label ERR_noTFTPServer="无法连接到 TFTP 服务器。"/>
	<label ERR_cannotReadSettings="无法读取设置"/>
	<label ERR_networkAdaptorAbsent="找不到注册时需要使用的网络适配器"/>
	<label ERR_badHostNameSpecified="首选项中指定的主机名无效"/>
	<label ERR_badNetworkInterfaceSpecified="首选项中指定的网络接口无效"/>
	<label ERR_cannotInitializeGraphics="无法初始化显示屏"/>
	<label ERR_cannotInitializeMedia="无法初始化媒体"/>
	<label ERR_cannotStartCdp="无法初始化 Cisco Emergency Responder 服务支持。请与您的系统管理员联系"/>
	<label ERR_cannotInitializeKeyboard="无法初始化键盘映射"/>
	<label ERR_cannotInitializeGUI="无法初始化图形用户界面"/>
	<label ERR_cannotAutoUpdate="无法检查更新"/>
	<label ERR_invalidDeviceLoad="设备加载无效"/>
	<label ERR_wrongAutoUpdatePath="不支持以下自动更新路径："/>
	<label ERR_invalidPortRange="指定的端口范围无效。端口只能是 1 到 65536 之间的数值。请更正端口并单击“确定”。"/>
	<label ERR_cannotLaunchCVTA="无法启动 Cisco Unified Video Advantage。"/>
	<label ERR_cvtaNotFound="需要 Cisco Unified Video Advantage 2.0(1) 版本或更高版本。"/>
	<label ERR_checkDevicePreferences="请使用“音频调节向导”或通过“首选项”菜单确保音频设备首选项正确。"/>	
	<label ERR_invalidTFTPServer="TFTP 服务器地址包含空字段。"/>
	<label ERR_invalidAudioIP="音频 IP 地址包含空字段。"/>

	<label DLG_ND_Label="输入要拨叫的姓名或号码"/>
	<label DLG_ND_MessageNone="找不到匹配项"/>
	<label DLG_ND_MessageOne="找到一个匹配项"/>
	<label DLG_ND_Message25="找到多个匹配项。下面是这些匹配结果的列表。"/>
	<label DLG_ND_Message25p="找到多个匹配项。下面是前 %d 个结果的列表。请细化您的搜索以显示更多相关的匹配项。"/>
	<label DLG_ND_MultipleMatches="多个搜索结果"/>
	<label DLG_ND_TooManyMatches="搜索结果太多"/>
	<label DLG_ND_RefineSearch="显示前 %d 个匹配项。请细化您的搜索"/>
	<label DLG_ND_QuickSearch="快速搜索"/>
	<label DLG_ND_QuickDial="快速拨号"/>
	<label DLG_ND_Search="搜索"/>
	<label DLG_ND_Dial="选择"/>
	<label DLG_ND_First="名字"/>
	<label DLG_ND_Last ="姓氏"/>
	<label DLG_ND_EMail="电子邮件"/>
	<label DLG_ND_Number="号码"/>
	<label DLG_ND_Mobile="移动电话"/>
	<label DLG_ND_ThereWereErrors="出现错误"/>
	<label DLG_ND_Label="搜索 ..."/>
	<label ERR_ND_NoSearchBase="未指定 LDAP 搜索库"/>
	<label ERR_ND_NoUserName="LDAP 验证错误：未指定用户名"/> 
	<label ERR_ND_ConnectFailed="无法打开与服务器的 LDAP 连接"/>
	<label ERR_ND_AuthFailed="登录失败。请检查用户名/密码"/>
	<label ERR_ND_FileError="写入 LDAP 结果时出现文件错误"/>
	<label ERR_ND_NoSelection="您尚未做出选择。"/>
	<label ERR_ND_NoPhoneNumbers="所选项中没有任何电话号码"/>

	<label DLG_ChoosePhoneNumber="请选择一个电话号码"/>
	<label DLG_CPN_Message="找到多个电话号码。请选择要拨打的电话号码。"/>

	<label DLG_NW_TFTPServerGroup="TFTP 服务器"/>
	<label DLG_NW_ConnConfig="CallManager 设置"/>
	<label DLG_NW_AutoTftp="使用缺省的 TFTP 服务器"/>
	<label DLG_NW_CustomTftp="使用下列 TFTP 服务器："/>
	<label DLG_NW_TFTP1="TFTP 服务器 1："/>
	<label DLG_NW_TFTP2="TFTP 服务器 2："/>
	<label DLG_NW_DeviceNameGroup="设备名"/>
	<label DLG_NW_DeviceName="设备名："/>
	<label DLG_NW_NetAdapter="网络适配器："/>
	<label DLG_NW_RadioNetAdapter="使用网络适配器生成设备名"/>
	<label DLG_NW_RadioUseDeviceName="使用此设备名"/>
	<label DLG_NW_StaticUseThisDeviceName="使用此设备名："/>

	<label DLG_Audio_Use729="为低带宽优化"/>
	<label DLG_Audio_UseDefaultDevices="使用 Windows 缺省设备"/>
	<label DLG_Audio_Advanced="高级..."/>
	<label DLG_Audio_Network="网络..."/>
	<label DLG_Audio_Selections="音频模式设备"/>
	<label DLG_Ringer_Selection="振铃器设备"/>

	<label DLG_AdvancedAudioSettings="高级音频设置"/>
	<label DLG_AudioAdv_Sidetone="侧音音量"/>
	<label DLG_AudioAdv_EnableSidetone="启用侧音"/>
	<label DLG_AudioAdv_Slider="-                        0                       +"/>
	<label DLG_AudioAdv_Microphone="麦克风音量增强"/>
	<label DLG_AudioAdv_Filters="过滤器"/>
	<label DLG_AudioAdv_Mode="模式："/>
	<label DLG_AudioAdv_PlayFilter="接听："/>
	<label DLG_AudioAdv_RecordFilter="送话："/>
	<label DLG_AudioAdv_LimitVolume="限制音量"/>
	<label DLG_AudioAdv_AudioLatency="音频质量和性能"/>
	<label DLG_AudioAdv_AudioLatencyLow="最佳（低延迟）"/>
	<label DLG_AudioAdv_AudioLatencyMedium="很好（中等延迟）"/>
	<label DLG_AudioAdv_AudioLatencyHigh="好（高延迟）"/>
	<label DLG_AudioAdv_SilenceSuppression="无声抑制"/>
	<label DLG_AudioAdv_SsDisabled="禁用（不推荐）"/>
	<label DLG_AudioAdv_NoiseSuppression="噪音抑制"/>
	<label DLG_AudioAdv_Aggressiveness="干扰级别"/>
	<label DLG_AudioAdv_AggressivenessLeast="最小"/>
	<label DLG_AudioAdv_AggressivenessMedium="中等"/>
	<label DLG_AudioAdv_AggressivenessMost="最大"/>
	<label DLG_AudioAdv_AggressivenessLow="低"/>
	<label DLG_AudioAdv_AggressivenessModerate="中"/>
	<label DLG_AudioAdv_AggressivenessHigh="高"/>
	<label DLG_AudioAdv_AggressivenessVeryHigh="很高"/>

	<label DLG_AudioAdv_AGC="自动增益控制"/>
	<label DLG_AudioAdv_EC="回声消除"/>
	<label DLG_AudioAdv_Enabled="启用"/>
	<label DLG_AudioAdv_Disabled="禁用"/>
	<label DLG_AudioAdv_Auto="自动"/>
	<label DLG_AudioAdv_Analog="模拟"/>
	<label DLG_AudioAdv_Digital="数字"/>
	<label DLG_AudioAdv_Both="两者"/>
	<label DLG_AudioAdv_Cancellation="消除"/>
	<label DLG_AudioAdv_Suppression="抑制"/>
	<label DLG_AudioAdv_UseInput="使用输入值"/>

	<label DLG_NWA="网络音频设置"/>
	<label DLG_NWA_AudioIP="音频 IP 地址"/>
	<label DLG_NWA_AutoDetectIP="自动检测"/>
	<label DLG_NWA_SelectInterface="使用此适配器的地址："/>
	<label DLG_NWA_UseThisIP="使用此地址："/>
	<label DLG_NWA_PortRange="音频端口范围"/>
	<label DLG_NWA_AutoSelectPort="使用缺省的端口范围"/>
	<label DLG_NWA_SpecifyPort="使用此端口范围："/>
	<label DLG_NWA_PortFrom="自："/>
	<label DLG_NWA_PortTo="至："/>

	<label DLG_USR_usrInfo="用户信息"/>
	<label DLG_USR_usrID="用户名："/>
	<label DLG_USR_password="密码："/>
	<label DLG_USR_usrInput="用户输入"/>
	<label DLG_USR_usbHandset="USB 听筒："/>
	<label DLG_USR_trace="排除故障"/>
	<label DLG_USR_traceEnable="启用日志"/>
	<label DLG_USR_CloseHidesApp="关闭隐藏应用程序"/>
	<label DLG_USR_BringToFront="进行呼叫时前置"/>
	<label DLG_USR_DisableToast="隐藏来电通知"/>
	<label DLG_USR_EnableAnswerHotkey="启用应答热键"/>
	<label DLG_USR_UserOptionsGroup="Cisco Unified CM 用户选项页面地址"/>
	<label DLG_USR_AutoUserOptions="使用默认值 (TFTP 服务器)"/>
	<label DLG_USR_SpecifyUserOptions="使用特定 URL"/>

	<label SKINS_Main_MessageWaiting="留言通知"/>
	<label SKINS_ButtonSets_Close="关闭"/>
	<label SKINS_ButtonSets_Minimize="最小化"/>
	<label SKINS_ButtonSets_Mode="模式"/>
	<label SKINS_ButtonSets_Menu="菜单"/>
	<label SKINS_lines_Line1="第 1 行"/>
	<label SKINS_lines_Line2="第 2 行"/>
	<label SKINS_lines_Line3="第 3 行"/>
	<label SKINS_lines_Line4="第 4 行"/>
	<label SKINS_lines_Line5="第 5 行"/>
	<label SKINS_lines_Line6="第 6 行"/>
	<label SKINS_lines_Line7="第 7 行"/>
	<label SKINS_lines_Line8="第 8 行"/>
	<label SKINS_keypad_One="1"/>
	<label SKINS_keypad_Two="2"/>
	<label SKINS_keypad_Three="3"/>
	<label SKINS_keypad_Four="4"/>
	<label SKINS_keypad_Five="5"/>
	<label SKINS_keypad_Six="6"/>
	<label SKINS_keypad_Seven="7"/>
	<label SKINS_keypad_Eight="8"/>
	<label SKINS_keypad_Nine="9"/>
	<label SKINS_keypad_Star="星号键"/>
	<label SKINS_keypad_Zero="0"/>
	<label SKINS_keypad_Pound="井号键"/>
	<label SKINS_softkeys_Softkey1="软键 1"/>
	<label SKINS_softkeys_Softkey2="软键 2"/>
	<label SKINS_softkeys_Softkey3="软键 3"/>
	<label SKINS_softkeys_Softkey4="软键 4"/>
	<label SKINS_softkeys_Softkey5="软键 5"/>
	<label SKINS_features_Messages="留言"/>
	<label SKINS_features_Services="服务"/>
	<label SKINS_features_Settings="设置"/>
	<label SKINS_features_Directories="目录"/>
	<label SKINS_features_Information="帮助"/>
	<label SKINS_controls_Headset="头戴式耳机"/>
	<label SKINS_controls_Mute="静音"/>
	<label SKINS_controls_Speaker="扬声器"/>
	<label SKINS_controls_VolumeDown="减小音量"/>
	<label SKINS_controls_VolumeUp="增大音量"/>
	<label SKINS_navigation_Navigation="导航"/>
	<label SKINS_navigation_Up="上"/>
	<label SKINS_navigation_Down="下"/>
	<label SKINS_navigation_Left="左"/>
	<label SKINS_navigation_Right="右"/>

	<label DLG_AUDIO_LatencyOptimization="滞后优化"/>
	<label DLG_AUDIO_LowDelay="低延迟"/>
	<label DLG_AUDIO_MediumDelay="中等延迟"/>
	<label DLG_AUDIO_HighDelay="高延迟"/>
	<label DLG_AUDIO_VeryHighDelay="极高延迟"/>
	<label DLG_AUDIO_LowestLatency="最低滞后"/>
	<label DLG_AUDIO_HighestLatency="最高滞后"/>
	<label DLG_AUDIO_Default="缺省设置"/>
	<label DLG_AUDIO_Recommended="建议首先使用最低设置，然后根据需要继续使用下一个设置。"/>
	<label DLG_AUDIO_Speaker="扬声器"/>	
	<label DLG_AUDIO_Mic="麦克风"/>
	<label DLG_AUDIO_SpeakerBuffer="扬声器缓冲区编号"/>
	<label DLG_AUDIO_MicBuffer="麦克风缓冲区编号"/>

	<label DLG_TRACE_Tracing="跟踪"/>
	<label DLG_TRACE_GUI="GUI"/>
	<label DLG_TRACE_CallControl="呼叫控制"/>
	<label DLG_TRACE_Media="音频"/>
	<label DLG_TRACE_CDP="CDP"/>
	<label DLG_TRACE_ATW="音频调节向导"/>
	<label DLG_TRACE_R2d="启用电话显示屏"/>
	<label DLG_TRACE_Levels="跟踪级别"/>
	<label DLG_TRACE_Errors="错误"/>
	<label DLG_TRACE_Detailed="详细信息"/>
	<label DLG_TRACE_Low="低"/>
	<label DLG_TRACE_Med="中等"/>
	<label DLG_TRACE_High="高"/>
	<label DLG_TRACE_All="全部"/>

	<label DLG_L10N_Language="语言"/>
	<label DLG_L10N_Locale="区域设置"/>

	<label ChangeInterfaceWarningText="更改网络接口可能会导致 Cisco IP Communicator 停止运行。在更改此参数之前，请与您的系统管理员联系。"/>
	<label ChangeInterfaceWarningCaption="警告"/>

	<label ChangeProtocolWarningText="此设备的呼叫控制协议已更改。请单击  '确定' 重新启动 Cisco IP Communicator。"/>
	<label JPhoneStartupErrorText="Cisco IP Communicator 无法初始化电话应用程序，将会立即退出。是否要重新启动 Cisco IP Communicator?"/>
	<label AutoUpdateNeedUpdatesText="Cisco IP Commnunicator 现在可以进行更新了。应用程序需要在更新过程中关闭。是否要继续更新?"/>

	<label CheckingLocaleUpdates="正在检查区域设置更改..."/>

<!-- ETOUCH -->
	<label Paste="粘贴"/>
	<label AnswerCall="应答"/>
	<label IgnoreCall="忽略"/>
	<label UnknownCaller="未知"/>
<!-- ETOUCH -->
	<SkinLocMap>
		<entry file="Default" name="缺省模式" />
		<entry file="Mercurio" name="精简模式" />
	</SkinLocMap>

</CommunicatorStrings>