<?xml version="1.0" encoding="UTF-8"?>
<TuningWizardStrings>
	<label rtlFlag="0"/>
        <label discardChanges= "Er du sikker på, at du vil afslutte nu og annullere alle ændringer?"/>

        <label noPlay        = "Guiden Lydjustering kan ikke konfigurere denne enhed til at afspille lyd. Cisco IP Communicator fungerer muligvis ikke korrekt sammen med denne enhed."/>

        <label unmute        = "Lyden til %s blev slået fra, men guiden Lydjustering har afhjulpet problemet. Hvis du stadig ikke kan afspille lydeksemplet, fungerer Cisco IP Communicator muligvis ikke korrekt sammen med denne enhed."/>

        <label noMicInput    = "Guiden Lydjustering kan ikke konfigurere %s til at indspille lyd. Cisco IP Communicator fungerer muligvis ikke korrekt sammen med denne enhed."/>

        <label setMicInput   = "%s blev ikke konfigureret til at indspille lyd via mikrofonen, men guiden Lydjustering har afhjulpet problemet. Hvis du stadig ikke kan indspille lyd, fungerer Cisco IP Communicator muligvis ikke korrekt sammen med denne enhed."/>

        <label unmuteMic     = "Mikrofonen til %s blev slået fra, men guiden Lydjustering har afhjulpet problemet. Hvis du stadig ikke kan indspille lyd, fungerer Cisco IP Communicator muligvis ikke korrekt sammen med denne enhed."/>

        <label MicInUse      = "Mikrofonen kunne ikke overvåges. Kontroller følgende: (1) Der er et igangværende opkald (2) Et andet program bruger mikrofonen (3) Mikrofonen er slået fra"/>

        <label troubleshootmenu1    = "Indstillinger og fejloplysninger for guiden Lydjustering blev gemt på %s"/>
        <label troubleshootmenu3    = "Vil du åbne Cisco Unified problemrapporteringsværktøj nu?"/>

        <label missingdevice1    = "%s mangler eller er ikke tilsluttet korrekt. Tilslut enheden igen, og vælg OK."/>
        <label missingdevice3    = "Hvis du vil vælge en anden enhed ved hjælp af guiden Justering, skal du vælge Annuller."/>
	<label noSoundDevices    = "Der er ikke installeret nogen kompatible lydenheder på denne computer. Klik på 'OK' for at afslutte."/> 
	<label devicesNotTuned = "Hvis du ikke justerer lydenhederne, fungerer lyden muligvis ikke korrekt i Communicator. Er du sikker på, at du vil annullere?"/> 
	
        <label copyright     = "Copyright © 2004-2011 Cisco Systems, Inc. Alle rettigheder forbeholdes."/>

	<label title	     = "Guiden Lydjustering"/>
        <label test          = "Test"/>
        <label play          = "Afspil"/>
        <label stop          = "Stop"/>

        <label page1title    = "Guiden Lydjustering - vælg lydenheder"/>
	<label headset       = "Hovedsæt:"/>
	<label speakerphone  = "Højttalertelefon:"/>
	<label ringer        = "Ringer:"/>
	<label handset       = "Håndsæt:"/>

        <label page2title          = "Guiden Lydjustering - tilpas den indgående lydstyrke for %s"/>
	<label page2playbackdevice = "Afspilningsenhed:"/>	
        <label page2wavevolume     = "Bølgestyrke:"/>
        <label page2mastervolume   = "Overordnet lydstyrke:"/>
	<label page2enabled        = "Aktiveret"/>

        <label page3title          = "Guiden Lydjustering - tilpas mikrofonens lydstyrke for %s"/>
        <label page3device         = "Indspilningsenhed:"/>
        <label page3finegain       = "Nuanceret lydstyrke:"/>
        <label page3coarsegain     = "Overordnet lydstyrke:"/>
        <label page3enable         = "Aktiver"/>
        <label page3highgain       = "Forstærkning af mikrofon"/>
        <label page3playback       = "Afspil"/>
        <label page4title    = "Guiden Lydjustering - AEC-kvalitetsvurderingstest for %s"/>

        <label checktitle    = "Guiden Lydjustering - kontroller lydindstillinger"/>
        <label checkdisable  = "Spørg mig ikke igen"/>
        <label revert        = "Tilbagefør"/>
        <label tune          = "Juster"/>
	<label skip	     = "Skip"/>

        <label yes           = "Ja"/>
        <label no            = "Nej"/>
        <label ok            = "OK"/>
        <label cancel        = "Annuller"/>
        <label back          = "Tilbage"/>
        <label next          = "Næste"/>
        <label finish        = "Udfør"/>
	  <label Help        = "Hjælp"/>
        <label Troubleshooting        = "Fejlfinding Info..."/>
        <label About        = "Om guiden Lydjustering.."/>
	<label UseDefaultDevices 	= "Brug Windows standard enheder"/>
        <label errOpenSoundCard		= "Kunne ikke skifte lydenhed til "/>
        
        <label AboutTitle		= "Om guiden Lydjustering"/>
        <label Move		= "Flyt"/>
        <label Close		= "Luk"/>
        <label AlreadyRunning		= "En anden forekomst af guiden Lydjustering kører nu!"/>
        <label FileOpenFailure		= "Det lykkedes ikke at åbne %s"/>
        <label MicInError		= "Fejl: Mic-input ligger udenfor området"/>


	<label checksettingshelp = "{\rtf1\ansi\ansicpg1252\deff0\stshfdbch0\stshfloch0\stshfhich0\stshfbi0{\fonttbl{\f0\fnil\fcharset0\fprq2{\*\panose 02020603050405020304}Times New Roman;}{\f1\fnil\fcharset0\fprq2{\*\panose 020b0604020202020204}Arial;}{\f2\fnil\fcharset0\fprq1{\*\panose 02070309020205020404}Courier New;}{\f3\fnil\fcharset2\fprq2{\*\panose 05050102010706020507}Symbol;}{\f37\fnil\fcharset0\fprq2 Times New Roman CE;}{\f38\fnil\fcharset0\fprq2 Times New Roman Cyr;}{\f40\fnil\fcharset0\fprq2 Times New Roman Greek;}{\f41\fnil\fcharset0\fprq2 Times New Roman Tur;}{\f42\fnil\fcharset0\fprq2 Times New Roman (Hebrew);}{\f43\fnil\fcharset0\fprq2 Times New Roman (Arabic);}{\f44\fnil\fcharset0\fprq2 Times New Roman Baltic;}{\f45\fnil\fcharset0\fprq2 Times New Roman (Vietnamese);}{\f47\fnil\fcharset0\fprq2 Arial CE;}{\f48\fnil\fcharset0\fprq2 Arial Cyr;}{\f50\fnil\fcharset0\fprq2 Arial Greek;}{\f51\fnil\fcharset0\fprq2 Arial Tur;}{\f52\fnil\fcharset0\fprq2 Arial (Hebrew);}{\f53\fnil\fcharset0\fprq2 Arial (Arabic);}{\f54\fnil\fcharset0\fprq2 Arial Baltic;}{\f55\fnil\fcharset0\fprq2 Arial (Vietnamese);}{\f57\fnil\fcharset0\fprq1 Courier New CE;}{\f58\fnil\fcharset0\fprq1 Courier New Cyr;}{\f60\fnil\fcharset0\fprq1 Courier New Greek;}{\f61\fnil\fcharset0\fprq1 Courier New Tur;}{\f62\fnil\fcharset0\fprq1 Courier New (Hebrew);}{\f63\fnil\fcharset0\fprq1 Courier New (Arabic);}{\f64\fnil\fcharset0\fprq1 Courier New Baltic;}{\f65\fnil\fcharset0\fprq1 Courier New (Vietnamese);}}{\colortbl;\red0\green0\blue0;\red0\green0\blue255;\red0\green255\blue255;\red0\green255\blue0;\red255\green0\blue255;\red255\green0\blue0;\red255\green255\blue0;\red255\green255\blue255;\red0\green0\blue128;\red0\green128\blue128;\red0\green128\blue0;\red128\green0\blue128;\red128\green0\blue0;\red128\green128\blue0;\red128\green128\blue128;\red192\green192\blue192;}{\stylesheet{\ql \li0\ri0\widctlpar\aspalpha\aspnum\faauto\adjustright\rin0\lin0\itap0 \fs24\cgrid\snext0 Normal;}{\*\cs10 \additive \ssemihidden Default Paragraph Font;}{\*\ts11\tsrowd\trftsWidthB3\trpaddl108\trpaddr108\trpaddfl3\trpaddft3\trpaddfb3\trpaddfr3\trcbpat1\trcfpat1\tscellwidthfts0\tsvertalt\tsbrdrt\tsbrdrl\tsbrdrb\tsbrdrr\tsbrdrdgl\tsbrdrdgr\tsbrdrh\tsbrdrv \ql \li0\ri0\widctlpar\aspalpha\aspnum\faauto\adjustright\rin0\lin0\itap0 \fs20\cgrid\snext11 \ssemihidden Normal Table;}{\s15\ql \li0\ri0\widctlpar\tx916\tx1832\tx2748\tx3664\tx4580\tx5496\tx6412\tx7328\tx8244\tx9160\tx10076\tx10992\tx11908\tx12824\tx13740\tx14656\aspalpha\aspnum\faauto\adjustright\rin0\lin0\itap0 \f2\fs20\cgrid\sbasedon0 \snext15 \styrsid8083252 HTML Preformatted;}{\*\cs16 \additive \sbasedon10 \styrsid8083252 changedtext;}}{\*\latentstyles\lsdstimax156\lsdlockeddef0}{\*\pgptbl {\pgp\ipgp0\itap0\li0\ri0\sb0\sa0}}{\*\rsidtbl \rsid5791440\rsid8083252\rsid11369555
}{\*\generator Microsoft Word 11.0.6568;}{\info{\author Cisco Systems, Inc.}{\operator Gary Resurreccion}{\creatim\yr2005\mo12\dy16\hr14\min14}{\revtim\yr2006\mo3\dy15\hr18\min11}{\version3}{\edmins3}{\nofpages1}{\nofwords43}{\nofchars246}{\*\company Cisco Systems, Inc.}{\nofcharsws288}{\vern24579}}\widowctrl\ftnbj\aenddoc\noxlattoyen\expshrtn\noultrlspc\dntblnsbdb\nospaceforul\hyphcaps0\horzdoc\dghspace120\dgvspace120\dghorigin1701\dgvorigin1984\dghshow0\dgvshow3\jcompress\viewkind4\viewscale100\nolnhtadjtbl\rsidroot8083252 \fet0\sectd \linex0\sectdefaultcl\sftnbj {\*\pnseclvl1\pnucrm\pnstart1\pnindent720\pnhang {\pntxta .}}{\*\pnseclvl2\pnucltr\pnstart1\pnindent720\pnhang {\pntxta .}}{\*\pnseclvl3\pndec\pnstart1\pnindent720\pnhang {\pntxta .}}{\*\pnseclvl4\pnlcltr\pnstart1\pnindent720\pnhang {\pntxta )}}{\*\pnseclvl5\pndec\pnstart1\pnindent720\pnhang {\pntxtb (}{\pntxta )}}{\*\pnseclvl6\pnlcltr\pnstart1\pnindent720\pnhang {\pntxtb (}{\pntxta )}}{\*\pnseclvl7\pnlcrm\pnstart1\pnindent720\pnhang {\pntxtb (}{\pntxta )}}{\*\pnseclvl8\pnlcltr\pnstart1\pnindent720\pnhang {\pntxtb (}{\pntxta )}}{\*\pnseclvl9\pnlcrm\pnstart1\pnindent720\pnhang {\pntxtb (}{\pntxta )}}\pard\plain \s15\ql \li0\ri0\widctlpar\tx916\tx1832\tx2748\tx3664\tx4580\tx5496\tx6412\tx7328\tx8244\tx9160\tx10076\tx10992\tx11908\tx12824\tx13740\tx14656\aspalpha\aspnum\faauto\adjustright\rin0\lin0\itap0\f2\fs20\cgrid{\cs16\f1\fs18 Computerens lydindstillinger er \'e6ndret, siden den blev konfigureret til Cisco IP Communicator.}{\f1\fs18
}{\f1\fs18\par }
{\f1\fs18}\pard\plain \ql \li0\ri0\nowidctlpar\faauto\rin0\lin0\itap0 \fs24\cgrid{\f1\fs18 V\'e6lg:}{\f1\fs18\par }
{\f1\fs18
}{\f1\fs18\par }
{\f1\fs18}\pard \ql \fi-360\li360\ri0\nowidctlpar\tx360\faauto\rin0\lin360\itap0 {\f3\fs18 \'b7  }{\b {\f1\fs18 Tilbagef\'f8r}}{\f1\fs18  for at \'e6ndre lydindstillingerne tilbage, som de}{\f1\fs18\par }
{\f1\fs18     oprindeligt blev indstillet}{\f1\fs18\par }
{\f1\fs18}\pard \ql \fi-360\li360\ri0\nowidctlpar\faauto\rin0\lin360\itap0 {\f3\fs18 \'b7  }{\b {\f1\fs18 Indstil}}{\f1\fs18  for at se eller redigere de aktuelle lydindstillinger}{\f1\fs18\par }
{\f1\fs18}{\f3\fs18 \'b7  }{\b {\f1\fs18 Skip}}{\f1\fs18  for at forts\'e6tte med de aktuelle lydindstillinger}{\f1\fs18\par }
{\f1\fs18}
}"/>

	<label checknewdevicehelp = "{\rtf1\ansi\ansicpg1252\deff0{\fonttbl{\f0\fnil\fprq2\fcharset0 Arial;}{\f1\fnil\fprq2\fcharset2 Symbol;}}{\*\generator Msftedit 5.41.21.2500;}\viewkind4\pard\nowidctlpar\f0\fs18 Nogle af de valgte lydenheder har aldrig v\'e6ret konfigureret til brug med Cisco IP Communicator. V\'e6lg:
\par\pard\nowidctlpar\fi-360\li360\tx360
\par\pard\nowidctlpar\fi-360\li360\f1 \'b7  \b\f0 Indstil\b0  for at konfigurere enhederne eller v\'e6lge forskellige enheder
\par\pard\nowidctlpar\fi-360\li360\f1 \'b7  \b\f0 Cancel\b0  for at forts\'e6tte med de aktuelle lydindstillinger
\par

} "/>

	<label page0help = "{\rtf1\ansi\ansicpg1252\deff1\stshfdbch0\stshfloch0\stshfhich0\stshfbi0{\fonttbl{\f0\fnil\fcharset0\fprq2{\*\panose 02020603050405020304}Times New Roman;}{\f1\fnil\fcharset0\fprq2{\*\panose 020b0604020202020204}Arial;}{\f2\fnil\fcharset0\fprq1{\*\panose 02070309020205020404}Courier New;}{\f37\fnil\fcharset0\fprq2 Times New Roman CE;}{\f38\fnil\fcharset0\fprq2 Times New Roman Cyr;}{\f40\fnil\fcharset0\fprq2 Times New Roman Greek;}{\f41\fnil\fcharset0\fprq2 Times New Roman Tur;}{\f42\fnil\fcharset0\fprq2 Times New Roman (Hebrew);}{\f43\fnil\fcharset0\fprq2 Times New Roman (Arabic);}{\f44\fnil\fcharset0\fprq2 Times New Roman Baltic;}{\f45\fnil\fcharset0\fprq2 Times New Roman (Vietnamese);}{\f47\fnil\fcharset0\fprq2 Arial CE;}{\f48\fnil\fcharset0\fprq2 Arial Cyr;}{\f50\fnil\fcharset0\fprq2 Arial Greek;}{\f51\fnil\fcharset0\fprq2 Arial Tur;}{\f52\fnil\fcharset0\fprq2 Arial (Hebrew);}{\f53\fnil\fcharset0\fprq2 Arial (Arabic);}{\f54\fnil\fcharset0\fprq2 Arial Baltic;}{\f55\fnil\fcharset0\fprq2 Arial (Vietnamese);}{\f57\fnil\fcharset0\fprq1 Courier New CE;}{\f58\fnil\fcharset0\fprq1 Courier New Cyr;}{\f60\fnil\fcharset0\fprq1 Courier New Greek;}{\f61\fnil\fcharset0\fprq1 Courier New Tur;}{\f62\fnil\fcharset0\fprq1 Courier New (Hebrew);}{\f63\fnil\fcharset0\fprq1 Courier New (Arabic);}{\f64\fnil\fcharset0\fprq1 Courier New Baltic;}{\f65\fnil\fcharset0\fprq1 Courier New (Vietnamese);}}{\colortbl;\red0\green0\blue0;\red0\green0\blue255;\red0\green255\blue255;\red0\green255\blue0;\red255\green0\blue255;\red255\green0\blue0;\red255\green255\blue0;\red255\green255\blue255;\red0\green0\blue128;\red0\green128\blue128;\red0\green128\blue0;\red128\green0\blue128;\red128\green0\blue0;\red128\green128\blue0;\red128\green128\blue128;\red192\green192\blue192;}{\stylesheet{\ql \li0\ri0\nowidctlpar\faauto\rin0\lin0\itap0 \f1\fs24\cgrid\snext0 Normal;}{\s1\ql \li0\ri0\nowidctlpar\faauto\outlinelevel0\rin0\lin0\itap0 \f1\fs24\cgrid\sbasedon0 \snext0 heading 1;}{\*\cs10 \additive \ssemihidden Default Paragraph Font;}{\*\ts11\tsrowd\trftsWidthB3\trpaddl108\trpaddr108\trpaddfl3\trpaddft3\trpaddfb3\trpaddfr3\trcbpat1\trcfpat1\tscellwidthfts0\tsvertalt\tsbrdrt\tsbrdrl\tsbrdrb\tsbrdrr\tsbrdrdgl\tsbrdrdgr\tsbrdrh\tsbrdrv \ql \li0\ri0\widctlpar\aspalpha\aspnum\faauto\adjustright\rin0\lin0\itap0 \fs20\cgrid\snext11 \ssemihidden Normal Table;}{\s15\ql \li0\ri0\widctlpar\tx916\tx1832\tx2748\tx3664\tx4580\tx5496\tx6412\tx7328\tx8244\tx9160\tx10076\tx10992\tx11908\tx12824\tx13740\tx14656\aspalpha\aspnum\faauto\adjustright\rin0\lin0\itap0 \f2\fs20\cgrid\sbasedon0 \snext15 \styrsid4137108 HTML Preformatted;}{\*\cs16 \additive \sbasedon10 \styrsid4137108 changedtext;}}{\*\latentstyles\lsdstimax156\lsdlockeddef0}{\*\pgptbl {\pgp\ipgp0\itap0\li0\ri0\sb0\sa0}{\pgp\ipgp0\itap0\li0\ri0\sb0\sa0}}{\*\rsidtbl \rsid4137108\rsid4202610\rsid8399201\rsid9447335}{\*\generator Microsoft Word 11.0.6502;}{\info{\title Use this wizard to Select and Tune Audio Devices}{\author Ganesan Venkataraman (gvenkata)}{\operator Cisco Systems, Inc.}{\creatim\yr2003\mo5\dy31\hr16\min47}{\revtim\yr2005\mo12\dy16\hr14\min52}{\version13}{\edmins21}{\nofpages1}{\nofwords59}{\nofchars339}{\*\company Cisco Systems, Inc.}{\nofcharsws397}{\vern24579}}\widowctrl\ftnbj\aenddoc\noxlattoyen\expshrtn\noultrlspc\dntblnsbdb\nospaceforul\hyphcaps0\horzdoc\dghspace120\dgvspace120\dghorigin1701\dgvorigin1984\dghshow0\dgvshow3\jcompress\viewkind4\viewscale100\nolnhtadjtbl\rsidroot4137108 \fet0\sectd \linex0\sectdefaultcl\sftnbj {\*\pnseclvl1\pnucrm\pnstart1\pnindent720\pnhang {\pntxta .}}{\*\pnseclvl2\pnucltr\pnstart1\pnindent720\pnhang {\pntxta .}}{\*\pnseclvl3\pndec\pnstart1\pnindent720\pnhang {\pntxta .}}{\*\pnseclvl4\pnlcltr\pnstart1\pnindent720\pnhang {\pntxta )}}{\*\pnseclvl5\pndec\pnstart1\pnindent720\pnhang {\pntxtb (}{\pntxta )}}{\*\pnseclvl6\pnlcltr\pnstart1\pnindent720\pnhang {\pntxtb (}{\pntxta )}}{\*\pnseclvl7\pnlcrm\pnstart1\pnindent720\pnhang {\pntxtb (}{\pntxta )}}{\*\pnseclvl8\pnlcltr\pnstart1\pnindent720\pnhang {\pntxtb (}{\pntxta )}}{\*\pnseclvl9\pnlcrm\pnstart1\pnindent720\pnhang {\pntxtb (}{\pntxta )}}\pard\plain \s1\ql \li0\ri0\sa80\keepn\nowidctlpar\faauto\outlinelevel0\rin0\lin0\itap0 \f1\fs24\cgrid{\b {\i {\fs20 V\'e6lg og indstil lydenheder}}}{\b {\i {\fs20\par }}}
{\b {\i {\fs20}}}\pard\plain \ql \li0\ri0\nowidctlpar\faauto\rin0\lin0\itap0 \f1\fs24\cgrid{\fs18
}{\fs18\par }
{\fs18 F\'f8r du g\'e5r i gang:}{\fs18\par }
{\fs18
}{\fs18\par }
{\fs18 Luk alle andre programmer, der afspiller eller optager lyd, f.eks. Microsoft Sound Recorder.}{\fs18\par }
{\fs18
}{\fs18\par }
{\fs18 S\'f8rg for, at de lydenheder (hovedtelefoner, h\'f8jttalere, mikrofon og h\'e5nds\'e6t), der skal bruges, er tilsluttet og t\'e6ndt.}{\fs18\par }
{\fs18
}{\fs18\par }
{\fs18}\pard \ql \li0\ri0\widctlpar\tx916\tx1832\tx2748\tx3664\tx4580\tx5496\tx6412\tx7328\tx8244\tx9160\tx10076\tx10992\tx11908\tx12824\tx13740\tx14656\aspalpha\aspnum\faauto\adjustright\rin0\lin0\itap0{\fs18
Hvis du bruger et hoveds\'e6t, skal mikrofonen placeres s\'e5 t\'e6t p\'e5 munden, som hoveds\'e6ttets fabrikant anbefaler.}{\fs18\par }
{\fs18}\pard \ql \li0\ri0\nowidctlpar\faauto\rin0\lin0\itap0 {\fs18
}{\fs18\par }
{\fs18 V\'e6lg N\'e6ste for at forts\'e6tte.}{\fs18\par }
{\fs18}
}"/>

	<label page1help = "{\rtf1\ansi\ansicpg1252\deff0{\fonttbl{\f0\fnil\fcharset0 Arial;}}{\*\generator Msftedit 5.41.15.1507;}\viewkind4\pard\b\i\f0\fs20 V\'e6lg lydenheder\b0\i0
\par\fs18 For hver lydindstilling skal du v\'e6lge den enhed, du \'f8nsker, at Communicator skal bruge. Der henvises til brugervejledningen for yderligere beskrivelser af lydenhederne og deres funktioner.
\par

\par

}"/>

	<label page2help = "{\rtf1\ansi\ansicpg1252\deff0{\fonttbl{\f0\fnil\fprq2\fcharset0 Arial;}{\f1\fswiss\fprq2\fcharset0 Arial;}{\f2\fnil\fprq2\fcharset0 Times New Roman;}}
{\*\generator Msftedit 5.41.15.1507;}\viewkind4\uc1\pard\nowidctlpar\sa80\lang1033\b\i\f0\fs20 Juster lydstyrken\b0\i0\par
\pard\tx916\tx1832\tx2748\tx3664\tx4580\tx5496\tx6412\tx7328\tx8244\tx9160\tx10076\tx10992\tx11908\tx12824\tx13740\tx14656\fs18 S\'f8rg for, at du lytter til afspilningsenheden nedenfor. Hvis enheden har eksterne knapper til regulering af lydstyrken, skal du skrue dem helt op, f\'f8r du foretager juste\f1 ringen. Tryk p\'e5 \b\f0 Play\b0 -knappen, og juster lydstyrke-skydeknapperne, indtil testlydene afspilles ved et behageligt niveau. Hvis der vises b\'e5de en Master- og en Wave-skydeknap, kan du pr\'f8ve at indstille Wave-skydeknappen til 75 % og derefter justere Master-skydeknappen til et behageligt niveau.\par
\pard\nowidctlpar\f2\fs24\par
}
"/>

	<label page3help = "{\rtf1\ansi\ansicpg1252\deff0\stshfdbch0\stshfloch0\stshfhich0\stshfbi0{\fonttbl{\f0\fnil\fcharset0\fprq2{\*\panose 02020603050405020304}Times New Roman;}{\f1\fnil\fcharset0\fprq2{\*\panose 020b0604020202020204}Arial;}{\f2\fnil\fcharset0\fprq1{\*\panose 02070309020205020404}Courier New;}{\f125\fnil\fcharset0\fprq2 Times New Roman CE;}{\f126\fnil\fcharset0\fprq2 Times New Roman Cyr;}{\f128\fnil\fcharset0\fprq2 Times New Roman Greek;}{\f129\fnil\fcharset0\fprq2 Times New Roman Tur;}{\f130\fnil\fcharset0\fprq2 Times New Roman (Hebrew);}{\f131\fnil\fcharset0\fprq2 Times New Roman (Arabic);}{\f132\fnil\fcharset0\fprq2 Times New Roman Baltic;}{\f133\fnil\fcharset0\fprq2 Times New Roman (Vietnamese);}{\f135\fnil\fcharset0\fprq2 Arial CE;}{\f136\fnil\fcharset0\fprq2 Arial Cyr;}{\f138\fnil\fcharset0\fprq2 Arial Greek;}{\f139\fnil\fcharset0\fprq2 Arial Tur;}{\f140\fnil\fcharset0\fprq2 Arial (Hebrew);}{\f141\fnil\fcharset0\fprq2 Arial (Arabic);}{\f142\fnil\fcharset0\fprq2 Arial Baltic;}{\f143\fnil\fcharset0\fprq2 Arial (Vietnamese);}{\f145\fnil\fcharset0\fprq1 Courier New CE;}{\f146\fnil\fcharset0\fprq1 Courier New Cyr;}{\f148\fnil\fcharset0\fprq1 Courier New Greek;}{\f149\fnil\fcharset0\fprq1 Courier New Tur;}{\f150\fnil\fcharset0\fprq1 Courier New (Hebrew);}{\f151\fnil\fcharset0\fprq1 Courier New (Arabic);}{\f152\fnil\fcharset0\fprq1 Courier New Baltic;}{\f153\fnil\fcharset0\fprq1 Courier New (Vietnamese);}}{\colortbl;\red0\green0\blue0;\red0\green0\blue255;\red0\green255\blue255;\red0\green255\blue0;\red255\green0\blue255;\red255\green0\blue0;\red255\green255\blue0;\red255\green255\blue255;\red0\green0\blue128;\red0\green128\blue128;\red0\green128\blue0;\red128\green0\blue128;\red128\green0\blue0;\red128\green128\blue0;\red128\green128\blue128;\red192\green192\blue192;}{\stylesheet{\ql \li0\ri0\widctlpar\aspalpha\aspnum\faauto\adjustright\rin0\lin0\itap0 \fs24\cgrid\snext0 Normal;}{\*\cs10 \additive \ssemihidden Default Paragraph Font;}{\*\ts11\tsrowd\trftsWidthB3\trpaddl108\trpaddr108\trpaddfl3\trpaddft3\trpaddfb3\trpaddfr3\trcbpat1\trcfpat1\tscellwidthfts0\tsvertalt\tsbrdrt\tsbrdrl\tsbrdrb\tsbrdrr\tsbrdrdgl\tsbrdrdgr\tsbrdrh\tsbrdrv \ql \li0\ri0\widctlpar\aspalpha\aspnum\faauto\adjustright\rin0\lin0\itap0 \fs20\cgrid\snext11 \ssemihidden Normal Table;}{\s15\ql \li0\ri0\widctlpar\tx916\tx1832\tx2748\tx3664\tx4580\tx5496\tx6412\tx7328\tx8244\tx9160\tx10076\tx10992\tx11908\tx12824\tx13740\tx14656\aspalpha\aspnum\faauto\adjustright\rin0\lin0\itap0 \f2\fs20\cgrid\sbasedon0 \snext15 \styrsid4813480 HTML Preformatted;}{\*\cs16 \additive \sbasedon10 \styrsid4813480 changedtext;}}{\*\latentstyles\lsdstimax156\lsdlockeddef0}{\*\pgptbl {\pgp\ipgp0\itap0\li0\ri0\sb0\sa0}}{\*\rsidtbl \rsid4813480\rsid9242814}{\*\generator Microsoft Word 11.0.6502;}{\info{\author Cisco Systems, Inc.}{\operator Cisco Systems, Inc.}{\creatim\yr2005\mo12\dy16\hr14\min25}{\revtim\yr2005\mo12\dy16\hr14\min27}{\version2}{\edmins2}{\nofpages1}{\nofwords87}{\nofchars496}{\*\company Cisco Systems, Inc.}{\nofcharsws582}{\vern24579}}\widowctrl\ftnbj\aenddoc\noxlattoyen\expshrtn\noultrlspc\dntblnsbdb\nospaceforul\hyphcaps0\horzdoc\dghspace120\dgvspace120\dghorigin1701\dgvorigin1984\dghshow0\dgvshow3\jcompress\viewkind4\viewscale100\nolnhtadjtbl\rsidroot4813480 \fet0\sectd \linex0\sectdefaultcl\sftnbj {\*\pnseclvl1\pnucrm\pnstart1\pnindent720\pnhang {\pntxta .}}{\*\pnseclvl2\pnucltr\pnstart1\pnindent720\pnhang {\pntxta .}}{\*\pnseclvl3\pndec\pnstart1\pnindent720\pnhang {\pntxta .}}{\*\pnseclvl4\pnlcltr\pnstart1\pnindent720\pnhang {\pntxta )}}{\*\pnseclvl5\pndec\pnstart1\pnindent720\pnhang {\pntxtb (}{\pntxta )}}{\*\pnseclvl6\pnlcltr\pnstart1\pnindent720\pnhang {\pntxtb (}{\pntxta )}}{\*\pnseclvl7\pnlcrm\pnstart1\pnindent720\pnhang {\pntxtb (}{\pntxta )}}{\*\pnseclvl8\pnlcltr\pnstart1\pnindent720\pnhang {\pntxtb (}{\pntxta )}}{\*\pnseclvl9\pnlcrm\pnstart1\pnindent720\pnhang {\pntxtb (}{\pntxta )}}\pard\plain \ql \li0\ri0\sa80\nowidctlpar\faauto\rin0\lin0\itap0 \fs24\cgrid{\b {\i {\f1\fs20 Juster mikrofonens optageniveau}}}{\f1\fs20
}{\f1\fs20\par }
{\f1\fs20}\pard\plain \s15\ql \li0\ri0\widctlpar\tx916\tx1832\tx2748\tx3664\tx4580\tx5496\tx6412\tx7328\tx8244\tx9160\tx10076\tx10992\tx11908\tx12824\tx13740\tx14656\aspalpha\aspnum\faauto\adjustright\rin0\lin0\itap0\f2\fs20\cgrid{\cs16\f1\fs18 S\'f8rg for, at du taler ind i den optageenhed, der er angivet nedenfor. }{\cs16\f1\fs18 Klik p\'e5 }{\b {\cs16\f1\fs18 Test}}{\cs16\f1\fs18 -knappen, og l\'e6s denne besked op med samme styrke, som du ville anvende under et telefonopkald. Juster lydstyrke-skydeknapperne, indtil niveaum\'e5leren n\'e5r op p\'e5 det h\'f8jeste gule afsnit. Hvis der vises b\'e5de en Master- og en Fine-skydeknap, kan du pr\'f8ve at indstille Master-skydeknappen til 75 % og derefter justere Fine-skydeknappen til et behageligt niveau. }{\cs16\f1\fs18 Hvis niveaum\'e5leren ikke n\'e5r op over de gr\'f8nne afsnit, selvom lydstyrke-skydeknapperne er indstillet til deres h\'f8jeste niveau, kan du pr\'f8ve at aktivere }{\b {\cs16\f1\fs18 Forst\'e6rkning af mikrofon}}{\cs16\f1\fs18 , hvis den findes.}{\f1\fs18\par }
{\f1\fs18}\pard\plain \ql \li0\ri0\nowidctlpar\faauto\rin0\lin0\itap0\fs24\cgrid{\par }

}"/>

	<label page99help = "{\rtf1\ansi\ansicpg1252\deff0\stshfdbch11\stshfloch0\stshfhich0\stshfbi0{\fonttbl{\f0\fnil\fcharset0\fprq2{\*\panose 02020603050405020304}Times New Roman;}{\f1\fnil\fcharset0\fprq2{\*\panose 020b0604020202020204}Arial;}{\f2\fnil\fcharset0\fprq1{\*\panose 02070309020205020404}Courier New;}{\f3\fnil\fcharset2\fprq2{\*\panose 05050102010706020507}Symbol;}{\f10\fnil\fcharset2\fprq2{\*\panose 05000000000000000000}Wingdings;}{\f11\fnil\fcharset0\fprq1{\*\panose 02020609040205080304}{\*\falt ?l?r ??\'81\'66c}MS Mincho;}{\f36\fnil\fcharset0\fprq1{\*\panose 00000000000000000000}@MS Mincho;}{\f37\fnil\fcharset0\fprq2 Times New Roman CE;}{\f38\fnil\fcharset0\fprq2 Times New Roman Cyr;}{\f40\fnil\fcharset0\fprq2 Times New Roman Greek;}{\f41\fnil\fcharset0\fprq2 Times New Roman Tur;}{\f42\fnil\fcharset0\fprq2 Times New Roman (Hebrew);}{\f43\fnil\fcharset0\fprq2 Times New Roman (Arabic);}{\f44\fnil\fcharset0\fprq2 Times New Roman Baltic;}{\f45\fnil\fcharset0\fprq2 Times New Roman (Vietnamese);}{\f47\fnil\fcharset0\fprq2 Arial CE;}{\f48\fnil\fcharset0\fprq2 Arial Cyr;}{\f50\fnil\fcharset0\fprq2 Arial Greek;}{\f51\fnil\fcharset0\fprq2 Arial Tur;}{\f52\fnil\fcharset0\fprq2 Arial (Hebrew);}{\f53\fnil\fcharset0\fprq2 Arial (Arabic);}{\f54\fnil\fcharset0\fprq2 Arial Baltic;}{\f55\fnil\fcharset0\fprq2 Arial (Vietnamese);}{\f57\fnil\fcharset0\fprq1 Courier New CE;}{\f58\fnil\fcharset0\fprq1 Courier New Cyr;}{\f60\fnil\fcharset0\fprq1 Courier New Greek;}{\f61\fnil\fcharset0\fprq1 Courier New Tur;}{\f62\fnil\fcharset0\fprq1 Courier New (Hebrew);}{\f63\fnil\fcharset0\fprq1 Courier New (Arabic);}{\f64\fnil\fcharset0\fprq1 Courier New Baltic;}{\f65\fnil\fcharset0\fprq1 Courier New (Vietnamese);}{\f149\fnil\fcharset0\fprq1 {\*\falt ?l?r ??\'81\'66c}MS Mincho Western;}{\f147\fnil\fcharset0\fprq1 {\*\falt ?l?r ??\'81\'66c}MS Mincho CE;}{\f148\fnil\fcharset0\fprq1 {\*\falt ?l?r ??\'81\'66c}MS Mincho Cyr;}{\f150\fnil\fcharset0\fprq1 {\*\falt ?l?r ??\'81\'66c}MS Mincho Greek;}{\f151\fnil\fcharset0\fprq1 {\*\falt ?l?r ??\'81\'66c}MS Mincho Tur;}{\f154\fnil\fcharset0\fprq1 {\*\falt ?l?r ??\'81\'66c}MS Mincho Baltic;}{\f399\fnil\fcharset0\fprq1 @MS Mincho Western;}{\f397\fnil\fcharset0\fprq1 @MS Mincho CE;}{\f398\fnil\fcharset0\fprq1 @MS Mincho Cyr;}{\f400\fnil\fcharset0\fprq1 @MS Mincho Greek;}{\f401\fnil\fcharset0\fprq1 @MS Mincho Tur;}{\f404\fnil\fcharset0\fprq1 @MS Mincho Baltic;}}{\colortbl;\red0\green0\blue0;\red0\green0\blue255;\red0\green255\blue255;\red0\green255\blue0;\red255\green0\blue255;\red255\green0\blue0;\red255\green255\blue0;\red255\green255\blue255;\red0\green0\blue128;\red0\green128\blue128;\red0\green128\blue0;\red128\green0\blue128;\red128\green0\blue0;\red128\green128\blue0;\red128\green128\blue128;\red192\green192\blue192;}{\stylesheet{\ql \li0\ri0\widctlpar\aspalpha\aspnum\faauto\adjustright\rin0\lin0\itap0 \fs24\f0\cgrid\snext0 Normal;}{\*\cs10 \additive \ssemihidden Default Paragraph Font;}{\*\ts11\tsrowd\trftsWidthB3\trpaddl108\trpaddr108\trpaddfl3\trpaddft3\trpaddfb3\trpaddfr3\trcbpat1\trcfpat1\tscellwidthfts0\tsvertalt\tsbrdrt\tsbrdrl\tsbrdrb\tsbrdrr\tsbrdrdgl\tsbrdrdgr\tsbrdrh\tsbrdrv \ql \li0\ri0\widctlpar\aspalpha\aspnum\faauto\adjustright\rin0\lin0\itap0 \fs20\f0\cgrid\snext11 \ssemihidden Normal Table;}}{\*\listtable{\list\listtemplateid-1526924806{\listlevel\levelnfc23\levelnfcn23\leveljc0\leveljcn0\levelfollow0\levelstartat1\levelspace360\levelindent0{\leveltext\'01{\uc0\u-3913 }?;}{\levelnumbers;}\f3\fbias0 \fi-360\li360\jclisttab\tx360\lin360 }{\listlevel\levelnfc23\levelnfcn23\leveljc0\leveljcn0\levelfollow0\levelstartat1\levelspace360\levelindent0{\leveltext\'01o;}{\levelnumbers;}\f2\fbias0 \fi-360\li1080\jclisttab\tx1080\lin1080 }{\listlevel\levelnfc23\levelnfcn23\leveljc0\leveljcn0\levelfollow0\levelstartat1\levelspace360\levelindent0{\leveltext\'01{\uc0\u-3929 }?;}{\levelnumbers;}\f10\fbias0 \fi-360\li1800\jclisttab\tx1800\lin1800 }{\listlevel\levelnfc23\levelnfcn23\leveljc0\leveljcn0\levelfollow0\levelstartat1\levelspace360\levelindent0{\leveltext\'01{\uc0\u-3913 }?;}{\levelnumbers;}\f3\fbias0 \fi-360\li2520\jclisttab\tx2520\lin2520 }{\listlevel\levelnfc23\levelnfcn23\leveljc0\leveljcn0\levelfollow0\levelstartat1\levelspace360\levelindent0{\leveltext\'01o;}{\levelnumbers;}\f2\fbias0 \fi-360\li3240\jclisttab\tx3240\lin3240 }{\listlevel\levelnfc23\levelnfcn23\leveljc0\leveljcn0\levelfollow0\levelstartat1\levelspace360\levelindent0{\leveltext\'01{\uc0\u-3929 }?;}{\levelnumbers;}\f10\fbias0 \fi-360\li3960\jclisttab\tx3960\lin3960 }{\listlevel\levelnfc23\levelnfcn23\leveljc0\leveljcn0\levelfollow0\levelstartat1\levelspace360\levelindent0{\leveltext\'01{\uc0\u-3913 }?;}{\levelnumbers;}\f3\fbias0 \fi-360\li4680\jclisttab\tx4680\lin4680 }{\listlevel\levelnfc23\levelnfcn23\leveljc0\leveljcn0\levelfollow0\levelstartat1\levelspace360\levelindent0
{\leveltext\'01o;}{\levelnumbers;}\f2\fbias0 \fi-360\li5400\jclisttab\tx5400\lin5400 }{\listlevel\levelnfc23\levelnfcn23\leveljc0\leveljcn0\levelfollow0\levelstartat1\levelspace360\levelindent0{\leveltext\'01{\uc0\u-3929 }?;}{\levelnumbers;}\f10\fbias0 \fi-360\li6120\jclisttab\tx6120\lin6120 }{\listname ;}\listid19015464}{\list\listtemplateid-1526924806\listhybrid{\listlevel\levelnfc23\levelnfcn23\leveljc0\leveljcn0\levelfollow0\levelstartat1\levelspace360\levelindent0{\leveltext\leveltemplateid67698689\'01{\uc0\u-3913 }?;}{\levelnumbers;}\f3\fbias0 \fi-360\li360\jclisttab\tx360\lin360 }{\listlevel\levelnfc23\levelnfcn23\leveljc0\leveljcn0\levelfollow0\levelstartat1\levelspace360\levelindent0{\leveltext\leveltemplateid67698691\'01o;}{\levelnumbers;}\f2\fbias0 \fi-360\li1080\jclisttab\tx1080\lin1080 }{\listlevel\levelnfc23\levelnfcn23\leveljc0\leveljcn0\levelfollow0\levelstartat1\levelspace360\levelindent0{\leveltext\leveltemplateid67698693\'01{\uc0\u-3929 }?;}{\levelnumbers;}\f10\fbias0 \fi-360\li1800\jclisttab\tx1800\lin1800 }{\listlevel\levelnfc23\levelnfcn23\leveljc0\leveljcn0\levelfollow0\levelstartat1\levelspace360\levelindent0{\leveltext\leveltemplateid67698689\'01{\uc0\u-3913 }?;}{\levelnumbers;}\f3\fbias0 \fi-360\li2520\jclisttab\tx2520\lin2520 }{\listlevel\levelnfc23\levelnfcn23\leveljc0\leveljcn0\levelfollow0\levelstartat1\levelspace360\levelindent0{\leveltext\leveltemplateid67698691\'01o;}{\levelnumbers;}\f2\fbias0 \fi-360\li3240\jclisttab\tx3240\lin3240 }{\listlevel\levelnfc23\levelnfcn23\leveljc0\leveljcn0\levelfollow0\levelstartat1\levelspace360\levelindent0{\leveltext\leveltemplateid67698693\'01{\uc0\u-3929 }?;}{\levelnumbers;}\f10\fbias0 \fi-360\li3960\jclisttab\tx3960\lin3960 }{\listlevel\levelnfc23\levelnfcn23\leveljc0\leveljcn0\levelfollow0\levelstartat1\levelspace360\levelindent0{\leveltext\leveltemplateid67698689\'01{\uc0\u-3913 }?;}{\levelnumbers;}\f3\fbias0 \fi-360\li4680\jclisttab\tx4680\lin4680 }{\listlevel\levelnfc23\levelnfcn23\leveljc0\leveljcn0\levelfollow0\levelstartat1\levelspace360\levelindent0{\leveltext\leveltemplateid67698691\'01o;}{\levelnumbers;}\f2\fbias0 \fi-360\li5400\jclisttab\tx5400\lin5400 }{\listlevel\levelnfc23\levelnfcn23\leveljc0\leveljcn0\levelfollow0\levelstartat1\levelspace360\levelindent0{\leveltext\leveltemplateid67698693\'01{\uc0\u-3929 }?;}{\levelnumbers;}\f10\fbias0 \fi-360\li6120\jclisttab\tx6120\lin6120 }{\listname ;}\listid880243047}{\list\listtemplateid-1008274796\listhybrid{\listlevel\levelnfc23\levelnfcn23\leveljc0\leveljcn0\levelfollow0\levelstartat1\levelspace360\levelindent0{\leveltext\leveltemplateid67698689\'01{\uc0\u-3913 }?;}{\levelnumbers;}\f3\fbias0 \fi-360\li720\jclisttab\tx720\lin720 }{\listlevel\levelnfc23\levelnfcn23\leveljc0\leveljcn0\levelfollow0\levelstartat1\levelspace360\levelindent0{\leveltext\leveltemplateid67698691\'01o;}{\levelnumbers;}\f2\fbias0 \fi-360\li1440\jclisttab\tx1440\lin1440 }{\listlevel\levelnfc23\levelnfcn23\leveljc0\leveljcn0\levelfollow0\levelstartat1\levelspace360\levelindent0{\leveltext\leveltemplateid67698693\'01{\uc0\u-3929 }?;}{\levelnumbers;}\f10\fbias0 \fi-360\li2160\jclisttab\tx2160\lin2160 }{\listlevel\levelnfc23\levelnfcn23\leveljc0\leveljcn0\levelfollow0\levelstartat1\levelspace360\levelindent0{\leveltext\leveltemplateid67698689\'01{\uc0\u-3913 }?;}{\levelnumbers;}\f3\fbias0 \fi-360\li2880\jclisttab\tx2880\lin2880 }{\listlevel\levelnfc23\levelnfcn23\leveljc0\leveljcn0\levelfollow0\levelstartat1\levelspace360\levelindent0{\leveltext\leveltemplateid67698691\'01o;}{\levelnumbers;}\f2\fbias0 \fi-360\li3600\jclisttab\tx3600\lin3600 }{\listlevel\levelnfc23\levelnfcn23\leveljc0\leveljcn0\levelfollow0\levelstartat1\levelspace360\levelindent0{\leveltext\leveltemplateid67698693\'01{\uc0\u-3929 }?;}{\levelnumbers;}\f10\fbias0 \fi-360\li4320\jclisttab\tx4320\lin4320 }{\listlevel\levelnfc23\levelnfcn23\leveljc0\leveljcn0\levelfollow0\levelstartat1\levelspace360\levelindent0{\leveltext\leveltemplateid67698689\'01{\uc0\u-3913 }?;}{\levelnumbers;}\f3\fbias0 \fi-360\li5040\jclisttab\tx5040\lin5040 }{\listlevel\levelnfc23\levelnfcn23\leveljc0\leveljcn0\levelfollow0\levelstartat1\levelspace360\levelindent0{\leveltext\leveltemplateid67698691\'01o;}{\levelnumbers;}\f2\fbias0 \fi-360\li5760\jclisttab\tx5760\lin5760 }{\listlevel\levelnfc23\levelnfcn23\leveljc0\leveljcn0\levelfollow0\levelstartat1\levelspace360\levelindent0{\leveltext\leveltemplateid67698693\'01{\uc0\u-3929 }?;}{\levelnumbers;}\f10\fbias0 \fi-360\li6480\jclisttab\tx6480\lin6480 }{\listname ;}\listid1465586477}{\list\listtemplateid947286050\listhybrid{\listlevel\levelnfc23\levelnfcn23\leveljc0\leveljcn0\levelfollow0\levelstartat1\levelspace360\levelindent0{\leveltext\leveltemplateid67698689\'01{\uc0\u-3913 }?;}{\levelnumbers;}\f3\fbias0 \fi-360\li720\jclisttab\tx720\lin720 }{\listlevel\levelnfc23\levelnfcn23\leveljc0\leveljcn0\levelfollow0\levelstartat1\levelspace360\levelindent0{\leveltext\leveltemplateid67698691\'01o;}{\levelnumbers;}\f2\fbias0 \fi-360\li1440\jclisttab\tx1440\lin1440 }{\listlevel\levelnfc23\levelnfcn23\leveljc0\leveljcn0\levelfollow0\levelstartat1\levelspace360\levelindent0{\leveltext\leveltemplateid67698693\'01{\uc0\u-3929 }?;}{\levelnumbers;}\f10\fbias0 \fi-360\li2160\jclisttab\tx2160\lin2160 }{\listlevel\levelnfc23\levelnfcn23\leveljc0\leveljcn0\levelfollow0\levelstartat1\levelspace360\levelindent0{\leveltext\leveltemplateid67698689\'01{\uc0\u-3913 }?;}{\levelnumbers;}\f3\fbias0 \fi-360\li2880\jclisttab\tx2880\lin2880 }{\listlevel\levelnfc23\levelnfcn23\leveljc0\leveljcn0\levelfollow0\levelstartat1\levelspace360\levelindent0
{\leveltext\leveltemplateid67698691\'01o;}{\levelnumbers;}\f2\fbias0 \fi-360\li3600\jclisttab\tx3600\lin3600 }{\listlevel\levelnfc23\levelnfcn23\leveljc0\leveljcn0\levelfollow0\levelstartat1\levelspace360\levelindent0{\leveltext\leveltemplateid67698693\'01{\uc0\u-3929 }?;}{\levelnumbers;}\f10\fbias0 \fi-360\li4320\jclisttab\tx4320\lin4320 }{\listlevel\levelnfc23\levelnfcn23\leveljc0\leveljcn0\levelfollow0\levelstartat1\levelspace360\levelindent0{\leveltext\leveltemplateid67698689\'01{\uc0\u-3913 }?;}{\levelnumbers;}\f3\fbias0 \fi-360\li5040\jclisttab\tx5040\lin5040 }{\listlevel\levelnfc23\levelnfcn23\leveljc0\leveljcn0\levelfollow0\levelstartat1\levelspace360\levelindent0{\leveltext\leveltemplateid67698691\'01o;}{\levelnumbers;}\f2\fbias0 \fi-360\li5760\jclisttab\tx5760\lin5760 }{\listlevel\levelnfc23\levelnfcn23\leveljc0\leveljcn0\levelfollow0\levelstartat1\levelspace360\levelindent0{\leveltext\leveltemplateid67698693\'01{\uc0\u-3929 }?;}{\levelnumbers;}\f10\fbias0 \fi-360\li6480\jclisttab\tx6480\lin6480 }{\listname ;}\listid1580366386}{\list\listtemplateid1827015650\listhybrid{\listlevel\levelnfc23\levelnfcn23\leveljc0\leveljcn0\levelfollow0\levelstartat0\levelspace0\levelindent0{\leveltext\leveltemplateid271755052\'01-;}{\levelnumbers;}\fbias0 \fi-360\li360\jclisttab\tx360\lin360 }{\listlevel\levelnfc23\levelnfcn23\leveljc0\leveljcn0\levelfollow0\levelstartat1\levelspace0\levelindent0{\leveltext\leveltemplateid67698691\'01o;}{\levelnumbers;}\f2\fbias0 \fi-360\li1440\jclisttab\tx1440\lin1440 }{\listlevel\levelnfc23\levelnfcn23\leveljc0\leveljcn0\levelfollow0\levelstartat1\levelspace0\levelindent0{\leveltext\leveltemplateid67698693\'01{\uc0\u-3929 }?;}{\levelnumbers;}\f10\fbias0 \fi-360\li2160\jclisttab\tx2160\lin2160 }{\listlevel\levelnfc23\levelnfcn23\leveljc0\leveljcn0\levelfollow0\levelstartat1\levelspace0\levelindent0{\leveltext\leveltemplateid67698689\'01{\uc0\u-3913 }?;}{\levelnumbers;}\f3\fbias0 \fi-360\li2880\jclisttab\tx2880\lin2880 }{\listlevel\levelnfc23\levelnfcn23\leveljc0\leveljcn0\levelfollow0\levelstartat1\levelspace0\levelindent0{\leveltext\leveltemplateid67698691\'01o;}{\levelnumbers;}\f2\fbias0 \fi-360\li3600\jclisttab\tx3600\lin3600 }{\listlevel\levelnfc23\levelnfcn23\leveljc0\leveljcn0\levelfollow0\levelstartat1\levelspace0\levelindent0{\leveltext\leveltemplateid67698693\'01{\uc0\u-3929 }?;}{\levelnumbers;}\f10\fbias0 \fi-360\li4320\jclisttab\tx4320\lin4320 }{\listlevel\levelnfc23\levelnfcn23\leveljc0\leveljcn0\levelfollow0\levelstartat1\levelspace0\levelindent0{\leveltext\leveltemplateid67698689\'01{\uc0\u-3913 }?;}{\levelnumbers;}\f3\fbias0 \fi-360\li5040\jclisttab\tx5040\lin5040 }{\listlevel\levelnfc23\levelnfcn23\leveljc0\leveljcn0\levelfollow0\levelstartat1\levelspace0\levelindent0{\leveltext\leveltemplateid67698691\'01o;}{\levelnumbers;}\f2\fbias0 \fi-360\li5760\jclisttab\tx5760\lin5760 }{\listlevel\levelnfc23\levelnfcn23\leveljc0\leveljcn0\levelfollow0\levelstartat1\levelspace0\levelindent0{\leveltext\leveltemplateid67698693\'01{\uc0\u-3929 }?;}{\levelnumbers;}\f10\fbias0 \fi-360\li6480\jclisttab\tx6480\lin6480 }{\listname ;}\listid1668508640}{\list\listtemplateid-1061778270\listhybrid{\listlevel\levelnfc23\levelnfcn23\leveljc0\leveljcn0\levelfollow0\levelstartat1\levelspace360\levelindent0{\leveltext\leveltemplateid67698689\'01{\uc0\u-3913 }?;}{\levelnumbers;}\f3\fbias0 \fi-360\li720\jclisttab\tx720\lin720 }{\listlevel\levelnfc23\levelnfcn23\leveljc0\leveljcn0\levelfollow0\levelstartat1\levelspace360\levelindent0{\leveltext\leveltemplateid67698691\'01o;}{\levelnumbers;}\f2\fbias0 \fi-360\li1440\jclisttab\tx1440\lin1440 }{\listlevel\levelnfc23\levelnfcn23\leveljc0\leveljcn0\levelfollow0\levelstartat1\levelspace360\levelindent0{\leveltext\leveltemplateid67698693\'01{\uc0\u-3929 }?;}{\levelnumbers;}\f10\fbias0 \fi-360\li2160\jclisttab\tx2160\lin2160 }{\listlevel\levelnfc23\levelnfcn23\leveljc0\leveljcn0\levelfollow0\levelstartat1\levelspace360\levelindent0{\leveltext\leveltemplateid67698689\'01{\uc0\u-3913 }?;}{\levelnumbers;}\f3\fbias0 \fi-360\li2880\jclisttab\tx2880\lin2880 }{\listlevel\levelnfc23\levelnfcn23\leveljc0\leveljcn0\levelfollow0\levelstartat1\levelspace360\levelindent0{\leveltext\leveltemplateid67698691\'01o;}{\levelnumbers;}\f2\fbias0 \fi-360\li3600\jclisttab\tx3600\lin3600 }{\listlevel\levelnfc23\levelnfcn23\leveljc0\leveljcn0\levelfollow0\levelstartat1\levelspace360\levelindent0{\leveltext\leveltemplateid67698693\'01{\uc0\u-3929 }?;}{\levelnumbers;}\f10\fbias0 \fi-360\li4320\jclisttab\tx4320\lin4320 }{\listlevel\levelnfc23\levelnfcn23\leveljc0\leveljcn0\levelfollow0\levelstartat1\levelspace360\levelindent0{\leveltext\leveltemplateid67698689\'01{\uc0\u-3913 }?;}{\levelnumbers;}\f3\fbias0 \fi-360\li5040\jclisttab\tx5040\lin5040 }{\listlevel\levelnfc23\levelnfcn23\leveljc0\leveljcn0\levelfollow0\levelstartat1\levelspace360\levelindent0{\leveltext\leveltemplateid67698691\'01o;}{\levelnumbers;}\f2\fbias0 \fi-360\li5760\jclisttab\tx5760\lin5760 }{\listlevel\levelnfc23\levelnfcn23\leveljc0\leveljcn0\levelfollow0\levelstartat1\levelspace360\levelindent0{\leveltext\leveltemplateid67698693\'01{\uc0\u-3929 }?;}{\levelnumbers;}\f10\fbias0 \fi-360\li6480\jclisttab\tx6480\lin6480 }{\listname ;}\listid1871146710}}{\*\listoverridetable
{\listoverride\listid1871146710\listoverridecount0\ls1}{\listoverride\listid1668508640\listoverridecount0\ls2}{\listoverride\listid1465586477\listoverridecount0\ls3}{\listoverride\listid880243047\listoverridecount0\ls4}{\listoverride\listid19015464\listoverridecount0\ls5}{\listoverride\listid1580366386\listoverridecount0\ls6}}{\*\rsidtbl \rsid4010164\rsid12850387}{\*\generator Microsoft Word 10.0.4219;}{\info{\author Ganesan Venkataraman (gvenkata)}{\operator Ganesan Venkataraman (gvenkata)}{\creatim\yr2003\mo5\dy31\hr17\min4}{\revtim\yr2003\mo12\dy20\hr19\min29}{\version10}{\edmins20}{\nofpages1}{\nofwords76}{\nofchars436}{\*\company Cisco Systems, Inc.}{\nofcharsws511}{\vern16469}}\widowctrl\ftnbj\aenddoc\noxlattoyen\expshrtn\noultrlspc\dntblnsbdb\nospaceforul\hyphcaps0\horzdoc\dghspace120\dgvspace120\dghorigin1701\dgvorigin1984\dghshow0\dgvshow3\jcompress\viewkind4\viewscale100\nolnhtadjtbl\rsidroot12850387 \fet0\sectd \linex0\sectdefaultcl\sftnbj {\*\pnseclvl1\pnucrm\pnstart1\pnindent720\pnhang {\pntxta .}}{\*\pnseclvl2\pnucltr\pnstart1\pnindent720\pnhang {\pntxta .}}{\*\pnseclvl3\pndec\pnstart1\pnindent720\pnhang {\pntxta .}}{\*\pnseclvl4\pnlcltr\pnstart1\pnindent720\pnhang {\pntxta )}}{\*\pnseclvl5\pndec\pnstart1\pnindent720\pnhang {\pntxtb (}{\pntxta )}}{\*\pnseclvl6\pnlcltr\pnstart1\pnindent720\pnhang {\pntxtb (}{\pntxta )}}{\*\pnseclvl7\pnlcrm\pnstart1\pnindent720\pnhang {\pntxtb (}{\pntxta )}}{\*\pnseclvl8\pnlcltr\pnstart1\pnindent720\pnhang {\pntxtb (}{\pntxta )}}{\*\pnseclvl9\pnlcrm\pnstart1\pnindent720\pnhang {\pntxtb (}{\pntxta )}}\pard\plain \ql \li0\ri0\nowidctlpar\faauto\rin0\lin0\itap0 \fs24\cgrid{\b {\f1\fs20 Guiden Lydjustering er nu gennemf\'f8rt}}{\f1\fs18
}{\f1\fs18\par }
{\f1\fs18
}{\f1\fs18\par }
{\f1\fs18 K\'f8r denne guide igen, hvis:}{\f1\fs18\par }
{\f1\fs18{\listtext\pard\plain\f3\fs18 \'b7\tab }}\pard \ql \fi-360\li720\ri0\nowidctlpar\jclisttab\tx720\faauto\ls6\rin0\lin720\itap0{\f1\fs18 Der tilsluttes en ny enhed}{\f1\fs18\par }
{\f1\fs18{\listtext\pard\plain\f3\fs18 \'b7\tab }\f1 Der opst\'e5r problemer med lydkvaliteten i lydenhederne
\par {\listtext\pard\plain\f3\fs18 \'b7\tab }\f1 Lydindstillingerne \'e6ndres i et andet program, som f.eks. Lyde og multimedier i kontrolpanelet}{\f1\fs18
}{\f1\fs18\par }
{\f1\fs18}\pard \ql \li0\ri0\nowidctlpar\faauto\rin0\lin0\itap0{\f1\fs18
}{\f1\fs18\par }
{\f1\fs18}\pard \ql \li0\ri0\nowidctlpar\faauto\rin0\lin0\itap0 {\f1\fs18
Denne guide kan dukke op automatisk, n\'e5r Cisco IP Communicator startes, hvis du har \'e6ndret en af lydindstillingerne uden for guiden.  }{\f1\fs18
Du b\'f8r v\'e6lge }{\b {\f1\fs18 Tilbage}}{\f1\fs18 , medmindre du \'f8nsker at \'e6ndre lydindstillingerne.}{\f1\fs18\par }
{\f1\fs18
}{\f1\fs18\par }
{\f1\fs18 Klik p\'e5 Udf\'f8r for at lukke denne guide.}{\f1\fs18\par }
{\f1\fs18}
}"/>

</TuningWizardStrings>