﻿<?xml version="1.0"?>

<CommunicatorStrings>
	<label rtlFlag="0"/>
	<label ok			="OK"/>
	<label cancel		="Annuller"/>
	<label apply		="Anvend"/>
	<label verify		="Kontroller"/>
	<label yes			="Ja"/>
	<label no			="Nej"/>
	<label yesToAll		="Ja til alle"/>
	<label noToAll		="Nej til alle"/>
	<label abort		="Afbryd"/>
	<label retry		="Forsøg igen"/>
	<label error		="Fejl"/>
	<label edit			="Rediger"/>
	<label exit			="Afslut"/>
	<label close		="Luk"/>
	<label view			="Se"/>
	<label update		="Opdater"/>
	<label help			="Hjælp"/>
	<label about		="Om"/>
	<label proceed		="Fortsæt"/>
	<label next			="Næste"/>
	<label back			="Tilbage"/>
	<label finish		="Udfør"/>
	<label accept		="Accepter"/>
	<label acceptAll	="Accepter alle"/>
	<label reject		="Afvis"/>
	<label rejectAll	="Afvis alle"/>
	<label status		="Status"/>
	<label cannotProceed="Kan ikke fortsætte"/>
	<label details		="Detaljer"/>
	<label viewDetails	="Vis detaljer"/>
	<label consultAdmin	="Kontakt systemadministratoren"/>
	<label ensureNetwork="Kontroller, at du er sluttet til netværket"/>

	<label title		="Cisco IP Communicator"/>
	<label autoUpdate	="CIPCLocaleDownloader"/>
	<label file			="Fil"/>
	<label module		="Modul"/>
	<label archive		="Arkiv"/>
	<label downloading	="Henter..."/>
	<label installing	="Installerer..."/>
	<label extracting	="Udpakker..."/>
	<label progress		="Status"/>
	<label updateType	="Opdateringstype"/>
	<label recommended	="Anbefales"/>
	<label required		="Påkrævet"/>

	<label bitsLong			="bit"/>
	<label bitsShort		="b"/>
	<label bytesLong		="byte"/>
	<label bytesShort		="B"/>
	<label kiloLong			="Kilo"/>
	<label kiloShort		="K"/>
	<label kilobytesShort	="KB"/>
	<label kilobytesLong	="Kilobyte"/>
	<label megaLong			="Mega"/>
	<label megaShort		="M"/>
	<label megabytesShort	="MB"/>
	<label megabytesLong	="Megabyte"/>
	<label gigaLong			="Giga"/>
	<label gigaShort		="G"/>
	<label gigabytesShort	="GB"/>
	<label gigabytesLong	="Gigabyte"/>
	<label teraLong			="Tera"/>
	<label teraShort		="T"/>
	<label terabytesShort	="TB"/>
	<label terabytesLong	="Terabyte"/>

	<label downloadSpeed	="Overførselshastighed"/>
	<label timeRemaining	="Resterende tid"/>

	<label secondShort		="s"/>
	<label secondLong		="sekund"/>
	<label secondsLong		="sekunder"/>
	<label minuteShort		="min"/>
	<label minuteLong		="minut"/>
	<label minutesLong		="minutter"/>
	<label hourShort		="t"/>
	<label hoursLong		="time"/>
	<label hoursLong		="timer"/>

	<label unknown					="Ukendt"/>
	<label overallProgress			="Overordnet status..."/>
	<label gettingManifest			="Henter installationsbeskrivelse..."/>
	<label inspectingInstallation	="Undersøger den aktuelle installation..."/>
	<label preparingToInstallFiles	="Forbereder installation af filer..."/>
	<label doingUpdates				="Downloader og installerer landestandarder..."/>
	<label confirmCancel			="Er du sikker på, at du vil annullere?"/>

	<label AU_usageString			="USAGE&#13;=======&#13;CIPCLocaleDownloader parameterName1=&lt;parameterValue1&gt; parameterName2=&lt;parameterValue2&gt; ...&#13;&#13;PARAMETERS:&#13;Skal angive httpServer/tftpServer, installFolder, manifestFile&#13;Valgfri parametre er tilstand, waitWindow og postUpdateScript&#13;Rækkefølge og forskel på små og store bogstaver har ikke nogen betydning for parametre&#13;&#13;E.g.&#13;CIPCLocaleDownloader httpServer=http://www.webserver.com/Communicator installFolder=&quot;D:\Program Files\ACME Systems\ACME Studio&quot; mode=install waitWindow=&quot;ACME Studio&quot; postUpdateScript=Notepad.exe"/>
	<label AU_errorTitle			="CIPCLocaleDownloader fejl"/>
	<label AU_errorHeading			="Der opstod en fejl"/>
	<label AU_stackTrace			="Staksporing"/>
	<label AU_viewStackTrace		="Vis staksporing"/>
	<label AU_autoupdateComponentNotDefined	="Fejl i CIPC landestandard manifestfilen - Landestandardkomponent er ikke defineret"/>
	<label AU_closeWindowTitle		="Luk alle vinduer med følgende titel"/>
	<label AU_endProcesses			="Afslut følgende processer, inden du fortsætter"/>

	<label AU_repairs					="Reparationer"/>
	<label AU_repairsList				="Følgende moduler indeholder manglende eller ændrede filer"/>
	<label AU_requiredUpdates			="Påkrævede opdateringer"/>
	<label AU_requiredUpdatesList		="Der er påkrævede opdateringer til følgende moduler"/>
	<label AU_recommendedUpdates		="Anbefalede opdateringer"/>
	<label AU_recommendedUpdatesList	="Der er anbefalede opdateringer til følgende moduler"/>
	<label AU_chooseIndividualUpdates	="Angiv for hvert modul"/>
	<label AU_selectUpdate				="Vil du anvende anbefalede opdateringer på følgende modul?"/>
	<label AU_installAny				="Vil du installere nogen af dem?"/>
	<label AU_module					="Modul"/>
	<label AU_downloadSize				="Størrelse på overførsel"/>
	<label AU_wantToDoUpdates			="Der er tilgængelige opdateringer&#13;&#13;Vil du hente og installere dem nu?" />

	<label AU_olderVersionInstalled		="Den installerede fil indeholder en ældre version"/>
	<label AU_newerVersionInstalled		="Den installerede fil indeholder en nyere version"/>
	<label AU_equalVersionInstalled		="Den installerede fil indeholder den samme version"/>
	<label AU_checksumMismatch			="Kontrolsum for fil svarer ikke til den forventede værdi"/>
	<label AU_olderFileInstalled		="Dato for seneste ændring af installeret fil er ældre"/>
	<label AU_newerFileInstalled		="Dato for seneste ændring af installeret fil er nyere"/>
	<label AU_modifiedDatesMatch		="Datoer for seneste ændringer stemmer overens"/>
	<label AU_unableToCompareFiles		="Filerne kan ikke sammenlignes"/>

	<label AU_Error_tftpHttpNotDefined			="Du skal angive enten tftpServer eller httpServer"/>
	<label AU_Error_installFolderNotDefined		="Installationsmappen er ikke angivet"/>
	<label AU_Error_manifestFileNotDefined		="Manifest-filen er ikke angivet"/>
	<label AU_Error_downloadManifestFailed		="Manifest-filen kunne ikke hentes"/>
	<label AU_Error_invalidUpdateMode			="Ugyldig opdateringstilstand. De tilladte tilstande er 'installation' og 'forespørgsel'"/>
	<label AU_Error_errorInManifest				="Manifest-filen er beskadiget"/>
	<label AU_Error_cannotProceed				="CIPCLocaleDownloader kan ikke fortsætte"/>
	<label AU_Error_invalidVersionString		="Ugyldig versionsstreng"/>
	<label AU_Error_fileNotFound				="Filen blev ikke fundet"/>
	<label AU_Error_unsupportedProtocol			="Overførselsprotokollen understøttes ikke eller er ugyldig"/>
	<label AU_Error_downloadedFileInvalid		="Den hentede fil svarer ikke til beskrivelsen"/>
	<label AU_Error_requiredUpdateFailed		="De påkrævede opdateringer kunne ikke installeres for følgende modul"/>
	<label AU_Error_recommendedUpdateFailed		="De anbefalede opdateringer kunne ikke installeres for følgende modul"/>
	<label AU_Error_repairFailed				="Følgende modul blev ikke opdateret"/>
	<label AU_Error_preinstallFileInstall		="Installationen af forudinstallationsfiler kunne ikke udføres"/>
	<label AU_Error_postinstallFileInstall		="Installationen af efterinstallationsfiler kunne ikke udføres"/>
	<label AU_Error_moduleFileInstall			="Installationen af modulfiler kunne ikke udføres"/>
	<label AU_Error_preinstallFileDownload		="Overførsel af forudinstallationsfiler kunne ikke udføres"/>
	<label AU_Error_postinstallFileDownload		="Overførsel af efterinstallationsfiler kunne ikke udføres"/>
	<label AU_Error_moduleFileDownload			="Overførsel af modulfiler kunne ikke udføres"/>
	<label AU_Error_preinstallFileInstall		="Installationen af forudinstallationsfiler kunne ikke udføres"/>
	<label AU_Error_postinstallFileInstall		="Installationen af efterinstallationsfiler kunne ikke udføres"/>
	<label AU_Error_moduleFileInstall			="Installationen af modulfiler kunne ikke udføres"/>
	<label AU_Error_moduleSettingInstall		="Installationen af modulindstillinger kunne ikke udføres"/>
	<label AU_Error_preinstallScript			="Forudinstallationsscriptet returnerede en fejl"/>
	<label AU_Error_postinstallScript			="Efterinstallationsscriptet returnerede en fejl"/>
	<label AU_Error_downloadFileError			="Filen kunne ikke hentes"/>
	<label AU_Error_installFileError			="Filen kunne ikke installeres"/>
	<label AU_Error_unableToChangeModifiedDate	="Datoen for seneste ændring kunne ikke redigeres"/>
	<label AU_Error_archiveFileMismatch			="Filen i arkivet svarer ikke til beskrivelsen"/>
	<label AU_Error_archiveInstall				="Arkivet kunne ikke installeres"/>
	<label AU_Error_recommendedUpdateFailureList="Følgende anbefalede opdateringer kunne ikke udføres"/>
	<label AU_Error_autoUpdateCancelled			="CIPCLocaleDownloader blev annulleret !"/>

	<label AU_Error_HTTPTimeout					="HTTP-timeout"/>
	<label AU_Error_HTTPError					="HTTP-fejl"/>
	<label AU_Error_HTTPConnectionClosed		="HTTP-forbindelsen er lukket"/>

	<label AU_Error_xmlTagNotFound		="XML-koden blev ikke fundet"/>
	<label AU_Error_xmlDataNotFound		="XML-data blev ikke fundet"/>
	
	<label AU_Error_failedToInitialize			="Kunne ikke initiere CIPCLocaleDownloader"/>
	<label AU_Error_ensureNoOtherApps			="Luk alle andre programmer, og forsøg igen"/>

</CommunicatorStrings>