﻿<?xml version="1.0"?>

<ErrorReportStrings>
	
	<label ok			="OK"/>
	<label exit			="Afslut"/>
	<label cancel			="Annuller"/>
	<label errorHeading		="Fejl"/>
	<label stackTrace		="Staksporing"/>
	<label viewStackTrace		="Vis staksporing"/>

	<label name			="Navn"/>
	<label extension		="Lokalnummer for Cisco IP Communicator"/>
	<label problemTime		="Tidspunkt for problemets opståen"/>
	<label problemDetails		="Detaljer om problemet"/>
	<label specifyAllFields		="Udfyld alle felter"/>

	<label ERT_usageString			="USAGE&#13;=======&#13;AutoUpdate parameternavn1=&lt;parameterværdi1&gt; parameternavn2=&lt;parameterværdi2&gt; ...&#13;&#13;PARAMETRE:&#13;httpServer/tftpServer, installFolder, manifestFile skal angives&#13;Valgfri parametre er mode, waitWindow og postUpdateScript&#13;Rækkefølge og forskel på små og store bogstaver har ikke nogen betydning for parametrene&#13;&#13;E.g.&#13;AutoUpdate httpServer=http://www.webserver.com/Communicator installFolder=&quot;D:\Program Files\ACME Systems\ACME Studio&quot; mode=install waitWindow=&quot;ACME Studio&quot; postUpdateScript=Notepad.exe"/>
	<label ERT_errorTitle			="Værktøj til fejlrapportering - fejl"/>
	<label ERT_endMessage			="Værktøjet til fejlrapportering har indsamlet de nødvendige oplysninger&#13;Placeringen er vist nedenfor&#13;Du skal slette denne fil, når oplysningerne ikke længere er nødvendige"/>
	<label ERT_gatheringSystemInfo		="Indsamler systemoplysninger..."/>
	<label ERT_gatheringAppConfig		="Indsamler programkonfiguration..."/>
	<label ERT_gatheringAppLogs		="Indsamler logfiler for program..."/>
	<label ERT_gatheringInstallLogs		="Indsamler logfiler for installation..."/>
	<label ERT_gatheringAutoUpdateLogs	="Indsamler logfiler for AutoUpdate..."/>
	<label ERT_gatheringCrashDumpLogs	="Indsamler logfiler for overførsel af indhold..."/>
	<label ERT_logsGathered			="Indsamling af oplysninger er fuldført"/>
	<label ERT_enterProblemDescription	="Angiv beskrivelse af problemet nedenfor"/>
	<label ERT_windowTitle			="Fejlrapport for Cisco IP Communicator"/>
	<label ERT_unableToZip			="De nødvendige filer kunne ikke placeres i en zip-fil"/>
	<label ERT_unableToChangeDirectory	="Der kunne ikke skiftes til følgende mappe"/>
	<label ERT_unableToCopyFiles		="Følgende filer kunne ikke kopieres"/>
	<label ERT_SoftPhoneSENotFound		="Placeringen for Installationen af Cisco IP Communicator blev ikke fundet&#13;Kontroller, at programmet er installeret korrekt"/>
	<label ERT_RemoveConfig			="Vil du fjerne den eksisterende konfiguration?"/>
	<label ERT_RemoveLogs			="Vil du fjerne de eksisterende logfiler?"/>
	<label ERT_RemoveAction			="Fjerner..."/>
	<label ERT_DeleteAction			="Sletter..."/>

</ErrorReportStrings>