﻿<?xml version="1.0"?>
<CommunicatorStrings>
	<label rtlFlag="0"/>
	<label ok="OK"/>
	<label cancel="Annuller"/>
	<label apply="Anvend"/>
	<label applyToAll="Anvend på alle"/>
	<label verify="Kontroller"/>
	<label yes="Ja"/>
	<label no="Nej"/>
	<label yesToAll="Ja til alle"/>
	<label noToAll="Nej til alle"/>
	<label abort="Afbryd"/>
	<label retry="Forsøg igen"/>
	<label error="Fejl"/>
	<label edit="Rediger"/>
	<label exit="Afslut"/>
	<label close="Luk"/>
	<label move="Flyt"/>
	<label view="Se"/>
	<label update="Opdater"/>
	<label help="Hjælp"/>
	<label about="Om Cisco IP Communicator"/>
	<label proceed="Fortsæt"/>
	<label next="Næste"/>
	<label back="Tilbage"/>
	<label show="Vis Cisco IP Communicator"/>
	<label hide="Skjul Cisco IP Communicator"/>
	<label AGNT_checkAutoUpdate="Søger efter nye opdateringer"/>
	<label finish="Udfør"/>
	<label accept="Accepter"/>
	<label acceptAll="Accepter alle"/>
	<label reject="Afvis"/>
	<label rejectAll="Afvis alle"/>
	<label none="Ingen"/>
	<label network="Netværk"/>
	<label user="Bruger"/>
	<label java="Java"/>
	<label audio="Lyd"/>
	<label advAudio="Avanceret lyd"/>
	<label directories="Telefonbøger "/>
	<label ldapSettings="Indstillinger for LDAP-telefonbog"/>
	<label ldapUserName="Brugernavn:"/>
	<label ldapPassword="Adgangskode:"/>
	<label wave="Bølge"/>
	<label kernelStreaming="Kernestreaming"/>
	<label itu="ITU"/>
	<label ciscoIPPhone="Cisco IP-telefon"/>
	<label speakerphone="Højttalertelefon"/>
	<label headset="Hovedsæt"/>
	<label handset="Håndsæt"/>
	<label ringer="Ringer"/>
	<label hid="HID (Human Interface Device)"/>
	<label status="Status"/>
	<label title="Cisco IP Communicator"/>
	<label autoUpdate="AutoUpdate"/>
	<label skins="Temaer"/>
	<label screenOnly="Kun skærm"/>
	<label alwaysOnTop="Altid øverst"/>
	<label startPhone="Start telefon"/>
	<label stopPhone="Afbryd telefon"/>
	<label atwMenu="Guiden Lydjustering"/>
	<label quickSearchMenu="Lynsøgning..."/>
	<label ciscoUserOptions="Cisco Unified CM- brugerindstillinger"/>
	<label preferences="Præferencer..."/>
	<label userGuide="Brugervejledning"/>
	<label DLG_Settings="Præferencer"/>
	<label default="Standard"/>
	<label file="Fil"/>
	<label module="Modul"/>
	<label archive="Arkiv"/>
	<label progress="Status"/>
	<label updateType="Opdateringstype"/>
	<label recommended="Anbefales"/>
	<label required="Påkrævet"/>
	<label statStarting="Starter %s"/>
	<label statInstalling="Installerer %s"/>
	<label statInitializing="Initialiserer %s"/>
	<label statReading="Læser %s"/>
	<label statConnectTFTP="Opretter forbindelse til TFTP-server"/>
	<label cdpDriver="CDP"/>
	<label questionMark="?"/>
	<label mtDriver="Lyd"/>
	<label localSettings="Lokale indstillinger"/>
	<label networkSettings="Netværksindstillinger"/>
	<label hibernateWarning="Hvis computeren skifter til dvaletilstand nu, afbryder Cisco IP Communicator det aktuelle opkald. Vil du undgå, at computeren skifter til dvaletilstand?"/>
	<label closeWarning="Hvis du afslutter nu, afbryder Cisco IP Communicator det aktuelle opkald. Vil du afslutte?"/>
	<label configWarning="Hvis du skifter præferencer nu, afbryder Cisco IP Communicator det aktuelle opkald. Vil du fortsætte?"/>
	<label configError="Der blev fjernet en lydenhed under et aktivt opkald. Det betyder, at det aktive opkald afbrydes."/>
	<label undockWarning="Hvis din computer fjernes fra dokken nu, vil Cisco IP Communicator afslutte det aktuelle opkald. Vil du stoppe computeren fra at blive fjernet fra dokken?"/>
	<label endSessionWarning="Hvis du afslutter Windows-sessionen nu, afbryder Cisco IP Communicator det aktuelle opkald. Vil du afslutte sessionen?"/>
	<label INF_infoCaption="Cisco IP Communicator - oplysninger"/>
	<label INF_TFTPRestart="Cisco IP Communicator kunne ikke genstartes. Åbn programmet igen manuelt."/>
	<label needReboot="Cisco IP Communicator har installeret ny software, der kræver, at du genstarter computeren for at afslutte installationen"/>
	<label fetchingDirectories="Henter oplysninger om LDAP-telefonbog"/>
	<label fetchingDialingRules="Henter regler for opkald"/>
	<label restartForLocaleChange="Du skal genstarte Communicator, for at sprogændringerne kan træde i kraft"/>
	<label copyright="Copyright © 2004-2011 Cisco Systems, Inc. Alle rettigheder forbeholdes."/>
	<label copyrightSplash="© 2011 Cisco Systems, Inc. Alle rettigheder forbeholdes. Vejledende oplysninger om kryptering import, brug og levering er tilgængelige i menuen Hjælp under 'Om Cisco IP Communicator.' "/>
	<label versionSplash="Version "/>
	<label versionCdp="CDP-Driverversion:"/>
	<label versionCpmt="Tale-programversion:"/>
	<label Notices="Cisco Adviseringer og forbehold:"/>
	<label NoticesText="***VIGTIG ADVISERING OM NØDOPKALD - LÆS VENLIGST***&#13;&#10;&#13;&#10;I et nødstilfælde, kan softphone-teknologi muligvis ikke tilvejebringe de hurtigste eller mest præcise lokationsoplysninger hvis den benyttes i forbindelse med et nødopkald (foreksempel: 911, 999, 112). Opkaldene vil muligvis blive sendt til det forkerte nødresponscenter eller nødresponscenteret kunne måske lave fejl ved bestemmelsen af din lokation. BRUG KUN SOFTPHONE PÅ EGET ANSVAR I EN NØDSITUATION. Cisco vil ikke være ansvarlig for de deraf resulterende fejl eller forsinkelser.&#13;&#10;&#13;&#10;&#13;&#10;***ADVISERING OM STÆRKT KRYPTERINGINDHOLD***&#13;&#10;&#13;&#10;Dette produkt indeholder kryptografiske faciliteter og er underkastet de love i Amerikas Forenede Stater og andre lande, der vedrører import, eksport, overdragelse og anvendelse. Leveringen af Cisco kryptografiske produkter medfører ikke, at tredje-part har autoritet til at importere, eksportere, distribuere eller benytte kryptering.  Importører, eksportører, distributører og brugere er ansvarlige for overholdelsen af Amerikas Forenede Staters og lokale landes love. Når dette produkt bruges, accepterer du at overholde gældende love og regulativer. Hvis du er ude afstand til at overholde Amerikas Forenede Staters og lokale love, skal dette produkt leveres omgående tilbage.&#13;&#10;&#13;&#10;&#13;&#10;En oversigt over Amerikas Forenede Staters love som er bestemmende for Cisco kryptografiske produkter kan muligvis findes på:&#13;&#10;&#13;&#10;http://www.cisco.com/wwl/export/crypto/tool/stqrg.html&#13;&#10;&#13;&#10;Hvis der er brug for yderligere hjælp,  kontakt os venligst ved at sende en email til export@cisco.com.&#13;&#10;&#13;&#10;&#13;&#10;***PRV ADVISERING***&#13;&#10;&#13;&#10;Problemrapporteringsværktøjet (PRV) vil fra din PC opsamle logfiler, der måtte rumme kontaktoplysninger, indhold fra onlinemeddelelser, telefonnumre og andre oplysninger, som kunne benyttes til personligt at identificere dig eller andre. Disse oplysninger kræves som en del af diagnosticeringsprocessen til bestemmelse af årsagen til det tekniske problem, som du rapporterede. Logfilerne  overføres muligvis på tværs af grænser og gemmes midlertidigt som en del af diagnosticeringsprocessen. Når du bruger PRV, giver du samtykke til at tilvejebringe Cisco logfilerne, således at Cisco kan fejlfinde vilkårlige tekniske problemer med Cisco IP Communicator. "/>
		
	<label ERR_alreadyRunning="Cisco IP Communicator kører allerede"/>
	<label ERR_exception="Undtagelse"/>
	<label ERR_exceptionCaption="Communicator - undtagelsesfejl"/>
	<label ERR_notDib="Der er følgende problem med det aktuelle tema: bitmapfil er ikke i formatet DIB"/>
	<label ERR_notOS2Supported="Der er følgende problem med det aktuelle tema: formatet OS2 Bitmap understøttes ikke"/>
	<label ERR_invalidSkin="Den aktuelle temafil er ugyldig"/>
	<label ERR_invalidButton="Den aktuelle temafil indeholder en ugyldig tast"/>
	<label ERR_noStreamDev="Der er ikke installeret nogen kompatible lydenheder på denne computer. Klik på 'OK' for at afslutte."/>
	<label ERR_noRingDev="Der er ikke installeret nogen kompatible lydenheder på denne computer. Klik på 'OK' for at afslutte."/>
	<label ERR_noNetworkDev="Der er ingen kompatibel netværksgrænseflade på denne computer. Installer en netværksgrænseflade."/>
	<label ERR_noJVM="JVM-stien er ikke konfigureret. JVM kan ikke køres i fejlfindingstilstand."/>
	<label ERR_invokeJVM="JVM kan ikke startes - JNI_CreateJavaVM()"/>
	<label ERR_noVenderInfo="Der er ikke nogen oplysninger om forhandler i konfigurationsfilen"/>
	<label ERR_mismatchMAC="Den netværksgrænseflade, du har valgt at registrere hos Cisco CallManager, mangler eller er deaktiveret. Vælg 'OK', hvis du med vilje har fjernet denne grænseflade, og vælg en ny grænseflade, eller vælg 'Annuller' for at afslutte."/>
	<label ERR_mismatchVPN="Den netværksgrænseflade, du har valgt til lyd, har ikke en gyldig IP-adresse. Vælg 'OK' for at vælge en anden grænseflade, eller vælg 'Annuller' for at afslutte."/>
	<label ERR_noNetAdapterCC="Vælg en netværksgrænseflade, som du vil registrere hos Cisco CallManager. Som standard er der valgt en netværksgrænseflade for dig."/>
	<label ERR_deviceNameLength="Ugyldigt enhedsnavn. Enhedsnavnet skal bestå af 15 eller færre tegn og skal indeholde tegnene [a-z A-Z 0-9._-]" />
	<label ERR_noNetAdapterVPN="Vælg en netværksgrænseflade til lyd."/>
	<label ERR_noTFTPServer="Der kunne ikke oprettes forbindelse til TFTP-serveren."/>
	<label ERR_cannotReadSettings="Indstillingerne kunne ikke læses"/>
	<label ERR_networkAdaptorAbsent="En netværksadapter, der er kræves for registrering kunne ikke findes"/>
	<label ERR_badHostNameSpecified="Der er angivet et ugyldigt værtsnavn under præferencerne"/>
	<label ERR_badNetworkInterfaceSpecified="Der er angivet en ugyldig netværksgrænseflade under præferencerne"/>
	<label ERR_cannotInitializeGraphics="Skærmen kunne ikke initialiseres"/>
	<label ERR_cannotInitializeMedia="Medierne kunne ikke initialiseres"/>
	<label ERR_cannotStartCdp="Understøttelse af Cisco Emergency Responder-tjenesten kunne ikke initialiseres. Kontakt systemadministratoren"/>
	<label ERR_cannotInitializeKeyboard="Tilknytning af tastatur kunne ikke initialiseres"/>
	<label ERR_cannotInitializeGUI="Den grafiske brugergrænseflade kunne ikke initialiseres"/>
	<label ERR_cannotAutoUpdate="Der kunne ikke søges efter opdateringer"/>
	<label ERR_invalidDeviceLoad="Ugyldig indlæsning af enhed"/>
	<label ERR_wrongAutoUpdatePath="Følgende AutoUpdate-sti understøttes ikke:"/>
	<label ERR_invalidPortRange="Det angivne portinterval er ugyldigt. Intervallet skal være inden for området 1-65536. Angiv et nyt interval, og klik på 'OK'."/>
	<label ERR_cannotLaunchCVTA="Cisco Unified Video Advantage kunne ikke åbnes."/>
	<label ERR_cvtaNotFound="Cisco Unified Video Advantage version 2.0(1) eller nyere er påkrævet"/>
	<label ERR_checkDevicePreferences="Kontroller, at præferencerne for lydenheder er korrekte, ved hjælp af guiden Lydjustering eller menuen Præferencer."/>	
	<label ERR_invalidTFTPServer="TFTP-serveradressen indeholder et tomt felt."/>
	<label ERR_invalidAudioIP="Lyd IP-adresse indeholder et tomt felt."/>

	<label DLG_ND_Label="Angiv navn eller nummer for opkaldet"/>
	<label DLG_ND_MessageNone="Der blev ikke fundet nogen resultater"/>
	<label DLG_ND_MessageOne="Der blev fundet ét resultat"/>
	<label DLG_ND_Message25="Der blev fundet flere resultater. De vises på listen nedenfor."/>
	<label DLG_ND_Message25p="Der blev fundet flere resultater. De første %d resultater vises på listen nedenfor. Du kan få vist mere relevante resultater ved at afgrænse søgningen yderligere."/>
	<label DLG_ND_MultipleMatches="Flere søgeresultater"/>
	<label DLG_ND_TooManyMatches="For mange søgeresultater"/>
	<label DLG_ND_RefineSearch="Viser de første %d resultater. Du kan evt. afgrænse søgningen yderligere"/>
	<label DLG_ND_QuickSearch="Lynsøgning"/>
	<label DLG_ND_QuickDial="Lynopkald"/>
	<label DLG_ND_Search="Søg"/>
	<label DLG_ND_Dial="Vælg"/>
	<label DLG_ND_First="Fornavn"/>
	<label DLG_ND_Last ="Efternavn"/>
	<label DLG_ND_EMail="E-mail"/>
	<label DLG_ND_Number="Nummer"/>
	<label DLG_ND_Mobile="Mobil"/>
	<label DLG_ND_ThereWereErrors="Der var fejl"/>
	<label DLG_ND_Label="Søg efter..."/>
	<label ERR_ND_NoSearchBase="Der er ikke angivet nogen LDAP-søgedatabase"/>
	<label ERR_ND_NoUserName="LDAP-godkendelsesfejl: der er ikke angivet noget brugernavn"/> 
	<label ERR_ND_ConnectFailed="LDAP-forbindelsen til serveren kunne ikke åbnes"/>
	<label ERR_ND_AuthFailed="Det lykkedes ikke at logge på. Kontroller brugernavn/adgangskode"/>
	<label ERR_ND_FileError="Filfejl under skrivning af LDAP-resultater"/>
	<label ERR_ND_NoSelection="Du har ikke foretaget noget valg"/>
	<label ERR_ND_NoPhoneNumbers="Der er ikke nogen telefonnumre for den valgte post"/>

	<label DLG_ChoosePhoneNumber="Vælg et telefonnummer"/>
	<label DLG_CPN_Message="Der blev fundet flere telefonnumre. Vælg telefonnummer til opkald."/>

	<label DLG_NW_TFTPServerGroup="TFTP-servere"/>
	<label DLG_NW_ConnConfig="Indstillinger for CallManager"/>
	<label DLG_NW_AutoTftp="Brug TFTP-standardserverne"/>
	<label DLG_NW_CustomTftp="Brug følgende TFTP-servere:"/>
	<label DLG_NW_TFTP1="TFTP-server 1:"/>
	<label DLG_NW_TFTP2="TFTP-server 2:"/>
	<label DLG_NW_DeviceNameGroup="Enhedsnavn"/>
	<label DLG_NW_DeviceName="Enhedsnavn:"/>
	<label DLG_NW_NetAdapter="Netværksadapter:"/>
	<label DLG_NW_RadioNetAdapter="Brug netværksadapteren til at oprette enhedsnavnet"/>
	<label DLG_NW_RadioUseDeviceName="Brug følgende enhedsnavn"/>
	<label DLG_NW_StaticUseThisDeviceName="Brug følgende enhedsnavn:"/>

	<label DLG_Audio_Use729="Optimer i forhold til lille båndbredde"/>
	<label DLG_Audio_UseDefaultDevices="Brug Windows standardenheder"/>
	<label DLG_Audio_Advanced="Avanceret..."/>
	<label DLG_Audio_Network="Netværk..."/>
	<label DLG_Audio_Selections="Enheder til lydtilstande"/>
	<label DLG_Ringer_Selection="Enhed til ringer"/>

	<label DLG_AdvancedAudioSettings="Avancerede lydindstillinger"/>
	<label DLG_AudioAdv_Sidetone="Lydstyrke for sidetone"/>
	<label DLG_AudioAdv_EnableSidetone="Aktiver sidetone"/>
	<label DLG_AudioAdv_Slider="-                        0                       +"/>
	<label DLG_AudioAdv_Microphone="Forstærkning af lydstyrke for mikrofon"/>
	<label DLG_AudioAdv_Filters="Filtre"/>
	<label DLG_AudioAdv_Mode="Tilstand:"/>
	<label DLG_AudioAdv_PlayFilter="Lytter:"/>
	<label DLG_AudioAdv_RecordFilter="Taler:"/>
	<label DLG_AudioAdv_LimitVolume="Grænseværdi for lydstyrke"/>
	<label DLG_AudioAdv_AudioLatency="Lydkvalitet og ydeevne"/>
	<label DLG_AudioAdv_AudioLatencyLow="Optimal (lille forsinkelse)"/>
	<label DLG_AudioAdv_AudioLatencyMedium="Meget god (mellemstor forsinkelse)"/>
	<label DLG_AudioAdv_AudioLatencyHigh="God (stor forsinkelse)"/>
	<label DLG_AudioAdv_SilenceSuppression="Undertrykkelse af stilhed"/>
	<label DLG_AudioAdv_SsDisabled="Deaktiveret (anbefales ikke)"/>
	<label DLG_AudioAdv_NoiseSuppression="Støjundertrykkelse"/>
	<label DLG_AudioAdv_Aggressiveness="Aggresivitetsniveauer"/>
	<label DLG_AudioAdv_AggressivenessLeast="Færrest"/>
	<label DLG_AudioAdv_AggressivenessMedium="Mellem"/>
	<label DLG_AudioAdv_AggressivenessMost="Flest"/>
	<label DLG_AudioAdv_AggressivenessLow="Lav"/>
	<label DLG_AudioAdv_AggressivenessModerate="Moderat"/>
	<label DLG_AudioAdv_AggressivenessHigh="Høj"/>
	<label DLG_AudioAdv_AggressivenessVeryHigh="Meget højt"/>

	<label DLG_AudioAdv_AGC="Automatisk forstærkningskontrol"/>
	<label DLG_AudioAdv_EC="Ekko-annullering"/>
	<label DLG_AudioAdv_Enabled="Aktiveret"/>
	<label DLG_AudioAdv_Disabled="Deaktiveret"/>
	<label DLG_AudioAdv_Auto="Automatisk"/>
	<label DLG_AudioAdv_Analog="Analog"/>
	<label DLG_AudioAdv_Digital="Digital"/>
	<label DLG_AudioAdv_Both="Begge"/>
	<label DLG_AudioAdv_Cancellation="Annullering"/>
	<label DLG_AudioAdv_Suppression="Undertrykkelse"/>
	<label DLG_AudioAdv_UseInput="Brug inputværdien"/>

	<label DLG_NWA="Lydindstillinger for netværk"/>
	<label DLG_NWA_AudioIP="IP-adresse for lyd"/>
	<label DLG_NWA_AutoDetectIP="Registrer automatisk"/>
	<label DLG_NWA_SelectInterface="Brug følgende adapters adresse:"/>
	<label DLG_NWA_UseThisIP="Brug følgende adresse:"/>
	<label DLG_NWA_PortRange="Lydportinterval"/>
	<label DLG_NWA_AutoSelectPort="Brug standardportintervallet"/>
	<label DLG_NWA_SpecifyPort="Brug følgende portinterval:"/>
	<label DLG_NWA_PortFrom="Fra:"/>
	<label DLG_NWA_PortTo="Til:"/>

	<label DLG_USR_usrInfo="Brugeroplysninger"/>
	<label DLG_USR_usrID="Brugernavn:"/>
	<label DLG_USR_password="Adgangskode:"/>
	<label DLG_USR_usrInput="Brugerinput"/>
	<label DLG_USR_usbHandset="USB-håndsæt:"/>
	<label DLG_USR_trace="Fejlfinding"/>
	<label DLG_USR_traceEnable="Aktiver logføring"/>
	<label DLG_USR_CloseHidesApp="Luk skjuler program"/>
	<label DLG_USR_BringToFront="Placer forrest ved aktivt opkald"/>
	<label DLG_USR_DisableToast="Skjul besked om indgående opkald"/>
	<label DLG_USR_EnableAnswerHotkey="Aktiver hurtigtasten for besvar"/>
	<label DLG_USR_UserOptionsGroup="Adresse på Cisco Unified CM- brugerindstillingssiden"/>
	<label DLG_USR_AutoUserOptions="Brug standard (TFTP-server)"/>
	<label DLG_USR_SpecifyUserOptions="Brug specifik URL"/>

	<label SKINS_Main_MessageWaiting="Meddelelse venter"/>
	<label SKINS_ButtonSets_Close="Luk"/>
	<label SKINS_ButtonSets_Minimize="Minimer"/>
	<label SKINS_ButtonSets_Mode="Tilstand"/>
	<label SKINS_ButtonSets_Menu="Menu"/>
	<label SKINS_lines_Line1="Linje 1"/>
	<label SKINS_lines_Line2="Linje 2"/>
	<label SKINS_lines_Line3="Linje 3"/>
	<label SKINS_lines_Line4="Linje 4"/>
	<label SKINS_lines_Line5="Linje 5"/>
	<label SKINS_lines_Line6="Linje 6"/>
	<label SKINS_lines_Line7="Linje 7"/>
	<label SKINS_lines_Line8="Linje 8"/>
	<label SKINS_keypad_One="En"/>
	<label SKINS_keypad_Two="To"/>
	<label SKINS_keypad_Three="Tre"/>
	<label SKINS_keypad_Four="Fire"/>
	<label SKINS_keypad_Five="Fem"/>
	<label SKINS_keypad_Six="Seks"/>
	<label SKINS_keypad_Seven="Syv"/>
	<label SKINS_keypad_Eight="Otte"/>
	<label SKINS_keypad_Nine="Ni"/>
	<label SKINS_keypad_Star="Stjerne"/>
	<label SKINS_keypad_Zero="Nul"/>
	<label SKINS_keypad_Pound="Firkant"/>
	<label SKINS_softkeys_Softkey1="Tast 1"/>
	<label SKINS_softkeys_Softkey2="Tast 2"/>
	<label SKINS_softkeys_Softkey3="Tast 3"/>
	<label SKINS_softkeys_Softkey4="Tast 4"/>
	<label SKINS_softkeys_Softkey5="Tast 5"/>
	<label SKINS_features_Messages="Meddelelser"/>
	<label SKINS_features_Services="Tjenester"/>
	<label SKINS_features_Settings="Indstillinger"/>
	<label SKINS_features_Directories="Telefonbøger"/>
	<label SKINS_features_Information="Hjælp"/>
	<label SKINS_controls_Headset="Hovedsæt"/>
	<label SKINS_controls_Mute="Lyd fra"/>
	<label SKINS_controls_Speaker="Højttaler"/>
	<label SKINS_controls_VolumeDown="Lydstyrke ned"/>
	<label SKINS_controls_VolumeUp="Lydstyrke op"/>
	<label SKINS_navigation_Navigation="Navigering"/>
	<label SKINS_navigation_Up="Op"/>
	<label SKINS_navigation_Down="Ned"/>
	<label SKINS_navigation_Left="Venstre"/>
	<label SKINS_navigation_Right="Højre"/>

	<label DLG_AUDIO_LatencyOptimization="Optimering af latenstid"/>
	<label DLG_AUDIO_LowDelay="Lille forsinkelse"/>
	<label DLG_AUDIO_MediumDelay="Mellemstor forsinkelse"/>
	<label DLG_AUDIO_HighDelay="Stor forsinkelse"/>
	<label DLG_AUDIO_VeryHighDelay="Meget stor forsinkelse"/>
	<label DLG_AUDIO_LowestLatency="Mindste latenstid"/>
	<label DLG_AUDIO_HighestLatency="Største latenstid"/>
	<label DLG_AUDIO_Default="Standardindstilling"/>
	<label DLG_AUDIO_Recommended="Det anbefales at bruge de laveste indstillinger først og fortsætte med den næste indstilling, hvis det er nødvendigt."/>
	<label DLG_AUDIO_Speaker="Højttaler"/>	
	<label DLG_AUDIO_Mic="Mikrofon"/>
	<label DLG_AUDIO_SpeakerBuffer="Nummer for højttalerbuffer"/>
	<label DLG_AUDIO_MicBuffer="Nummer for mikrofonbuffer"/>

	<label DLG_TRACE_Tracing="Sporing"/>
	<label DLG_TRACE_GUI="Grafisk brugergrænseflade"/>
	<label DLG_TRACE_CallControl="Opkaldskontrol"/>
	<label DLG_TRACE_Media="Lyd"/>
	<label DLG_TRACE_CDP="CDP"/>
	<label DLG_TRACE_ATW="Guiden Lydjustering"/>
	<label DLG_TRACE_R2d="Aktiver skærm på telefon"/>
	<label DLG_TRACE_Levels="Sporingsniveauer"/>
	<label DLG_TRACE_Errors="Fejl"/>
	<label DLG_TRACE_Detailed="Detaljeret"/>
	<label DLG_TRACE_Low="Lav"/>
	<label DLG_TRACE_Med="Mellem"/>
	<label DLG_TRACE_High="Høj"/>
	<label DLG_TRACE_All="Alle"/>

	<label DLG_L10N_Language="Sprog"/>
	<label DLG_L10N_Locale="Landestandard"/>

	<label ChangeInterfaceWarningText="Hvis du ændrer netværksgrænsefladen, fungerer Cisco IP Communicator muligvis ikke længere. Kontakt systemadministratoren, inden du ændrer denne parameter."/>
	<label ChangeInterfaceWarningCaption="Advarsel"/>

	<label ChangeProtocolWarningText="Opkaldskontrolprotokollen for denne enhed er ændret. Klik på OK for at genstarte Cisco IP Communicator."/>
	<label JPhoneStartupErrorText="Det lykkedes ikke for Cisco IP Communicator at initiere telefonprogrammet og vil nu lukke. Vil du genstarte Cisco IP Communicator?"/>
	<label AutoUpdateNeedUpdatesText="Opdateringer er tilgængelige for Cisco IP Commnunicator. Programmet skal være lukket ned under opdateringsprocessen. Vil du fortsætte med opdateringen?"/>

	<label CheckingLocaleUpdates="Tjekker for ændringer i landestandard..."/>

<!-- ETOUCH -->
	<label Paste="Sæt ind"/>
	<label AnswerCall="Besvar"/>
	<label IgnoreCall="Ignorer"/>
	<label UnknownCaller="Ukendt"/>
<!-- ETOUCH -->
	<SkinLocMap>
		<entry file="Default" name="Standard tilstand" />
		<entry file="Mercurio" name="Kompakt tilstand" />
	</SkinLocMap>

</CommunicatorStrings>