<?xml version="1.0"?>
<TuningWizardStrings>
	<label rtlFlag="0"/>
        <label discardChanges= "Do you really want to exit now and lose all of your changes?"/>

        <label noPlay        = "Audio Tuning Wizard cannot configure this device to play sound. Cisco IP Communicator may not function properly with this device."/>

        <label unmute        = "The volume for %s was muted, but Audio Tuning Wizard has corrected the problem. If you still cannot play the sample sound, Cisco IP Communicator may not function properly with this device."/>

        <label noMicInput    = "Audio Tuning Wizard cannot configure %s to record sound. Cisco IP Communicator may not function properly with this device."/>

        <label setMicInput   = "%s was not configured to record sound from its microphone, but Audio Tuning Wizard has corrected the problem. If you still cannot record sound, Cisco IP Communicator may not function properly with this device."/>

        <label unmuteMic     = "The microphone for %s was muted, but Audio Tuning Wizard has corrected the problem. If you still cannot record sound, Cisco IP Communicator may not function properly with this device."/>

        <label MicInUse      = "Could not monitor microphone. Please check the following: (1) A call is in progress (2) Another application is using the Microphone (3) Microphone is muted"/>

        <label troubleshootmenu1    = "Audio Tuning Wizard settings and error information have been saved to %s"/>
        <label troubleshootmenu3    = "Do you want to launch Cisco Unified Problem Reporting Tool now?"/>

        <label missingdevice1    = "%s is either missing or not connected properly. Please reconnect it and select OK."/>
        <label missingdevice3    = "To select a different device using Tuning Wizard, select Cancel."/>
	<label noSoundDevices    = "There are no compatible sound devices installed on this computer. Please click 'OK' to exit."/> 
	<label devicesNotTuned = "If you do not tune the sound devices, audio may not work correctly in Communicator. Do you really want to cancel?"/> 
	
        <label copyright     = "Copyright � 2004-2011 Cisco Systems, Inc. All Rights Reserved."/>

	<label title	     = "Audio Tuning Wizard"/>
        <label test          = "Test"/>
        <label play          = "Play"/>
        <label stop          = "Stop"/>

        <label page1title    = "Audio Tuning Wizard - Select Audio Devices"/>
	<label headset       = "Headset:"/>
	<label speakerphone  = "Speakerphone:"/>
	<label ringer        = "Ringer:"/>
	<label handset       = "Handset:"/>

        <label page2title          = "Audio Tuning Wizard - Adjust the Listening Volume for %s"/>
	<label page2playbackdevice = "Playback device:"/>	
        <label page2wavevolume     = "Wave volume:"/>
        <label page2mastervolume   = "Master volume:"/>
	<label page2enabled        = "Enabled"/>

        <label page3title          = "Audio Tuning Wizard - Adjust the Microphone Volume for %s"/>
        <label page3device         = "Recording device:"/>
        <label page3finegain       = "Fine volume:"/>
        <label page3coarsegain     = "Master volume:"/>
        <label page3enable         = "Enable"/>
        <label page3highgain       = "Microphone Boost"/>
        <label page3playback       = "Playout"/>
        <label page4title    = "Audio Tuning Wizard - AEC Quality Assessment Test for %s"/>

        <label checktitle    = "Audio Tuning Wizard - Check Audio Settings"/>
        <label checkdisable  = "Don't ask me again"/>
        <label revert        = "Revert"/>
        <label tune          = "Tune"/>
	<label skip	     = "Skip"/>

        <label yes           = "Yes"/>
        <label no            = "No"/>
        <label ok            = "OK"/>
        <label cancel        = "Cancel"/>
        <label back          = "Back"/>
        <label next          = "Next"/>
        <label finish        = "Finish"/>
	  <label Help        = "Help"/>
        <label Troubleshooting        = "Troubleshooting Info..."/>
        <label About        = "About AudioTuningWizard..."/>
	<label UseDefaultDevices 	= "Use Windows default devices"/>
        <label errOpenSoundCard		= "Could not change sound device to "/>
        
        <label AboutTitle		= "About Audio Tuning Wizard"/>
        <label Move		= "Move"/>
        <label Close		= "Close"/>
        <label AlreadyRunning		= "Another instance of Audio Tuning Wizard is running now!"/>
        <label FileOpenFailure		= "Failed to open %s"/>
        <label MicInError		= "Error: Mic input is out of range"/>

</TuningWizardStrings>
