﻿<?xml version="1.0"?>

<ErrorReportStrings>
	
	<label ok			="OK"/>
	<label exit			="Beenden"/>
	<label cancel			="Abbrechen"/>
	<label errorHeading		="Fehler"/>
	<label stackTrace		="Stapelprotokoll"/>
	<label viewStackTrace		="Stapelprotokoll anzeigen"/>

	<label name			="Name"/>
	<label extension		="Cisco IP Communicator-Anschluss"/>
	<label problemTime		="Zeitpunkt, zu dem das Problem aufgetreten ist"/>
	<label problemDetails		="Problemdetails"/>
	<label specifyAllFields		="Geben Sie alle Felder an"/>

	<label ERT_usageString			="VERWENDUNG&#13;=======&#13;AutoUpdate parameterName1=&lt;parameterValue1&gt; parameterName2=&lt;parameterValue2&gt; ...&#13;&#13;PARAMETER:&#13;Angegeben werden müssen httpServer/tftpServer, installFolder, manifestFile&#13;Optionale Parameter sind mode, waitWindow und postUpdateScript&#13;Bei den Parametern werden Reihenfolge und Groß-/Kleinschreibung nicht berücksichtigt&#13;&#13;Z. B.&#13;AutoUpdate httpServer=http://www.webserver.com/Communicator installFolder=&quot;D:\Programme\ACME Systems\ACME Studio&quot; mode=install waitWindow=&quot;ACME Studio&quot; postUpdateScript=Notepad.exe"/>
	<label ERT_errorTitle			="Tool zur Fehlerberichterstellung - Fehler"/>
	<label ERT_endMessage			="Das Tool zur Fehlerberichterstellung hat die erforderlichen Informationen zusammengestellt&#13;Der Speicherort wird unten angezeigt&#13;Sie sollten diese Datei löschen, sobald die Informationen nicht mehr benötigt werden"/>
	<label ERT_gatheringSystemInfo		="Systeminformationen werden zusammengestellt..."/>
	<label ERT_gatheringAppConfig		="Anwendungskonfiguration wird zusammengestellt..."/>
	<label ERT_gatheringAppLogs		="Anwendungsprotokolle werden zusammengestellt..."/>
	<label ERT_gatheringInstallLogs		="Installationsprotokolle werden zusammengestellt..."/>
	<label ERT_gatheringAutoUpdateLogs	="AutoUpdate-Protokolle werden zusammengestellt..."/>
	<label ERT_gatheringCrashDumpLogs	="Crash-Dump-Protokolle werden zusammengestellt..."/>
	<label ERT_logsGathered			="Zusammenstellung der Informationen ist abgeschlossen"/>
	<label ERT_enterProblemDescription	="Geben Sie unten die Problembeschreibung ein"/>
	<label ERT_windowTitle			="Cisco IP Communicator - Fehlerbericht"/>
	<label ERT_unableToZip			="Die benötigten Dateien können nicht komprimiert werden"/>
	<label ERT_unableToChangeDirectory	="Das Verzeichnis kann nicht in folgenden Ordner geändert werden"/>
	<label ERT_unableToCopyFiles		="Die folgenden Dateien können nicht kopiert werden"/>
	<label ERT_SoftPhoneSENotFound		="Die Installation von Cisco IP Communicator wurde nicht gefunden.&#13;Stellen Sie sicher, dass Communicator richtig installiert wurde."/>
	<label ERT_RemoveConfig			="Vorhandene Konfiguration entfernen?"/>
	<label ERT_RemoveLogs			="Vorhandene Protokolle entfernen?"/>
	<label ERT_RemoveAction			="Entfernen..."/>
	<label ERT_DeleteAction			="Löschen..."/>

</ErrorReportStrings>