<?xml version="1.0" encoding="UTF-8"?>
<TuningWizardStrings>
	<label rtlFlag="0"/>
        <label discardChanges= "Wirklich beenden? Alle Änderungen gehen verloren."/>

        <label noPlay        = "Der Audiokonfigurations-Assistent kann dieses Gerät nicht für die Tonwiedergabe konfigurieren. Cisco IP Communicator funktioniert möglicherweise mit diesem Gerät nicht ordnungsgemäß."/>

        <label unmute        = "Die Lautstärke für %s wurde stummgeschaltet, aber der Audiokonfigurations-Assistent hat das Problem behoben. Wenn der Beispielton dennoch nicht wiedergegeben werden kann, funktioniert Cisco IP Communicator möglicherweise mit diesem Gerät nicht ordnungsgemäß."/>

        <label noMicInput    = "Der Audiokonfigurations-Assistent kann %s nicht für die Tonaufzeichnung konfigurieren. Cisco IP Communicator funktioniert möglicherweise mit diesem Gerät nicht ordnungsgemäß."/>

        <label setMicInput   = "%s wurde nicht zur Tonaufzeichnung über das Mikrofon konfiguriert, aber der Audiokonfigurations-Assistent hat das Problem behoben. Wenn Sie dennoch keinen Ton aufzeichnen können, funktioniert Cisco IP Communicator möglicherweise mit diesem Gerät nicht ordnungsgemäß."/>

        <label unmuteMic     = "Das Mikrofon für %s war stummgeschaltet, aber der Audiokonfigurations-Assistent hat das Problem gelöst. Wenn Sie dennoch keinen Ton aufzeichnen können, funktioniert Cisco IP Communicator möglicherweise mit diesem Gerät nicht ordnungsgemäß."/>

        <label MicInUse      = "Das Mikrofon konnte nicht überwacht werden. Überprüfen Sie Folgendes: (1) Es wird bereits ein Anruf getätigt (2) Eine andere Anwendung verwendet das Mikrofon (3) Das Mikrofon ist stummgeschaltet"/>

        <label troubleshootmenu1    = "Die Einstellungen des Audiokonfigurations-Assistenten und die Fehlerinformationen wurden in %s gespeichert."/>
        <label troubleshootmenu3    = "Möchten Sie das Cisco Unified Problem Reporting Tool jetzt starten?"/>

        <label missingdevice1    = "%s fehlt oder ist nicht ordnungsgemäß verbunden. Beheben Sie das Problem und wählen Sie 'OK'."/>
        <label missingdevice3    = "Wählen Sie 'Abbrechen', wenn Sie mit dem Audiokonfigurations-Assistenten ein anderes Gerät auswählen möchten."/>
	<label noSoundDevices    = "Auf diesem Computer sind keine kompatiblen Audiogeräte installiert. Klicken Sie zum Beenden auf OK."/> 
	<label devicesNotTuned = "Wenn Sie die Audiogeräte nicht abstimmen, funktionieren die Audiofunktionen in Communicator möglicherweise nicht richtig. Möchten Sie wirklich abbrechen?"/> 
	
        <label copyright     = "Copyright © 2004-2011 Cisco Systems, Inc. Alle Rechte vorbehalten."/>

	<label title	     = "Audiokonfigurations-Assistent"/>
        <label test          = "Testen"/>
        <label play          = "Wiedergabe"/>
        <label stop          = "Stoppen"/>

        <label page1title    = "Audiokonfigurations-Assistent - Audiogeräte auswählen"/>
	<label headset       = "Headset:"/>
	<label speakerphone  = "Lautsprecher:"/>
	<label ringer        = "Rufton:"/>
	<label handset       = "Hörer:"/>

        <label page2title          = "Audiokonfigurations-Assistent - Lautstärke für %s anpassen"/>
	<label page2playbackdevice = "Wiedergabegerät:"/>	
        <label page2wavevolume     = "Wave-Lautstärke:"/>
        <label page2mastervolume   = "Master-Lautstärke:"/>
	<label page2enabled        = "Aktiviert"/>

        <label page3title          = "Audiokonfigurations-Assistent - Mikrofonlautstärke für %s anpassen"/>
        <label page3device         = "Aufnahmegerät:"/>
        <label page3finegain       = "Feinabstimmung der Lautstärke:"/>
        <label page3coarsegain     = "Master-Lautstärke:"/>
        <label page3enable         = "Aktivieren"/>
        <label page3highgain       = "Mikrofon-Boost"/>
        <label page3playback       = "Wiedergeben"/>
        <label page4title    = "Audiokonfigurations-Assistent - AEC Qualitätstest für %s"/>

        <label checktitle    = "Audiokonfigurations-Assistent - Audioeinstellungen überprüfen"/>
        <label checkdisable  = "Nicht erneut fragen"/>
        <label revert        = "Zurücksetzen"/>
        <label tune          = "Einstellen"/>
	<label skip	     = "Überspringen"/>

        <label yes           = "Ja"/>
        <label no            = "Nein"/>
        <label ok            = "OK"/>
        <label cancel        = "Abbruch"/>
        <label back          = "Zurück"/>
        <label next          = "Weiter"/>
        <label finish        = "Fertig stellen"/>
	  <label Help        = "Hilfe"/>
        <label Troubleshooting        = "Informationen zur Problembehandlung"/>
        <label About        = "Info..."/>
	<label UseDefaultDevices 	= "Windows-Standardgeräte verwenden"/>
        <label errOpenSoundCard		= "Audiogerät konnte nicht geändert werden in "/>
        
        <label AboutTitle		= "Info zum Audiokonfigurations-Assistenten"/>
        <label Move		= "Verschieben"/>
        <label Close		= "Schließen"/>
        <label AlreadyRunning		= "Es wird eine andere Instanz des Audiokonfigurations-Assistenten ausgeführt."/>
        <label FileOpenFailure		= "%s konnte nicht geöffnet werden"/>
        <label MicInError		= "Fehler: Mikrofoneingang außerhalb des zulässigen Bereichs"/>


	<label checksettingshelp = "{\rtf1\ansi\ansicpg1252\deff0\stshfdbch0\stshfloch0\stshfhich0\stshfbi0{\fonttbl{\f0\fnil\fcharset0\fprq2{\*\panose 02020603050405020304}Times New Roman;}{\f1\fnil\fcharset0\fprq2{\*\panose 020b0604020202020204}Arial;}{\f2\fnil\fcharset0\fprq1{\*\panose 02070309020205020404}Courier New;}{\f3\fnil\fcharset2\fprq2{\*\panose 05050102010706020507}Symbol;}{\f37\fnil\fcharset0\fprq2 Times New Roman CE;}{\f38\fnil\fcharset0\fprq2 Times New Roman Cyr;}{\f40\fnil\fcharset0\fprq2 Times New Roman Greek;}{\f41\fnil\fcharset0\fprq2 Times New Roman Tur;}{\f42\fnil\fcharset0\fprq2 Times New Roman (Hebrew);}{\f43\fnil\fcharset0\fprq2 Times New Roman (Arabic);}{\f44\fnil\fcharset0\fprq2 Times New Roman Baltic;}{\f45\fnil\fcharset0\fprq2 Times New Roman (Vietnamese);}{\f47\fnil\fcharset0\fprq2 Arial CE;}{\f48\fnil\fcharset0\fprq2 Arial Cyr;}{\f50\fnil\fcharset0\fprq2 Arial Greek;}{\f51\fnil\fcharset0\fprq2 Arial Tur;}{\f52\fnil\fcharset0\fprq2 Arial (Hebrew);}{\f53\fnil\fcharset0\fprq2 Arial (Arabic);}{\f54\fnil\fcharset0\fprq2 Arial Baltic;}{\f55\fnil\fcharset0\fprq2 Arial (Vietnamese);}{\f57\fnil\fcharset0\fprq1 Courier New CE;}{\f58\fnil\fcharset0\fprq1 Courier New Cyr;}{\f60\fnil\fcharset0\fprq1 Courier New Greek;}{\f61\fnil\fcharset0\fprq1 Courier New Tur;}{\f62\fnil\fcharset0\fprq1 Courier New (Hebrew);}{\f63\fnil\fcharset0\fprq1 Courier New (Arabic);}{\f64\fnil\fcharset0\fprq1 Courier New Baltic;}{\f65\fnil\fcharset0\fprq1 Courier New (Vietnamese);}}{\colortbl;\red0\green0\blue0;\red0\green0\blue255;\red0\green255\blue255;\red0\green255\blue0;\red255\green0\blue255;\red255\green0\blue0;\red255\green255\blue0;\red255\green255\blue255;\red0\green0\blue128;\red0\green128\blue128;\red0\green128\blue0;\red128\green0\blue128;\red128\green0\blue0;\red128\green128\blue0;\red128\green128\blue128;\red192\green192\blue192;}{\stylesheet{\ql \li0\ri0\widctlpar\aspalpha\aspnum\faauto\adjustright\rin0\lin0\itap0 \fs24\cgrid\snext0 Normal;}{\*\cs10 \additive \ssemihidden Default Paragraph Font;}{\*\ts11\tsrowd\trftsWidthB3\trpaddl108\trpaddr108\trpaddfl3\trpaddft3\trpaddfb3\trpaddfr3\trcbpat1\trcfpat1\tscellwidthfts0\tsvertalt\tsbrdrt\tsbrdrl\tsbrdrb\tsbrdrr\tsbrdrdgl\tsbrdrdgr\tsbrdrh\tsbrdrv \ql \li0\ri0\widctlpar\aspalpha\aspnum\faauto\adjustright\rin0\lin0\itap0 \fs20\cgrid\snext11 \ssemihidden Normal Table;}{\s15\ql \li0\ri0\widctlpar\tx916\tx1832\tx2748\tx3664\tx4580\tx5496\tx6412\tx7328\tx8244\tx9160\tx10076\tx10992\tx11908\tx12824\tx13740\tx14656\aspalpha\aspnum\faauto\adjustright\rin0\lin0\itap0 \f2\fs20\cgrid\sbasedon0 \snext15 \styrsid8083252 HTML Preformatted;}{\*\cs16 \additive \sbasedon10 \styrsid8083252 changedtext;}}{\*\latentstyles\lsdstimax156\lsdlockeddef0}{\*\pgptbl {\pgp\ipgp0\itap0\li0\ri0\sb0\sa0}}{\*\rsidtbl \rsid5791440\rsid8083252\rsid11369555
}{\*\generator Microsoft Word 11.0.6568;}{\info{\author Cisco Systems, Inc.}{\operator Gary Resurreccion}{\creatim\yr2005\mo12\dy16\hr14\min14}{\revtim\yr2006\mo3\dy15\hr18\min11}{\version3}{\edmins3}{\nofpages1}{\nofwords43}{\nofchars246}{\*\company Cisco Systems, Inc.}{\nofcharsws288}{\vern24579}}\widowctrl\ftnbj\aenddoc\noxlattoyen\expshrtn\noultrlspc\dntblnsbdb\nospaceforul\hyphcaps0\horzdoc\dghspace120\dgvspace120\dghorigin1701\dgvorigin1984\dghshow0\dgvshow3\jcompress\viewkind4\viewscale100\nolnhtadjtbl\rsidroot8083252 \fet0\sectd \linex0\sectdefaultcl\sftnbj {\*\pnseclvl1\pnucrm\pnstart1\pnindent720\pnhang {\pntxta .}}{\*\pnseclvl2\pnucltr\pnstart1\pnindent720\pnhang {\pntxta .}}{\*\pnseclvl3\pndec\pnstart1\pnindent720\pnhang {\pntxta .}}{\*\pnseclvl4\pnlcltr\pnstart1\pnindent720\pnhang {\pntxta )}}{\*\pnseclvl5\pndec\pnstart1\pnindent720\pnhang {\pntxtb (}{\pntxta )}}{\*\pnseclvl6\pnlcltr\pnstart1\pnindent720\pnhang {\pntxtb (}{\pntxta )}}{\*\pnseclvl7\pnlcrm\pnstart1\pnindent720\pnhang {\pntxtb (}{\pntxta )}}{\*\pnseclvl8\pnlcltr\pnstart1\pnindent720\pnhang {\pntxtb (}{\pntxta )}}{\*\pnseclvl9\pnlcrm\pnstart1\pnindent720\pnhang {\pntxtb (}{\pntxta )}}\pard\plain \s15\ql \li0\ri0\widctlpar\tx916\tx1832\tx2748\tx3664\tx4580\tx5496\tx6412\tx7328\tx8244\tx9160\tx10076\tx10992\tx11908\tx12824\tx13740\tx14656\aspalpha\aspnum\faauto\adjustright\rin0\lin0\itap0\f2\fs20\cgrid{\cs16\f1\fs18 Die Audioeinstellungen Ihres Computers wurden ge\'e4ndert, seitdem Sie sie f\'fcr Cisco IP Communicator konfiguriert haben.}{\f1\fs18
}{\f1\fs18\par }
{\f1\fs18}\pard\plain \ql \li0\ri0\nowidctlpar\faauto\rin0\lin0\itap0 \fs24\cgrid{\f1\fs18 W\'e4hlen Sie:}{\f1\fs18\par }
{\f1\fs18
}{\f1\fs18\par }
{\f1\fs18}\pard \ql \fi-360\li360\ri0\nowidctlpar\tx360\faauto\rin0\lin360\itap0 {\f3\fs18 \'b7  }{\b {\f1\fs18 Zur\'fccksetzen}}{\f1\fs18 , um Ihre Audioeinstellungen auf die urspr\'fcnglichen}{\f1\fs18\par }
{\f1\fs18     Einstellungen zur\'fcckzusetzen.}{\f1\fs18\par }
{\f1\fs18}\pard \ql \fi-360\li360\ri0\nowidctlpar\faauto\rin0\lin360\itap0 {\f3\fs18 \'b7  }{\b {\f1\fs18 Einstellen}}{\f1\fs18 , um die aktuellen Audioeinstellungen anzuzeigen oder zu \'e4ndern.}{\f1\fs18\par }
{\f1\fs18}{\f3\fs18 \'b7  }{\b {\f1\fs18 \'dcberspringen}}{\f1\fs18 , um mit den aktuellen Audioeinstellungen fortzufahren.}{\f1\fs18\par }
{\f1\fs18}
}"/>

	<label checknewdevicehelp = "{\rtf1\ansi\ansicpg1252\deff0{\fonttbl{\f0\fnil\fprq2\fcharset0 Arial;}{\f1\fnil\fprq2\fcharset2 Symbol;}}{\*\generator Msftedit 5.41.21.2500;}\viewkind4\pard\nowidctlpar\f0\fs18 Einige der Audioger\'e4te, die Sie ausgew\'e4hlt haben, wurden noch nicht f\'fcr die Verwendung mit Cisco IP Communicator konfiguriert. W\'e4hlen Sie:
\par\pard\nowidctlpar\fi-360\li360\tx360
\par\pard\nowidctlpar\fi-360\li360\f1 \'b7  \b\f0 Einstellen,\b0  um die Ger\'e4te zu konfigurieren oder andere Ger\'e4te auszuw\'e4hlen.
\par\pard\nowidctlpar\fi-360\li360\f1 \'b7  \b\f0 Abbrechen,\b0  um mit den aktuellen Audioeinstellungen fortzufahren.
\par

} "/>

	<label page0help = "{\rtf1\ansi\ansicpg1252\deff1\stshfdbch0\stshfloch0\stshfhich0\stshfbi0{\fonttbl{\f0\fnil\fcharset0\fprq2{\*\panose 02020603050405020304}Times New Roman;}{\f1\fnil\fcharset0\fprq2{\*\panose 020b0604020202020204}Arial;}{\f2\fnil\fcharset0\fprq1{\*\panose 02070309020205020404}Courier New;}{\f37\fnil\fcharset0\fprq2 Times New Roman CE;}{\f38\fnil\fcharset0\fprq2 Times New Roman Cyr;}{\f40\fnil\fcharset0\fprq2 Times New Roman Greek;}{\f41\fnil\fcharset0\fprq2 Times New Roman Tur;}{\f42\fnil\fcharset0\fprq2 Times New Roman (Hebrew);}{\f43\fnil\fcharset0\fprq2 Times New Roman (Arabic);}{\f44\fnil\fcharset0\fprq2 Times New Roman Baltic;}{\f45\fnil\fcharset0\fprq2 Times New Roman (Vietnamese);}{\f47\fnil\fcharset0\fprq2 Arial CE;}{\f48\fnil\fcharset0\fprq2 Arial Cyr;}{\f50\fnil\fcharset0\fprq2 Arial Greek;}{\f51\fnil\fcharset0\fprq2 Arial Tur;}{\f52\fnil\fcharset0\fprq2 Arial (Hebrew);}{\f53\fnil\fcharset0\fprq2 Arial (Arabic);}{\f54\fnil\fcharset0\fprq2 Arial Baltic;}{\f55\fnil\fcharset0\fprq2 Arial (Vietnamese);}{\f57\fnil\fcharset0\fprq1 Courier New CE;}{\f58\fnil\fcharset0\fprq1 Courier New Cyr;}{\f60\fnil\fcharset0\fprq1 Courier New Greek;}{\f61\fnil\fcharset0\fprq1 Courier New Tur;}{\f62\fnil\fcharset0\fprq1 Courier New (Hebrew);}{\f63\fnil\fcharset0\fprq1 Courier New (Arabic);}{\f64\fnil\fcharset0\fprq1 Courier New Baltic;}{\f65\fnil\fcharset0\fprq1 Courier New (Vietnamese);}}{\colortbl;\red0\green0\blue0;\red0\green0\blue255;\red0\green255\blue255;\red0\green255\blue0;\red255\green0\blue255;\red255\green0\blue0;\red255\green255\blue0;\red255\green255\blue255;\red0\green0\blue128;\red0\green128\blue128;\red0\green128\blue0;\red128\green0\blue128;\red128\green0\blue0;\red128\green128\blue0;\red128\green128\blue128;\red192\green192\blue192;}{\stylesheet{\ql \li0\ri0\nowidctlpar\faauto\rin0\lin0\itap0 \f1\fs24\cgrid\snext0 Normal;}{\s1\ql \li0\ri0\nowidctlpar\faauto\outlinelevel0\rin0\lin0\itap0 \f1\fs24\cgrid\sbasedon0 \snext0 heading 1;}{\*\cs10 \additive \ssemihidden Default Paragraph Font;}{\*\ts11\tsrowd\trftsWidthB3\trpaddl108\trpaddr108\trpaddfl3\trpaddft3\trpaddfb3\trpaddfr3\trcbpat1\trcfpat1\tscellwidthfts0\tsvertalt\tsbrdrt\tsbrdrl\tsbrdrb\tsbrdrr\tsbrdrdgl\tsbrdrdgr\tsbrdrh\tsbrdrv \ql \li0\ri0\widctlpar\aspalpha\aspnum\faauto\adjustright\rin0\lin0\itap0 \fs20\cgrid\snext11 \ssemihidden Normal Table;}{\s15\ql \li0\ri0\widctlpar\tx916\tx1832\tx2748\tx3664\tx4580\tx5496\tx6412\tx7328\tx8244\tx9160\tx10076\tx10992\tx11908\tx12824\tx13740\tx14656\aspalpha\aspnum\faauto\adjustright\rin0\lin0\itap0 \f2\fs20\cgrid\sbasedon0 \snext15 \styrsid4137108 HTML Preformatted;}{\*\cs16 \additive \sbasedon10 \styrsid4137108 changedtext;}}{\*\latentstyles\lsdstimax156\lsdlockeddef0}{\*\pgptbl {\pgp\ipgp0\itap0\li0\ri0\sb0\sa0}{\pgp\ipgp0\itap0\li0\ri0\sb0\sa0}}{\*\rsidtbl \rsid4137108\rsid4202610\rsid8399201\rsid9447335}{\*\generator Microsoft Word 11.0.6502;}{\info{\title Use this wizard to Select and Tune Audio Devices}{\author Ganesan Venkataraman (gvenkata)}{\operator Cisco Systems, Inc.}{\creatim\yr2003\mo5\dy31\hr16\min47}{\revtim\yr2005\mo12\dy16\hr14\min52}{\version13}{\edmins21}{\nofpages1}{\nofwords59}{\nofchars339}{\*\company Cisco Systems, Inc.}{\nofcharsws397}{\vern24579}}\widowctrl\ftnbj\aenddoc\noxlattoyen\expshrtn\noultrlspc\dntblnsbdb\nospaceforul\hyphcaps0\horzdoc\dghspace120\dgvspace120\dghorigin1701\dgvorigin1984\dghshow0\dgvshow3\jcompress\viewkind4\viewscale100\nolnhtadjtbl\rsidroot4137108 \fet0\sectd \linex0\sectdefaultcl\sftnbj {\*\pnseclvl1\pnucrm\pnstart1\pnindent720\pnhang {\pntxta .}}{\*\pnseclvl2\pnucltr\pnstart1\pnindent720\pnhang {\pntxta .}}{\*\pnseclvl3\pndec\pnstart1\pnindent720\pnhang {\pntxta .}}{\*\pnseclvl4\pnlcltr\pnstart1\pnindent720\pnhang {\pntxta )}}{\*\pnseclvl5\pndec\pnstart1\pnindent720\pnhang {\pntxtb (}{\pntxta )}}{\*\pnseclvl6\pnlcltr\pnstart1\pnindent720\pnhang {\pntxtb (}{\pntxta )}}{\*\pnseclvl7\pnlcrm\pnstart1\pnindent720\pnhang {\pntxtb (}{\pntxta )}}{\*\pnseclvl8\pnlcltr\pnstart1\pnindent720\pnhang {\pntxtb (}{\pntxta )}}{\*\pnseclvl9\pnlcrm\pnstart1\pnindent720\pnhang {\pntxtb (}{\pntxta )}}\pard\plain \s1\ql \li0\ri0\sa80\keepn\nowidctlpar\faauto\outlinelevel0\rin0\lin0\itap0 \f1\fs24\cgrid{\b {\i {\fs20 Audioger\'e4te ausw\'e4hlen und einstellen}}}{\b {\i {\fs20\par }}}
{\b {\i {\fs20}}}\pard\plain \ql \li0\ri0\nowidctlpar\faauto\rin0\lin0\itap0 \f1\fs24\cgrid{\fs18
}{\fs18\par }
{\fs18 Bevor Sie beginnen:}{\fs18\par }
{\fs18
}{\fs18\par }
{\fs18 Schlie\'dfen Sie alle anderen Programme, die Ton wiedergeben oder aufnehmen, z. B. Microsoft Sound Recorder.}{\fs18\par }
{\fs18
}{\fs18\par }
{\fs18 Stellen Sie sicher, dass die Audioger\'e4te (Headset, Lautsprecher, Mikrofon und H\'f6rer), die Sie verwenden m\'f6chten, angeschlossen und eingeschaltet sind.}{\fs18\par }
{\fs18
}{\fs18\par }
{\fs18}\pard \ql \li0\ri0\widctlpar\tx916\tx1832\tx2748\tx3664\tx4580\tx5496\tx6412\tx7328\tx8244\tx9160\tx10076\tx10992\tx11908\tx12824\tx13740\tx14656\aspalpha\aspnum\faauto\adjustright\rin0\lin0\itap0{\fs18
Wenn Sie ein Headset verwenden, positionieren Sie das Mikrofon nah an Ihrem Mund wie vom Hersteller des Kopfh\'f6rers empfohlen.}{\fs18\par }
{\fs18}\pard \ql \li0\ri0\nowidctlpar\faauto\rin0\lin0\itap0 {\fs18
}{\fs18\par }
{\fs18 Um fortzufahren, w\'e4hlen Sie Weiter.}{\fs18\par }
{\fs18}
}"/>

	<label page1help = "{\rtf1\ansi\ansicpg1252\deff0\stshfdbch0\stshfloch0\stshfhich0\stshfbi0{\fonttbl{\f0\fnil\fcharset0\fprq2{\*\panose 02020603050405020304}Times New Roman;}{\f1\fnil\fcharset0\fprq2{\*\panose 020b0604020202020204}Arial;}{\f2\fnil\fcharset0\fprq1{\*\panose 02070309020205020404}Courier New;}{\f125\fnil\fcharset0\fprq2 Times New Roman CE;}{\f126\fnil\fcharset0\fprq2 Times New Roman Cyr;}{\f128\fnil\fcharset0\fprq2 Times New Roman Greek;}{\f129\fnil\fcharset0\fprq2 Times New Roman Tur;}{\f130\fnil\fcharset0\fprq2 Times New Roman (Hebrew);}{\f131\fnil\fcharset0\fprq2 Times New Roman (Arabic);}{\f132\fnil\fcharset0\fprq2 Times New Roman Baltic;}{\f133\fnil\fcharset0\fprq2 Times New Roman (Vietnamese);}{\f135\fnil\fcharset0\fprq2 Arial CE;}{\f136\fnil\fcharset0\fprq2 Arial Cyr;}{\f138\fnil\fcharset0\fprq2 Arial Greek;}{\f139\fnil\fcharset0\fprq2 Arial Tur;}{\f140\fnil\fcharset0\fprq2 Arial (Hebrew);}{\f141\fnil\fcharset0\fprq2 Arial (Arabic);}{\f142\fnil\fcharset0\fprq2 Arial Baltic;}{\f143\fnil\fcharset0\fprq2 Arial (Vietnamese);}{\f145\fnil\fcharset0\fprq1 Courier New CE;}{\f146\fnil\fcharset0\fprq1 Courier New Cyr;}{\f148\fnil\fcharset0\fprq1 Courier New Greek;}{\f149\fnil\fcharset0\fprq1 Courier New Tur;}{\f150\fnil\fcharset0\fprq1 Courier New (Hebrew);}{\f151\fnil\fcharset0\fprq1 Courier New (Arabic);}{\f152\fnil\fcharset0\fprq1 Courier New Baltic;}{\f153\fnil\fcharset0\fprq1 Courier New (Vietnamese);}}{\colortbl;\red0\green0\blue0;\red0\green0\blue255;\red0\green255\blue255;\red0\green255\blue0;\red255\green0\blue255;\red255\green0\blue0;\red255\green255\blue0;\red255\green255\blue255;\red0\green0\blue128;\red0\green128\blue128;\red0\green128\blue0;\red128\green0\blue128;\red128\green0\blue0;\red128\green128\blue0;\red128\green128\blue128;\red192\green192\blue192;}{\stylesheet{\ql \li0\ri0\widctlpar\aspalpha\aspnum\faauto\adjustright\rin0\lin0\itap0 \fs24\cgrid\snext0 Normal;}{\*\cs10 \additive \ssemihidden Default Paragraph Font;}{\*\ts11\tsrowd\trftsWidthB3\trpaddl108\trpaddr108\trpaddfl3\trpaddft3\trpaddfb3\trpaddfr3\trcbpat1\trcfpat1\tscellwidthfts0\tsvertalt\tsbrdrt\tsbrdrl\tsbrdrb\tsbrdrr\tsbrdrdgl\tsbrdrdgr\tsbrdrh\tsbrdrv \ql \li0\ri0\widctlpar\aspalpha\aspnum\faauto\adjustright\rin0\lin0\itap0 \fs20\cgrid\snext11 \ssemihidden Normal Table;}{\s15\ql \li0\ri0\widctlpar\tx916\tx1832\tx2748\tx3664\tx4580\tx5496\tx6412\tx7328\tx8244\tx9160\tx10076\tx10992\tx11908\tx12824\tx13740\tx14656\aspalpha\aspnum\faauto\adjustright\rin0\lin0\itap0 \f2\fs20\cgrid\sbasedon0 \snext15 \styrsid8809335 HTML Preformatted;}{\*\cs16 \additive \sbasedon10 \styrsid8809335 changedtext;}}{\*\latentstyles\lsdstimax156\lsdlockeddef0}{\*\pgptbl {\pgp\ipgp0\itap0\li0\ri0\sb0\sa0}}{\*\rsidtbl \rsid2389431\rsid8809335}{\*\generator Microsoft Word 11.0.6502;}{\info{\author Cisco Systems, Inc.}{\operator Cisco Systems, Inc.}{\creatim\yr2005\mo12\dy16\hr14\min20}{\revtim\yr2005\mo12\dy16\hr14\min23}{\version2}{\edmins2}{\nofpages1}{\nofwords26}{\nofchars150}{\*\company Cisco Systems, Inc.}{\nofcharsws175}{\vern24579}}\widowctrl\ftnbj\aenddoc\noxlattoyen\expshrtn\noultrlspc\dntblnsbdb\nospaceforul\hyphcaps0\horzdoc\dghspace120\dgvspace120\dghorigin1701\dgvorigin1984\dghshow0\dgvshow3\jcompress\viewkind4\viewscale100\nolnhtadjtbl\rsidroot8809335 \fet0\sectd \linex0\sectdefaultcl\sftnbj {\*\pnseclvl1\pnucrm\pnstart1\pnindent720\pnhang {\pntxta .}}{\*\pnseclvl2\pnucltr\pnstart1\pnindent720\pnhang {\pntxta .}}{\*\pnseclvl3\pndec\pnstart1\pnindent720\pnhang {\pntxta .}}{\*\pnseclvl4\pnlcltr\pnstart1\pnindent720\pnhang {\pntxta )}}{\*\pnseclvl5\pndec\pnstart1\pnindent720\pnhang {\pntxtb (}{\pntxta )}}{\*\pnseclvl6\pnlcltr\pnstart1\pnindent720\pnhang {\pntxtb (}{\pntxta )}}{\*\pnseclvl7\pnlcrm\pnstart1\pnindent720\pnhang {\pntxtb (}{\pntxta )}}{\*\pnseclvl8\pnlcltr\pnstart1\pnindent720\pnhang {\pntxtb (}{\pntxta )}}{\*\pnseclvl9\pnlcrm\pnstart1\pnindent720\pnhang {\pntxtb (}{\pntxta )}}\pard\plain \ql \li0\ri0\sa80\nowidctlpar\faauto\rin0\lin0\itap0 \fs24\cgrid{\b {\i {\f1\fs20 Audioger\'e4te ausw\'e4hlen}}}{\b {\i {\f1\fs20\par }}}
{\b {\i {\f1\fs20}}}\pard\plain \s15\ql \li0\ri0\widctlpar\tx916\tx1832\tx2748\tx3664\tx4580\tx5496\tx6412\tx7328\tx8244\tx9160\tx10076\tx10992\tx11908\tx12824\tx13740\tx14656\aspalpha\aspnum\faauto\adjustright\rin0\lin0\itap0\f2\fs20\cgrid{\cs16\f1\fs18 Sie m\'fcssen f\'fcr jeden Audiomodus angeben, welches Ger\'e4t Communicator verwenden soll. Weitere Informationen zu Audioger\'e4ten und -modi finden Sie im Benutzerhandbuch.}{\f1\fs18
}{\f1\fs18\par }
{\f1\fs18}\pard\plain \ql \li0\ri0\nowidctlpar\faauto\rin0\lin0\itap0\fs24\cgrid{\par }

}"/>

	<label page2help = "{\rtf1\ansi\ansicpg1252\deff0\stshfdbch0\stshfloch0\stshfhich0\stshfbi0{\fonttbl{\f0\fnil\fcharset0\fprq2{\*\panose 02020603050405020304}Times New Roman;}{\f1\fnil\fcharset0\fprq2{\*\panose 020b0604020202020204}Arial;}{\f2\fnil\fcharset0\fprq1{\*\panose 02070309020205020404}Courier New;}{\f125\fnil\fcharset0\fprq2 Times New Roman CE;}{\f126\fnil\fcharset0\fprq2 Times New Roman Cyr;}{\f128\fnil\fcharset0\fprq2 Times New Roman Greek;}{\f129\fnil\fcharset0\fprq2 Times New Roman Tur;}{\f130\fnil\fcharset0\fprq2 Times New Roman (Hebrew);}{\f131\fnil\fcharset0\fprq2 Times New Roman (Arabic);}{\f132\fnil\fcharset0\fprq2 Times New Roman Baltic;}{\f133\fnil\fcharset0\fprq2 Times New Roman (Vietnamese);}{\f135\fnil\fcharset0\fprq2 Arial CE;}{\f136\fnil\fcharset0\fprq2 Arial Cyr;}{\f138\fnil\fcharset0\fprq2 Arial Greek;}{\f139\fnil\fcharset0\fprq2 Arial Tur;}{\f140\fnil\fcharset0\fprq2 Arial (Hebrew);}{\f141\fnil\fcharset0\fprq2 Arial (Arabic);}{\f142\fnil\fcharset0\fprq2 Arial Baltic;}{\f143\fnil\fcharset0\fprq2 Arial (Vietnamese);}{\f145\fnil\fcharset0\fprq1 Courier New CE;}{\f146\fnil\fcharset0\fprq1 Courier New Cyr;}{\f148\fnil\fcharset0\fprq1 Courier New Greek;}{\f149\fnil\fcharset0\fprq1 Courier New Tur;}{\f150\fnil\fcharset0\fprq1 Courier New (Hebrew);}{\f151\fnil\fcharset0\fprq1 Courier New (Arabic);}{\f152\fnil\fcharset0\fprq1 Courier New Baltic;}{\f153\fnil\fcharset0\fprq1 Courier New (Vietnamese);}}{\colortbl;\red0\green0\blue0;\red0\green0\blue255;\red0\green255\blue255;\red0\green255\blue0;\red255\green0\blue255;\red255\green0\blue0;\red255\green255\blue0;\red255\green255\blue255;\red0\green0\blue128;\red0\green128\blue128;\red0\green128\blue0;\red128\green0\blue128;\red128\green0\blue0;\red128\green128\blue0;\red128\green128\blue128;\red192\green192\blue192;}{\stylesheet{\ql \li0\ri0\widctlpar\aspalpha\aspnum\faauto\adjustright\rin0\lin0\itap0 \fs24\cgrid\snext0 Normal;}{\*\cs10 \additive \ssemihidden Default Paragraph Font;}{\*\ts11\tsrowd\trftsWidthB3\trpaddl108\trpaddr108\trpaddfl3\trpaddft3\trpaddfb3\trpaddfr3\trcbpat1\trcfpat1\tscellwidthfts0\tsvertalt\tsbrdrt\tsbrdrl\tsbrdrb\tsbrdrr\tsbrdrdgl\tsbrdrdgr\tsbrdrh\tsbrdrv \ql \li0\ri0\widctlpar\aspalpha\aspnum\faauto\adjustright\rin0\lin0\itap0 \fs20\cgrid\snext11 \ssemihidden Normal Table;}{\s15\ql \li0\ri0\widctlpar\tx916\tx1832\tx2748\tx3664\tx4580\tx5496\tx6412\tx7328\tx8244\tx9160\tx10076\tx10992\tx11908\tx12824\tx13740\tx14656\aspalpha\aspnum\faauto\adjustright\rin0\lin0\itap0 \f2\fs20\cgrid\sbasedon0 \snext15 \styrsid11359176 HTML Preformatted;}{\*\cs16 \additive \sbasedon10 \styrsid11359176 changedtext;}}{\*\latentstyles\lsdstimax156\lsdlockeddef0}{\*\pgptbl {\pgp\ipgp0\itap0\li0\ri0\sb0\sa0}}{\*\rsidtbl \rsid10301881\rsid11359176}{\*\generator Microsoft Word 11.0.6502;}{\info{\author Cisco Systems, Inc.}{\operator Cisco Systems, Inc.}{\creatim\yr2005\mo12\dy16\hr14\min23}{\revtim\yr2005\mo12\dy16\hr14\min25}{\version2}{\edmins2}{\nofpages1}{\nofwords66}{\nofchars381}{\*\company Cisco Systems, Inc.}{\nofcharsws446}{\vern24579}}\widowctrl\ftnbj\aenddoc\noxlattoyen\expshrtn\noultrlspc\dntblnsbdb\nospaceforul\hyphcaps0\horzdoc\dghspace120\dgvspace120\dghorigin1701\dgvorigin1984\dghshow0\dgvshow3\jcompress\viewkind4\viewscale100\nolnhtadjtbl\rsidroot11359176 \fet0\sectd \linex0\sectdefaultcl\sftnbj {\*\pnseclvl1\pnucrm\pnstart1\pnindent720\pnhang {\pntxta .}}{\*\pnseclvl2\pnucltr\pnstart1\pnindent720\pnhang {\pntxta .}}{\*\pnseclvl3\pndec\pnstart1\pnindent720\pnhang {\pntxta .}}{\*\pnseclvl4\pnlcltr\pnstart1\pnindent720\pnhang {\pntxta )}}{\*\pnseclvl5\pndec\pnstart1\pnindent720\pnhang {\pntxtb (}{\pntxta )}}{\*\pnseclvl6\pnlcltr\pnstart1\pnindent720\pnhang {\pntxtb (}{\pntxta )}}{\*\pnseclvl7\pnlcrm\pnstart1\pnindent720\pnhang {\pntxtb (}{\pntxta )}}{\*\pnseclvl8\pnlcltr\pnstart1\pnindent720\pnhang {\pntxtb (}{\pntxta )}}{\*\pnseclvl9\pnlcrm\pnstart1\pnindent720\pnhang {\pntxtb (}{\pntxta )}}\pard\plain \ql \li0\ri0\sa80\nowidctlpar\faauto\rin0\lin0\itap0 \fs24\cgrid{\b {\i {\f1\fs20 H\'f6rlautst\'e4rke einstellen}}}{\f1\fs20
}{\f1\fs20\par }
{\f1\fs20}\pard\plain \s15\ql \li0\ri0\widctlpar\tx916\tx1832\tx2748\tx3664\tx4580\tx5496\tx6412\tx7328\tx8244\tx9160\tx10076\tx10992\tx11908\tx12824\tx13740\tx14656\aspalpha\aspnum\faauto\adjustright\rin0\lin0\itap0\f2\fs20\cgrid{\cs16\f1\fs18 Stellen Sie sicher, dass Sie das unten aufgef\'fchrte Wiedergabeger\'e4t verwenden. Wenn das Ger\'e4t \'fcber externe Lautst\'e4rkeregler verf\'fcgt, stellen Sie diese auf das Maximum ein, bevor Sie die Einstellungen in der Software vornehmen. Dr\'fccken Sie }{\b {\cs16\f1\fs18 Wiedergabe}}{\cs16\f1\fs18  und stellen Sie die Lautst\'e4rke-Schieberegler ein, bis die Beispielt\'f6ne in einer angenehmen Lautst\'e4rke wiedergegeben werden. Wenn Sie sowohl einen Master- als auch einen Wave-Schieberegler sehen, setzen Sie den Wave-Regler versuchsweise auf 75\~% und w\'e4hlen Sie dann mit dem Master-Regler eine angenehme Lautst\'e4rke.}{\f1\fs18
}{\f1\fs18\par }
{\f1\fs18}\pard\plain \ql \li0\ri0\nowidctlpar\faauto\rin0\lin0\itap0\fs24\cgrid{\par }

}"/>

	<label page3help = "{\rtf1\ansi\ansicpg1252\deff0\stshfdbch0\stshfloch0\stshfhich0\stshfbi0{\fonttbl{\f0\fnil\fcharset0\fprq2{\*\panose 02020603050405020304}Times New Roman;}{\f1\fnil\fcharset0\fprq2{\*\panose 020b0604020202020204}Arial;}{\f2\fnil\fcharset0\fprq1{\*\panose 02070309020205020404}Courier New;}{\f125\fnil\fcharset0\fprq2 Times New Roman CE;}{\f126\fnil\fcharset0\fprq2 Times New Roman Cyr;}{\f128\fnil\fcharset0\fprq2 Times New Roman Greek;}{\f129\fnil\fcharset0\fprq2 Times New Roman Tur;}{\f130\fnil\fcharset0\fprq2 Times New Roman (Hebrew);}{\f131\fnil\fcharset0\fprq2 Times New Roman (Arabic);}{\f132\fnil\fcharset0\fprq2 Times New Roman Baltic;}{\f133\fnil\fcharset0\fprq2 Times New Roman (Vietnamese);}{\f135\fnil\fcharset0\fprq2 Arial CE;}{\f136\fnil\fcharset0\fprq2 Arial Cyr;}{\f138\fnil\fcharset0\fprq2 Arial Greek;}{\f139\fnil\fcharset0\fprq2 Arial Tur;}{\f140\fnil\fcharset0\fprq2 Arial (Hebrew);}{\f141\fnil\fcharset0\fprq2 Arial (Arabic);}{\f142\fnil\fcharset0\fprq2 Arial Baltic;}{\f143\fnil\fcharset0\fprq2 Arial (Vietnamese);}{\f145\fnil\fcharset0\fprq1 Courier New CE;}{\f146\fnil\fcharset0\fprq1 Courier New Cyr;}{\f148\fnil\fcharset0\fprq1 Courier New Greek;}{\f149\fnil\fcharset0\fprq1 Courier New Tur;}{\f150\fnil\fcharset0\fprq1 Courier New (Hebrew);}{\f151\fnil\fcharset0\fprq1 Courier New (Arabic);}{\f152\fnil\fcharset0\fprq1 Courier New Baltic;}{\f153\fnil\fcharset0\fprq1 Courier New (Vietnamese);}}{\colortbl;\red0\green0\blue0;\red0\green0\blue255;\red0\green255\blue255;\red0\green255\blue0;\red255\green0\blue255;\red255\green0\blue0;\red255\green255\blue0;\red255\green255\blue255;\red0\green0\blue128;\red0\green128\blue128;\red0\green128\blue0;\red128\green0\blue128;\red128\green0\blue0;\red128\green128\blue0;\red128\green128\blue128;\red192\green192\blue192;}{\stylesheet{\ql \li0\ri0\widctlpar\aspalpha\aspnum\faauto\adjustright\rin0\lin0\itap0 \fs24\cgrid\snext0 Normal;}{\*\cs10 \additive \ssemihidden Default Paragraph Font;}{\*\ts11\tsrowd\trftsWidthB3\trpaddl108\trpaddr108\trpaddfl3\trpaddft3\trpaddfb3\trpaddfr3\trcbpat1\trcfpat1\tscellwidthfts0\tsvertalt\tsbrdrt\tsbrdrl\tsbrdrb\tsbrdrr\tsbrdrdgl\tsbrdrdgr\tsbrdrh\tsbrdrv \ql \li0\ri0\widctlpar\aspalpha\aspnum\faauto\adjustright\rin0\lin0\itap0 \fs20\cgrid\snext11 \ssemihidden Normal Table;}{\s15\ql \li0\ri0\widctlpar\tx916\tx1832\tx2748\tx3664\tx4580\tx5496\tx6412\tx7328\tx8244\tx9160\tx10076\tx10992\tx11908\tx12824\tx13740\tx14656\aspalpha\aspnum\faauto\adjustright\rin0\lin0\itap0 \f2\fs20\cgrid\sbasedon0 \snext15 \styrsid4813480 HTML Preformatted;}{\*\cs16 \additive \sbasedon10 \styrsid4813480 changedtext;}}{\*\latentstyles\lsdstimax156\lsdlockeddef0}{\*\pgptbl {\pgp\ipgp0\itap0\li0\ri0\sb0\sa0}}{\*\rsidtbl \rsid4813480\rsid9242814}{\*\generator Microsoft Word 11.0.6502;}{\info{\author Cisco Systems, Inc.}{\operator Cisco Systems, Inc.}{\creatim\yr2005\mo12\dy16\hr14\min25}{\revtim\yr2005\mo12\dy16\hr14\min27}{\version2}{\edmins2}{\nofpages1}{\nofwords87}{\nofchars496}{\*\company Cisco Systems, Inc.}{\nofcharsws582}{\vern24579}}\widowctrl\ftnbj\aenddoc\noxlattoyen\expshrtn\noultrlspc\dntblnsbdb\nospaceforul\hyphcaps0\horzdoc\dghspace120\dgvspace120\dghorigin1701\dgvorigin1984\dghshow0\dgvshow3\jcompress\viewkind4\viewscale100\nolnhtadjtbl\rsidroot4813480 \fet0\sectd \linex0\sectdefaultcl\sftnbj {\*\pnseclvl1\pnucrm\pnstart1\pnindent720\pnhang {\pntxta .}}{\*\pnseclvl2\pnucltr\pnstart1\pnindent720\pnhang {\pntxta .}}{\*\pnseclvl3\pndec\pnstart1\pnindent720\pnhang {\pntxta .}}{\*\pnseclvl4\pnlcltr\pnstart1\pnindent720\pnhang {\pntxta )}}{\*\pnseclvl5\pndec\pnstart1\pnindent720\pnhang {\pntxtb (}{\pntxta )}}{\*\pnseclvl6\pnlcltr\pnstart1\pnindent720\pnhang {\pntxtb (}{\pntxta )}}{\*\pnseclvl7\pnlcrm\pnstart1\pnindent720\pnhang {\pntxtb (}{\pntxta )}}{\*\pnseclvl8\pnlcltr\pnstart1\pnindent720\pnhang {\pntxtb (}{\pntxta )}}{\*\pnseclvl9\pnlcrm\pnstart1\pnindent720\pnhang {\pntxtb (}{\pntxta )}}\pard\plain \ql \li0\ri0\sa80\nowidctlpar\faauto\rin0\lin0\itap0 \fs24\cgrid{\b {\i {\f1\fs20 Mikrofonlautst\'e4rke einstellen}}}{\f1\fs20
}{\f1\fs20\par }
{\f1\fs20}\pard\plain \s15\ql \li0\ri0\widctlpar\tx916\tx1832\tx2748\tx3664\tx4580\tx5496\tx6412\tx7328\tx8244\tx9160\tx10076\tx10992\tx11908\tx12824\tx13740\tx14656\aspalpha\aspnum\faauto\adjustright\rin0\lin0\itap0\f2\fs20\cgrid{\cs16\f1\fs18 Stellen Sie sicher, dass Sie in das unten aufgef\'fchrte Aufnahmeger\'e4t sprechen. Klicken Sie auf }{\b {\cs16\f1\fs18 Testen}}{\cs16\f1\fs18  und lesen Sie diese Meldung in einer normalen Lautst\'e4rke vor, mit der Sie auch bei einem Telefongespr\'e4ch sprechen w\'fcrden. Stellen Sie die Lautst\'e4rkeregler ein, bis die Anzeige in das h\'f6chste gelbe Segment reicht. Wenn Sie sowohl einen Master- als auch einen Feinregler sehen, setzen Sie den Master-Regler auf 75 % und stellen Sie dann den Feinregler auf einen angenehmen Wert ein. Wenn die Anzeige auch dann, wenn die Lautst\'e4rkeregler auf die h\'f6chsten Werte eingestellt sind, nicht \'fcber die gr\'fcnen Segmente hinaus ausschl\'e4gt, aktivieren Sie die }{\b {\cs16\f1\fs18 Mikrofon-Boost}}{\cs16\f1\fs18 }{\f1\fs18
}{\f1\fs18\par }
{\f1\fs18}\pard\plain \ql \li0\ri0\nowidctlpar\faauto\rin0\lin0\itap0\fs24\cgrid{\par }

}"/>

	<label page99help = "{\rtf1\ansi\ansicpg1252\deff0\stshfdbch11\stshfloch0\stshfhich0\stshfbi0{\fonttbl{\f0\fnil\fcharset0\fprq2{\*\panose 02020603050405020304}Times New Roman;}{\f1\fnil\fcharset0\fprq2{\*\panose 020b0604020202020204}Arial;}{\f2\fnil\fcharset0\fprq1{\*\panose 02070309020205020404}Courier New;}{\f3\fnil\fcharset2\fprq2{\*\panose 05050102010706020507}Symbol;}{\f10\fnil\fcharset2\fprq2{\*\panose 05000000000000000000}Wingdings;}{\f11\fnil\fcharset0\fprq1{\*\panose 02020609040205080304}{\*\falt ?l?r ??\'81\'66c}MS Mincho;}{\f36\fnil\fcharset0\fprq1{\*\panose 00000000000000000000}@MS Mincho;}{\f37\fnil\fcharset0\fprq2 Times New Roman CE;}{\f38\fnil\fcharset0\fprq2 Times New Roman Cyr;}{\f40\fnil\fcharset0\fprq2 Times New Roman Greek;}{\f41\fnil\fcharset0\fprq2 Times New Roman Tur;}{\f42\fnil\fcharset0\fprq2 Times New Roman (Hebrew);}{\f43\fnil\fcharset0\fprq2 Times New Roman (Arabic);}{\f44\fnil\fcharset0\fprq2 Times New Roman Baltic;}{\f45\fnil\fcharset0\fprq2 Times New Roman (Vietnamese);}{\f47\fnil\fcharset0\fprq2 Arial CE;}{\f48\fnil\fcharset0\fprq2 Arial Cyr;}{\f50\fnil\fcharset0\fprq2 Arial Greek;}{\f51\fnil\fcharset0\fprq2 Arial Tur;}{\f52\fnil\fcharset0\fprq2 Arial (Hebrew);}{\f53\fnil\fcharset0\fprq2 Arial (Arabic);}{\f54\fnil\fcharset0\fprq2 Arial Baltic;}{\f55\fnil\fcharset0\fprq2 Arial (Vietnamese);}{\f57\fnil\fcharset0\fprq1 Courier New CE;}{\f58\fnil\fcharset0\fprq1 Courier New Cyr;}{\f60\fnil\fcharset0\fprq1 Courier New Greek;}{\f61\fnil\fcharset0\fprq1 Courier New Tur;}{\f62\fnil\fcharset0\fprq1 Courier New (Hebrew);}{\f63\fnil\fcharset0\fprq1 Courier New (Arabic);}{\f64\fnil\fcharset0\fprq1 Courier New Baltic;}{\f65\fnil\fcharset0\fprq1 Courier New (Vietnamese);}{\f149\fnil\fcharset0\fprq1 {\*\falt ?l?r ??\'81\'66c}MS Mincho Western;}{\f147\fnil\fcharset0\fprq1 {\*\falt ?l?r ??\'81\'66c}MS Mincho CE;}{\f148\fnil\fcharset0\fprq1 {\*\falt ?l?r ??\'81\'66c}MS Mincho Cyr;}{\f150\fnil\fcharset0\fprq1 {\*\falt ?l?r ??\'81\'66c}MS Mincho Greek;}{\f151\fnil\fcharset0\fprq1 {\*\falt ?l?r ??\'81\'66c}MS Mincho Tur;}{\f154\fnil\fcharset0\fprq1 {\*\falt ?l?r ??\'81\'66c}MS Mincho Baltic;}{\f399\fnil\fcharset0\fprq1 @MS Mincho Western;}{\f397\fnil\fcharset0\fprq1 @MS Mincho CE;}{\f398\fnil\fcharset0\fprq1 @MS Mincho Cyr;}{\f400\fnil\fcharset0\fprq1 @MS Mincho Greek;}{\f401\fnil\fcharset0\fprq1 @MS Mincho Tur;}{\f404\fnil\fcharset0\fprq1 @MS Mincho Baltic;}}{\colortbl;\red0\green0\blue0;\red0\green0\blue255;\red0\green255\blue255;\red0\green255\blue0;\red255\green0\blue255;\red255\green0\blue0;\red255\green255\blue0;\red255\green255\blue255;\red0\green0\blue128;\red0\green128\blue128;\red0\green128\blue0;\red128\green0\blue128;\red128\green0\blue0;\red128\green128\blue0;\red128\green128\blue128;\red192\green192\blue192;}{\stylesheet{\ql \li0\ri0\widctlpar\aspalpha\aspnum\faauto\adjustright\rin0\lin0\itap0 \fs24\f0\cgrid\snext0 Normal;}{\*\cs10 \additive \ssemihidden Default Paragraph Font;}{\*\ts11\tsrowd\trftsWidthB3\trpaddl108\trpaddr108\trpaddfl3\trpaddft3\trpaddfb3\trpaddfr3\trcbpat1\trcfpat1\tscellwidthfts0\tsvertalt\tsbrdrt\tsbrdrl\tsbrdrb\tsbrdrr\tsbrdrdgl\tsbrdrdgr\tsbrdrh\tsbrdrv \ql \li0\ri0\widctlpar\aspalpha\aspnum\faauto\adjustright\rin0\lin0\itap0 \fs20\f0\cgrid\snext11 \ssemihidden Normal Table;}}{\*\listtable{\list\listtemplateid-1526924806{\listlevel\levelnfc23\levelnfcn23\leveljc0\leveljcn0\levelfollow0\levelstartat1\levelspace360\levelindent0{\leveltext\'01{\uc0\u-3913 }?;}{\levelnumbers;}\f3\fbias0 \fi-360\li360\jclisttab\tx360\lin360 }{\listlevel\levelnfc23\levelnfcn23\leveljc0\leveljcn0\levelfollow0\levelstartat1\levelspace360\levelindent0{\leveltext\'01o;}{\levelnumbers;}\f2\fbias0 \fi-360\li1080\jclisttab\tx1080\lin1080 }{\listlevel\levelnfc23\levelnfcn23\leveljc0\leveljcn0\levelfollow0\levelstartat1\levelspace360\levelindent0{\leveltext\'01{\uc0\u-3929 }?;}{\levelnumbers;}\f10\fbias0 \fi-360\li1800\jclisttab\tx1800\lin1800 }{\listlevel\levelnfc23\levelnfcn23\leveljc0\leveljcn0\levelfollow0\levelstartat1\levelspace360\levelindent0{\leveltext\'01{\uc0\u-3913 }?;}{\levelnumbers;}\f3\fbias0 \fi-360\li2520\jclisttab\tx2520\lin2520 }{\listlevel\levelnfc23\levelnfcn23\leveljc0\leveljcn0\levelfollow0\levelstartat1\levelspace360\levelindent0{\leveltext\'01o;}{\levelnumbers;}\f2\fbias0 \fi-360\li3240\jclisttab\tx3240\lin3240 }{\listlevel\levelnfc23\levelnfcn23\leveljc0\leveljcn0\levelfollow0\levelstartat1\levelspace360\levelindent0{\leveltext\'01{\uc0\u-3929 }?;}{\levelnumbers;}\f10\fbias0 \fi-360\li3960\jclisttab\tx3960\lin3960 }{\listlevel\levelnfc23\levelnfcn23\leveljc0\leveljcn0\levelfollow0\levelstartat1\levelspace360\levelindent0{\leveltext\'01{\uc0\u-3913 }?;}{\levelnumbers;}\f3\fbias0 \fi-360\li4680\jclisttab\tx4680\lin4680 }{\listlevel\levelnfc23\levelnfcn23\leveljc0\leveljcn0\levelfollow0\levelstartat1\levelspace360\levelindent0
{\leveltext\'01o;}{\levelnumbers;}\f2\fbias0 \fi-360\li5400\jclisttab\tx5400\lin5400 }{\listlevel\levelnfc23\levelnfcn23\leveljc0\leveljcn0\levelfollow0\levelstartat1\levelspace360\levelindent0{\leveltext\'01{\uc0\u-3929 }?;}{\levelnumbers;}\f10\fbias0 \fi-360\li6120\jclisttab\tx6120\lin6120 }{\listname ;}\listid19015464}{\list\listtemplateid-1526924806\listhybrid{\listlevel\levelnfc23\levelnfcn23\leveljc0\leveljcn0\levelfollow0\levelstartat1\levelspace360\levelindent0{\leveltext\leveltemplateid67698689\'01{\uc0\u-3913 }?;}{\levelnumbers;}\f3\fbias0 \fi-360\li360\jclisttab\tx360\lin360 }{\listlevel\levelnfc23\levelnfcn23\leveljc0\leveljcn0\levelfollow0\levelstartat1\levelspace360\levelindent0{\leveltext\leveltemplateid67698691\'01o;}{\levelnumbers;}\f2\fbias0 \fi-360\li1080\jclisttab\tx1080\lin1080 }{\listlevel\levelnfc23\levelnfcn23\leveljc0\leveljcn0\levelfollow0\levelstartat1\levelspace360\levelindent0{\leveltext\leveltemplateid67698693\'01{\uc0\u-3929 }?;}{\levelnumbers;}\f10\fbias0 \fi-360\li1800\jclisttab\tx1800\lin1800 }{\listlevel\levelnfc23\levelnfcn23\leveljc0\leveljcn0\levelfollow0\levelstartat1\levelspace360\levelindent0{\leveltext\leveltemplateid67698689\'01{\uc0\u-3913 }?;}{\levelnumbers;}\f3\fbias0 \fi-360\li2520\jclisttab\tx2520\lin2520 }{\listlevel\levelnfc23\levelnfcn23\leveljc0\leveljcn0\levelfollow0\levelstartat1\levelspace360\levelindent0{\leveltext\leveltemplateid67698691\'01o;}{\levelnumbers;}\f2\fbias0 \fi-360\li3240\jclisttab\tx3240\lin3240 }{\listlevel\levelnfc23\levelnfcn23\leveljc0\leveljcn0\levelfollow0\levelstartat1\levelspace360\levelindent0{\leveltext\leveltemplateid67698693\'01{\uc0\u-3929 }?;}{\levelnumbers;}\f10\fbias0 \fi-360\li3960\jclisttab\tx3960\lin3960 }{\listlevel\levelnfc23\levelnfcn23\leveljc0\leveljcn0\levelfollow0\levelstartat1\levelspace360\levelindent0{\leveltext\leveltemplateid67698689\'01{\uc0\u-3913 }?;}{\levelnumbers;}\f3\fbias0 \fi-360\li4680\jclisttab\tx4680\lin4680 }{\listlevel\levelnfc23\levelnfcn23\leveljc0\leveljcn0\levelfollow0\levelstartat1\levelspace360\levelindent0{\leveltext\leveltemplateid67698691\'01o;}{\levelnumbers;}\f2\fbias0 \fi-360\li5400\jclisttab\tx5400\lin5400 }{\listlevel\levelnfc23\levelnfcn23\leveljc0\leveljcn0\levelfollow0\levelstartat1\levelspace360\levelindent0{\leveltext\leveltemplateid67698693\'01{\uc0\u-3929 }?;}{\levelnumbers;}\f10\fbias0 \fi-360\li6120\jclisttab\tx6120\lin6120 }{\listname ;}\listid880243047}{\list\listtemplateid-1008274796\listhybrid{\listlevel\levelnfc23\levelnfcn23\leveljc0\leveljcn0\levelfollow0\levelstartat1\levelspace360\levelindent0{\leveltext\leveltemplateid67698689\'01{\uc0\u-3913 }?;}{\levelnumbers;}\f3\fbias0 \fi-360\li720\jclisttab\tx720\lin720 }{\listlevel\levelnfc23\levelnfcn23\leveljc0\leveljcn0\levelfollow0\levelstartat1\levelspace360\levelindent0{\leveltext\leveltemplateid67698691\'01o;}{\levelnumbers;}\f2\fbias0 \fi-360\li1440\jclisttab\tx1440\lin1440 }{\listlevel\levelnfc23\levelnfcn23\leveljc0\leveljcn0\levelfollow0\levelstartat1\levelspace360\levelindent0{\leveltext\leveltemplateid67698693\'01{\uc0\u-3929 }?;}{\levelnumbers;}\f10\fbias0 \fi-360\li2160\jclisttab\tx2160\lin2160 }{\listlevel\levelnfc23\levelnfcn23\leveljc0\leveljcn0\levelfollow0\levelstartat1\levelspace360\levelindent0{\leveltext\leveltemplateid67698689\'01{\uc0\u-3913 }?;}{\levelnumbers;}\f3\fbias0 \fi-360\li2880\jclisttab\tx2880\lin2880 }{\listlevel\levelnfc23\levelnfcn23\leveljc0\leveljcn0\levelfollow0\levelstartat1\levelspace360\levelindent0{\leveltext\leveltemplateid67698691\'01o;}{\levelnumbers;}\f2\fbias0 \fi-360\li3600\jclisttab\tx3600\lin3600 }{\listlevel\levelnfc23\levelnfcn23\leveljc0\leveljcn0\levelfollow0\levelstartat1\levelspace360\levelindent0{\leveltext\leveltemplateid67698693\'01{\uc0\u-3929 }?;}{\levelnumbers;}\f10\fbias0 \fi-360\li4320\jclisttab\tx4320\lin4320 }{\listlevel\levelnfc23\levelnfcn23\leveljc0\leveljcn0\levelfollow0\levelstartat1\levelspace360\levelindent0{\leveltext\leveltemplateid67698689\'01{\uc0\u-3913 }?;}{\levelnumbers;}\f3\fbias0 \fi-360\li5040\jclisttab\tx5040\lin5040 }{\listlevel\levelnfc23\levelnfcn23\leveljc0\leveljcn0\levelfollow0\levelstartat1\levelspace360\levelindent0{\leveltext\leveltemplateid67698691\'01o;}{\levelnumbers;}\f2\fbias0 \fi-360\li5760\jclisttab\tx5760\lin5760 }{\listlevel\levelnfc23\levelnfcn23\leveljc0\leveljcn0\levelfollow0\levelstartat1\levelspace360\levelindent0{\leveltext\leveltemplateid67698693\'01{\uc0\u-3929 }?;}{\levelnumbers;}\f10\fbias0 \fi-360\li6480\jclisttab\tx6480\lin6480 }{\listname ;}\listid1465586477}{\list\listtemplateid947286050\listhybrid{\listlevel\levelnfc23\levelnfcn23\leveljc0\leveljcn0\levelfollow0\levelstartat1\levelspace360\levelindent0{\leveltext\leveltemplateid67698689\'01{\uc0\u-3913 }?;}{\levelnumbers;}\f3\fbias0 \fi-360\li720\jclisttab\tx720\lin720 }{\listlevel\levelnfc23\levelnfcn23\leveljc0\leveljcn0\levelfollow0\levelstartat1\levelspace360\levelindent0{\leveltext\leveltemplateid67698691\'01o;}{\levelnumbers;}\f2\fbias0 \fi-360\li1440\jclisttab\tx1440\lin1440 }{\listlevel\levelnfc23\levelnfcn23\leveljc0\leveljcn0\levelfollow0\levelstartat1\levelspace360\levelindent0{\leveltext\leveltemplateid67698693\'01{\uc0\u-3929 }?;}{\levelnumbers;}\f10\fbias0 \fi-360\li2160\jclisttab\tx2160\lin2160 }{\listlevel\levelnfc23\levelnfcn23\leveljc0\leveljcn0\levelfollow0\levelstartat1\levelspace360\levelindent0{\leveltext\leveltemplateid67698689\'01{\uc0\u-3913 }?;}{\levelnumbers;}\f3\fbias0 \fi-360\li2880\jclisttab\tx2880\lin2880 }{\listlevel\levelnfc23\levelnfcn23\leveljc0\leveljcn0\levelfollow0\levelstartat1\levelspace360\levelindent0
{\leveltext\leveltemplateid67698691\'01o;}{\levelnumbers;}\f2\fbias0 \fi-360\li3600\jclisttab\tx3600\lin3600 }{\listlevel\levelnfc23\levelnfcn23\leveljc0\leveljcn0\levelfollow0\levelstartat1\levelspace360\levelindent0{\leveltext\leveltemplateid67698693\'01{\uc0\u-3929 }?;}{\levelnumbers;}\f10\fbias0 \fi-360\li4320\jclisttab\tx4320\lin4320 }{\listlevel\levelnfc23\levelnfcn23\leveljc0\leveljcn0\levelfollow0\levelstartat1\levelspace360\levelindent0{\leveltext\leveltemplateid67698689\'01{\uc0\u-3913 }?;}{\levelnumbers;}\f3\fbias0 \fi-360\li5040\jclisttab\tx5040\lin5040 }{\listlevel\levelnfc23\levelnfcn23\leveljc0\leveljcn0\levelfollow0\levelstartat1\levelspace360\levelindent0{\leveltext\leveltemplateid67698691\'01o;}{\levelnumbers;}\f2\fbias0 \fi-360\li5760\jclisttab\tx5760\lin5760 }{\listlevel\levelnfc23\levelnfcn23\leveljc0\leveljcn0\levelfollow0\levelstartat1\levelspace360\levelindent0{\leveltext\leveltemplateid67698693\'01{\uc0\u-3929 }?;}{\levelnumbers;}\f10\fbias0 \fi-360\li6480\jclisttab\tx6480\lin6480 }{\listname ;}\listid1580366386}{\list\listtemplateid1827015650\listhybrid{\listlevel\levelnfc23\levelnfcn23\leveljc0\leveljcn0\levelfollow0\levelstartat0\levelspace0\levelindent0{\leveltext\leveltemplateid271755052\'01-;}{\levelnumbers;}\fbias0 \fi-360\li360\jclisttab\tx360\lin360 }{\listlevel\levelnfc23\levelnfcn23\leveljc0\leveljcn0\levelfollow0\levelstartat1\levelspace0\levelindent0{\leveltext\leveltemplateid67698691\'01o;}{\levelnumbers;}\f2\fbias0 \fi-360\li1440\jclisttab\tx1440\lin1440 }{\listlevel\levelnfc23\levelnfcn23\leveljc0\leveljcn0\levelfollow0\levelstartat1\levelspace0\levelindent0{\leveltext\leveltemplateid67698693\'01{\uc0\u-3929 }?;}{\levelnumbers;}\f10\fbias0 \fi-360\li2160\jclisttab\tx2160\lin2160 }{\listlevel\levelnfc23\levelnfcn23\leveljc0\leveljcn0\levelfollow0\levelstartat1\levelspace0\levelindent0{\leveltext\leveltemplateid67698689\'01{\uc0\u-3913 }?;}{\levelnumbers;}\f3\fbias0 \fi-360\li2880\jclisttab\tx2880\lin2880 }{\listlevel\levelnfc23\levelnfcn23\leveljc0\leveljcn0\levelfollow0\levelstartat1\levelspace0\levelindent0{\leveltext\leveltemplateid67698691\'01o;}{\levelnumbers;}\f2\fbias0 \fi-360\li3600\jclisttab\tx3600\lin3600 }{\listlevel\levelnfc23\levelnfcn23\leveljc0\leveljcn0\levelfollow0\levelstartat1\levelspace0\levelindent0{\leveltext\leveltemplateid67698693\'01{\uc0\u-3929 }?;}{\levelnumbers;}\f10\fbias0 \fi-360\li4320\jclisttab\tx4320\lin4320 }{\listlevel\levelnfc23\levelnfcn23\leveljc0\leveljcn0\levelfollow0\levelstartat1\levelspace0\levelindent0{\leveltext\leveltemplateid67698689\'01{\uc0\u-3913 }?;}{\levelnumbers;}\f3\fbias0 \fi-360\li5040\jclisttab\tx5040\lin5040 }{\listlevel\levelnfc23\levelnfcn23\leveljc0\leveljcn0\levelfollow0\levelstartat1\levelspace0\levelindent0{\leveltext\leveltemplateid67698691\'01o;}{\levelnumbers;}\f2\fbias0 \fi-360\li5760\jclisttab\tx5760\lin5760 }{\listlevel\levelnfc23\levelnfcn23\leveljc0\leveljcn0\levelfollow0\levelstartat1\levelspace0\levelindent0{\leveltext\leveltemplateid67698693\'01{\uc0\u-3929 }?;}{\levelnumbers;}\f10\fbias0 \fi-360\li6480\jclisttab\tx6480\lin6480 }{\listname ;}\listid1668508640}{\list\listtemplateid-1061778270\listhybrid{\listlevel\levelnfc23\levelnfcn23\leveljc0\leveljcn0\levelfollow0\levelstartat1\levelspace360\levelindent0{\leveltext\leveltemplateid67698689\'01{\uc0\u-3913 }?;}{\levelnumbers;}\f3\fbias0 \fi-360\li720\jclisttab\tx720\lin720 }{\listlevel\levelnfc23\levelnfcn23\leveljc0\leveljcn0\levelfollow0\levelstartat1\levelspace360\levelindent0{\leveltext\leveltemplateid67698691\'01o;}{\levelnumbers;}\f2\fbias0 \fi-360\li1440\jclisttab\tx1440\lin1440 }{\listlevel\levelnfc23\levelnfcn23\leveljc0\leveljcn0\levelfollow0\levelstartat1\levelspace360\levelindent0{\leveltext\leveltemplateid67698693\'01{\uc0\u-3929 }?;}{\levelnumbers;}\f10\fbias0 \fi-360\li2160\jclisttab\tx2160\lin2160 }{\listlevel\levelnfc23\levelnfcn23\leveljc0\leveljcn0\levelfollow0\levelstartat1\levelspace360\levelindent0{\leveltext\leveltemplateid67698689\'01{\uc0\u-3913 }?;}{\levelnumbers;}\f3\fbias0 \fi-360\li2880\jclisttab\tx2880\lin2880 }{\listlevel\levelnfc23\levelnfcn23\leveljc0\leveljcn0\levelfollow0\levelstartat1\levelspace360\levelindent0{\leveltext\leveltemplateid67698691\'01o;}{\levelnumbers;}\f2\fbias0 \fi-360\li3600\jclisttab\tx3600\lin3600 }{\listlevel\levelnfc23\levelnfcn23\leveljc0\leveljcn0\levelfollow0\levelstartat1\levelspace360\levelindent0{\leveltext\leveltemplateid67698693\'01{\uc0\u-3929 }?;}{\levelnumbers;}\f10\fbias0 \fi-360\li4320\jclisttab\tx4320\lin4320 }{\listlevel\levelnfc23\levelnfcn23\leveljc0\leveljcn0\levelfollow0\levelstartat1\levelspace360\levelindent0{\leveltext\leveltemplateid67698689\'01{\uc0\u-3913 }?;}{\levelnumbers;}\f3\fbias0 \fi-360\li5040\jclisttab\tx5040\lin5040 }{\listlevel\levelnfc23\levelnfcn23\leveljc0\leveljcn0\levelfollow0\levelstartat1\levelspace360\levelindent0{\leveltext\leveltemplateid67698691\'01o;}{\levelnumbers;}\f2\fbias0 \fi-360\li5760\jclisttab\tx5760\lin5760 }{\listlevel\levelnfc23\levelnfcn23\leveljc0\leveljcn0\levelfollow0\levelstartat1\levelspace360\levelindent0{\leveltext\leveltemplateid67698693\'01{\uc0\u-3929 }?;}{\levelnumbers;}\f10\fbias0 \fi-360\li6480\jclisttab\tx6480\lin6480 }{\listname ;}\listid1871146710}}{\*\listoverridetable
{\listoverride\listid1871146710\listoverridecount0\ls1}{\listoverride\listid1668508640\listoverridecount0\ls2}{\listoverride\listid1465586477\listoverridecount0\ls3}{\listoverride\listid880243047\listoverridecount0\ls4}{\listoverride\listid19015464\listoverridecount0\ls5}{\listoverride\listid1580366386\listoverridecount0\ls6}}{\*\rsidtbl \rsid4010164\rsid12850387}{\*\generator Microsoft Word 10.0.4219;}{\info{\author Ganesan Venkataraman (gvenkata)}{\operator Ganesan Venkataraman (gvenkata)}{\creatim\yr2003\mo5\dy31\hr17\min4}{\revtim\yr2003\mo12\dy20\hr19\min29}{\version10}{\edmins20}{\nofpages1}{\nofwords76}{\nofchars436}{\*\company Cisco Systems, Inc.}{\nofcharsws511}{\vern16469}}\widowctrl\ftnbj\aenddoc\noxlattoyen\expshrtn\noultrlspc\dntblnsbdb\nospaceforul\hyphcaps0\horzdoc\dghspace120\dgvspace120\dghorigin1701\dgvorigin1984\dghshow0\dgvshow3\jcompress\viewkind4\viewscale100\nolnhtadjtbl\rsidroot12850387 \fet0\sectd \linex0\sectdefaultcl\sftnbj {\*\pnseclvl1\pnucrm\pnstart1\pnindent720\pnhang {\pntxta .}}{\*\pnseclvl2\pnucltr\pnstart1\pnindent720\pnhang {\pntxta .}}{\*\pnseclvl3\pndec\pnstart1\pnindent720\pnhang {\pntxta .}}{\*\pnseclvl4\pnlcltr\pnstart1\pnindent720\pnhang {\pntxta )}}{\*\pnseclvl5\pndec\pnstart1\pnindent720\pnhang {\pntxtb (}{\pntxta )}}{\*\pnseclvl6\pnlcltr\pnstart1\pnindent720\pnhang {\pntxtb (}{\pntxta )}}{\*\pnseclvl7\pnlcrm\pnstart1\pnindent720\pnhang {\pntxtb (}{\pntxta )}}{\*\pnseclvl8\pnlcltr\pnstart1\pnindent720\pnhang {\pntxtb (}{\pntxta )}}{\*\pnseclvl9\pnlcrm\pnstart1\pnindent720\pnhang {\pntxtb (}{\pntxta )}}\pard\plain \ql \li0\ri0\nowidctlpar\faauto\rin0\lin0\itap0 \fs24\cgrid{\b {\f1\fs20 Der Audiokonfigurations-Assistent ist abgeschlossen.}}{\f1\fs18
}{\f1\fs18\par }
{\f1\fs18
}{\f1\fs18\par }
{\f1\fs18 F\'fchren Sie diesen Assistenten in folgenden F\'e4llen erneut aus:}{\f1\fs18\par }
{\f1\fs18{\listtext\pard\plain\f3\fs18 \'b7\tab }}\pard \ql \fi-360\li720\ri0\nowidctlpar\jclisttab\tx720\faauto\ls6\rin0\lin720\itap0{\f1\fs18 Wenn Sie ein neues Ger\'e4t anschlie\'dfen.}{\f1\fs18\par }
{\f1\fs18{\listtext\pard\plain\f3\fs18 \'b7\tab }\f1 Wenn Qualit\'e4tsprobleme mit Ihren Audioger\'e4ten auftreten.
\par {\listtext\pard\plain\f3\fs18 \'b7\tab }\f1 Wenn Sie Ihre Audioeinstellungen in einem anderen Programm \'e4ndern, z. B. \'fcber Sounds und Audioger\'e4te in der Systemsteuerung.}{\f1\fs18
}{\f1\fs18\par }
{\f1\fs18}\pard \ql \li0\ri0\nowidctlpar\faauto\rin0\lin0\itap0{\f1\fs18
}{\f1\fs18\par }
{\f1\fs18}\pard \ql \li0\ri0\nowidctlpar\faauto\rin0\lin0\itap0 {\f1\fs18
Der Assistent wird m\'f6glicherweise automatisch aktiviert, wenn Sie Cisco IP Communicator starten, nachdem Sie eine Ihrer Audioeinstellungen au\'dferhalb des Assistenten ge\'e4ndert haben. Sie sollten }{\b {\f1\fs18 Zur\'fccksetzen}}{\f1\fs18  w\'e4hlen, au\'dfer wenn Sie \'c4nderungen an Ihren Audioeinstellungen vornehmen m\'f6chten.}{\f1\fs18\par }
{\f1\fs18
}{\f1\fs18\par }
{\f1\fs18 Um den Assistenten zu schlie\'dfen, klicken Sie auf Fertig stellen.}{\f1\fs18\par }
{\f1\fs18}
}"/>

</TuningWizardStrings>