﻿<?xml version="1.0"?>

<CommunicatorStrings>

	<label ok			="OK"/>
	<label cancel		="Abbrechen"/>
	<label apply		="Übernehmen"/>
	<label verify		="Verifizieren"/>
	<label yes			="Ja"/>
	<label no			="Nein"/>
	<label yesToAll		="Ja, alle"/>
	<label noToAll		="Nein, alle"/>
	<label abort		="Abbrechen"/>
	<label retry		="Wiederholen"/>
	<label error		="Fehler"/>
	<label edit			="Bearb."/>
	<label exit			="Beenden"/>
	<label close		="Schließen"/>
	<label view			="Ansicht"/>
	<label update		="Aktual."/>
	<label help			="Hilfe"/>
	<label about		="Info"/>
	<label proceed		="Fortsetzen"/>
	<label next			="Weiter"/>
	<label back			="Zurück"/>
	<label finish		="Fertig stellen"/>
	<label accept		="Akzeptieren"/>
	<label acceptAll	="Alle akzeptieren"/>
	<label reject		="Ablehnen"/>
	<label rejectAll	="Alle ablehnen"/>
	<label status		="Status"/>
	<label cannotProceed="Fortfahren nicht möglich"/>
	<label details		="Details"/>
	<label viewDetails	="Details anzeigen"/>
	<label consultAdmin	="Wenden Sie sich an den Systemadministrator"/>
	<label ensureNetwork="Stellen Sie sicher, dass Sie mit dem Netzwerk verbunden sind"/>

	<label title		="Cisco IP Communicator"/>
	<label autoUpdate	="AutoUpdate"/>
	<label file			="Datei"/>
	<label module		="Modul"/>
	<label archive		="Archiv"/>
	<label downloading	="Herunterladen..."/>
	<label installing	="Installieren..."/>
	<label extracting	="Extrahieren..."/>
	<label progress		="Status"/>
	<label updateType	="Aktualisierungstyp"/>
	<label recommended	="Empfohlen"/>
	<label required		="Erforderlich"/>

	<label bitsLong			="Bit"/>
	<label bitsShort		="b"/>
	<label bytesLong		="Byte"/>
	<label bytesShort		="B"/>
	<label kiloLong			="Kilo"/>
	<label kiloShort		="K"/>
	<label kilobytesShort	="KB"/>
	<label kilobytesLong	="Kilobyte"/>
	<label megaLong			="Mega"/>
	<label megaShort		="M"/>
	<label megabytesShort	="MB"/>
	<label megabytesLong	="Megabyte"/>
	<label gigaLong			="Giga"/>
	<label gigaShort		="G"/>
	<label gigabytesShort	="GB"/>
	<label gigabytesLong	="Gigabyte"/>
	<label teraLong			="Tera"/>
	<label teraShort		="T"/>
	<label terabytesShort	="TB"/>
	<label terabytesLong	="Terabyte"/>

	<label downloadSpeed	="Download-Geschwindigkeit"/>
	<label timeRemaining	="Verbleibende Zeit"/>

	<label secondShort		="s"/>
	<label secondLong		="Sekunde"/>
	<label secondsLong		="Sekunden"/>
	<label minuteShort		="Min"/>
	<label minuteLong		="Minute"/>
	<label minutesLong		="Minuten"/>
	<label hourShort		="Std"/>
	<label hoursLong		="Stunde"/>
	<label hoursLong		="Stunden"/>

	<label unknown					="Unbekannt"/>
	<label overallProgress			="Gesamtstatus..."/>
	<label gettingManifest			="Die Installationsbeschreibung wird heruntergeladen..."/>
	<label inspectingInstallation	="Die aktuelle Installation wird überprüft..."/>
	<label preparingToInstallFiles	="Das Installieren der Dateien wird vorbereitet..."/>
	<label doingUpdates				="Updates werden heruntergeladen und installiert..."/>
	<label confirmCancel			="Möchten Sie wirklich abbrechen?"/>

	<label AU_usageString			="VERWENDUNG&#13;=======&#13;AutoUpdate parameterName1=&lt;parameterValue1&gt; parameterName2=&lt;parameterValue2&gt; ...&#13;&#13;PARAMETER:&#13;Angegeben werden müssen httpServer/tftpServer, installFolder, manifestFile&#13;Optionale Parameter sind mode, waitWindow und postUpdateScript&#13;Bei den Parametern werden Reihenfolge und Groß-/Kleinschreibung nicht berücksichtigt&#13;&#13;Z. B.&#13;AutoUpdate httpServer=http://www.webserver.com/Communicator installFolder=&quot;D:\Programme\ACME Systems\ACME Studio&quot; mode=install waitWindow=&quot;ACME Studio&quot; postUpdateScript=Notepad.exe"/>
	<label AU_errorTitle			="AutoUpdate-Fehler"/>
	<label AU_errorHeading			="Es ist ein Fehler aufgetreten"/>
	<label AU_stackTrace			="Stapelprotokoll"/>
	<label AU_viewStackTrace		="Stapelprotokoll anzeigen"/>
	<label AU_autoupdateComponentNotDefined	="Fehler in der AutoUpdate-Manifest-Datei - AutoUpdate-Komponente ist nicht definiert"/>
	<label AU_closeWindowTitle		="Schließen Sie alle Fenster mit dem folgenden Titel"/>
	<label AU_endProcesses			="Beenden Sie die folgenden Vorgänge, bevor Sie fortfahren"/>

	<label AU_repairs					="Reparaturen"/>
	<label AU_repairsList				="Die folgenden Module enthalten Dateien, die fehlen oder geändert wurden"/>
	<label AU_requiredUpdates			="Erforderliche Updates"/>
	<label AU_requiredUpdatesList		="Für die folgenden Module gibt es erforderliche Updates"/>
	<label AU_recommendedUpdates		="Empfohlene Updates"/>
	<label AU_recommendedUpdatesList	="Für die folgenden Module gibt es empfohlene Updates"/>
	<label AU_chooseIndividualUpdates	="Für jedes Modul entscheiden"/>
	<label AU_selectUpdate				="Möchten Sie die empfohlenen Aktualisierungen für folgendes Modul installieren?"/>
	<label AU_installAny				="Möchten Sie die Updates installieren?"/>
	<label AU_module					="Modul"/>
	<label AU_downloadSize				="Download-Größe"/>
	<label AU_wantToDoUpdates			="Es sind einige Updates verfügbar.&#13;&#13;Möchten Sie sie jetzt herunterladen und installieren?" />

	<label AU_olderVersionInstalled		="Die Version der installierten Datei ist älter"/>
	<label AU_newerVersionInstalled		="Die Version der installierten Datei ist neuer"/>
	<label AU_equalVersionInstalled		="Die Version der installierten Datei ist identisch"/>
	<label AU_checksumMismatch			="Die Prüfsumme der Datei stimmt nicht mit dem erwarteten Wert überein"/>
	<label AU_olderFileInstalled		="Das Änderungsdatum der installierten Datei ist älter"/>
	<label AU_newerFileInstalled		="Das Änderungsdatum der installierten Datei ist neuer"/>
	<label AU_modifiedDatesMatch		="Das Änderungsdatum ist identisch"/>
	<label AU_unableToCompareFiles		="Die Dateien können nicht verglichen werden"/>

	<label AU_Error_tftpHttpNotDefined			="Sie müssen entweder tftpServer oder httpServer angeben"/>
	<label AU_Error_installFolderNotDefined		="Es wurde kein Installationsordner angegeben"/>
	<label AU_Error_manifestFileNotDefined		="Es wurde keine Manifest-Datei angegeben"/>
	<label AU_Error_downloadManifestFailed		="Die Manifest-Datei konnte nicht heruntergeladen werden"/>
	<label AU_Error_invalidUpdateMode			="Ungültiger Aktualisierungsmodus. Zulässige Modi sind 'Installieren' und 'Abfrage'."/>
	<label AU_Error_errorInManifest				="Die Manifest-Datei ist beschädigt"/>
	<label AU_Error_cannotProceed				="AutoUpdate kann nicht fortgesetzt werden"/>
	<label AU_Error_invalidVersionString		="Ungültige Versionszeichenfolge"/>
	<label AU_Error_fileNotFound				="Datei nicht gefunden"/>
	<label AU_Error_unsupportedProtocol			="Das Transferprotokoll wird nicht unterstützt oder ist ungültig"/>
	<label AU_Error_downloadedFileInvalid		="Die heruntergeladene Datei stimmt nicht mit der Beschreibung überein"/>
	<label AU_Error_requiredUpdateFailed		="Für das folgende Modul konnten die erforderlichen Aktualisierungen nicht installiert werden"/>
	<label AU_Error_recommendedUpdateFailed		="Für das folgende Modul konnten die empfohlenen Aktualisierungen nicht installiert werden"/>
	<label AU_Error_repairFailed				="Die Aktualisierung des folgenden Moduls ist fehlgeschlagen"/>
	<label AU_Error_preinstallFileInstall		="Die Installation der Vorinstallationsdateien ist fehlgeschlagen"/>
	<label AU_Error_postinstallFileInstall		="Die Installation der Nachinstallationsdateien ist fehlgeschlagen"/>
	<label AU_Error_moduleFileInstall			="Die Installation der Moduldateien ist fehlgeschlagen"/>
	<label AU_Error_preinstallFileDownload		="Das Herunterladen der Vorinstallationsdateien ist fehlgeschlagen"/>
	<label AU_Error_postinstallFileDownload		="Das Herunterladen der Nachinstallationsdateien ist fehlgeschlagen"/>
	<label AU_Error_moduleFileDownload			="Das Herunterladen der Moduldateien ist fehlgeschlagen"/>
	<label AU_Error_preinstallFileInstall		="Die Installation der Vorinstallationsdateien ist fehlgeschlagen"/>
	<label AU_Error_postinstallFileInstall		="Die Installation der Nachinstallationsdateien ist fehlgeschlagen"/>
	<label AU_Error_moduleFileInstall			="Die Installation der Moduldateien ist fehlgeschlagen"/>
	<label AU_Error_moduleSettingInstall		="Die Installation der Moduleinstellungen ist fehlgeschlagen"/>
	<label AU_Error_preinstallScript			="Das Vorinstallsskript hat einen Fehler zurückgegeben"/>
	<label AU_Error_postinstallScript			="Das Nachinstallsskript hat einen Fehler zurückgegeben"/>
	<label AU_Error_downloadFileError			="Die Datei konnte nicht heruntergeladen werden"/>
	<label AU_Error_installFileError			="Die Datei konnte nicht installiert werden"/>
	<label AU_Error_unableToChangeModifiedDate	="Das Datum der letzten Änderung konnte nicht geändert werden"/>
	<label AU_Error_archiveFileMismatch			="Die Datei im Archiv stimmt nicht mit der Beschreibung überein"/>
	<label AU_Error_archiveInstall				="Das Archiv kann nicht installiert werden"/>
	<label AU_Error_recommendedUpdateFailureList="Die folgenden empfohlenen Aktualisierungen sind fehlgeschlagen"/>
	<label AU_Error_autoUpdateCancelled			="AutoUpdate wurde abgebrochen!"/>

	<label AU_Error_HTTPTimeout					="HTTP-Zeitüberschreitung"/>
	<label AU_Error_HTTPError					="HTTP-Fehler"/>
	<label AU_Error_HTTPConnectionClosed		="HTTP-Verbindung geschlossen"/>

	<label AU_Error_xmlTagNotFound		="XML-Tag nicht gefunden"/>
	<label AU_Error_xmlDataNotFound		="XML-Daten nicht gefunden"/>
	
	<label AU_Error_failedToInitialize			="AutoUpdate konnte nicht initialisiert werden"/>
	<label AU_Error_ensureNoOtherApps			="Schließen Sie alle anderen Anwendungen und wiederholen Sie den Vorgang."/>

</CommunicatorStrings>
