﻿<?xml version="1.0"?>
<CommunicatorStrings>
	<label rtlFlag="0"/>
	<label ok="OK"/>
	<label cancel="Abbrechen"/>
	<label apply="Übernehmen"/>
	<label applyToAll="Für alle übernehmen"/>
	<label verify="Verifizieren"/>
	<label yes="Ja"/>
	<label no="Nein"/>
	<label yesToAll="Ja alle"/>
	<label noToAll="Nein alle"/>
	<label abort="Abbrechen"/>
	<label retry="Wiederholen"/>
	<label error="Fehler"/>
	<label edit="Bearb."/>
	<label exit="Beenden"/>
	<label close="Schließen"/>
	<label move="Verschieben"/>
	<label view="Ansicht"/>
	<label update="Aktual."/>
	<label help="Hilfe"/>
	<label about="Info"/>
	<label proceed="Fortsetzen"/>
	<label next="Weiter"/>
	<label back="Zurück"/>
	<label show="Cisco IP Communicator anzeigen"/>
	<label hide="Cisco IP Communicator ausblenden"/>
	<label AGNT_checkAutoUpdate="Auf neue Updates prüfen"/>
	<label finish="Fertig stellen"/>
	<label accept="Akzeptieren"/>
	<label acceptAll="Alle akzeptieren"/>
	<label reject="Ablehnen"/>
	<label rejectAll="Alle ablehnen"/>
	<label none="Keine"/>
	<label network="Netzwerk"/>
	<label user="Benutzer"/>
	<label java="Java"/>
	<label audio="Audio"/>
	<label advAudio="Erweiterte Audioeinstellungen"/>
	<label directories="Verzeichnisse "/>
	<label ldapSettings="LDAP-Verzeichniseinstellungen"/>
	<label ldapUserName="Benutzername:"/>
	<label ldapPassword="Kennwort:"/>
	<label wave="Wave"/>
	<label kernelStreaming="Kernel-Streaming"/>
	<label itu="ITU"/>
	<label ciscoIPPhone="Cisco IP-Telefon"/>
	<label speakerphone="Lautsprecher"/>
	<label headset="Headset"/>
	<label handset="Hörer"/>
	<label ringer="Rufton"/>
	<label hid="Eingabegerät (HID)"/>
	<label status="Status"/>
	<label title="Cisco IP Communicator"/>
	<label autoUpdate="AutoUpdate"/>
	<label skins="Skins"/>
	<label screenOnly="Nur Display"/>
	<label alwaysOnTop="Immer im Vordergrund"/>
	<label startPhone="Telefon starten"/>
	<label stopPhone="Telefon stoppen"/>
	<label atwMenu="Audiokonfigurations-Assistent"/>
	<label quickSearchMenu="Schnellsuche..."/>
	<label ciscoUserOptions="Cisco Unified CM-Benutzeroptionen"/>
	<label preferences="Einstellungen..."/>
	<label userGuide="Benutzerhandbuch"/>
	<label DLG_Settings="Einstellungen"/>
	<label default="Standard"/>
	<label file="Datei"/>
	<label module="Modul"/>
	<label archive="Archiv"/>
	<label progress="Status"/>
	<label updateType="Aktualisierungstyp"/>
	<label recommended="Empfohlen"/>
	<label required="Erforderlich"/>
	<label statStarting="%s wird gestartet"/>
	<label statInstalling="%s wird installiert"/>
	<label statInitializing="%s wird initialisiert"/>
	<label statReading="%s wird gelesen"/>
	<label statConnectTFTP="Verbinden mit TFTP-Server"/>
	<label cdpDriver="CDP"/>
	<label questionMark="?"/>
	<label mtDriver="Audio"/>
	<label localSettings="Lokale Einstellungen"/>
	<label networkSettings="Netzwerkeinstellungen"/>
	<label hibernateWarning="Wenn Ihr Computer jetzt in der Ruhezustand wechselt, trennt Cisco IP Communicator den aktuellen Anruf. Möchten Sie Ihren Computer daran hindern, in den Ruhezustand zu wechseln?"/>
	<label closeWarning="Wenn Sie die Anwendung jetzt beenden, trennt Cisco IP Communicator den aktuellen Anruf. Wirklich beenden?"/>
	<label configWarning="Wenn Sie Ihre Einstellungen jetzt ändern, trennt Cisco IP Communicator den aktuellen Anruf. Möchten Sie fortfahren?"/>
	<label configError="Während eines aktiven Anrufs wurde ein Audiogerät entfernt. Dadurch wird der aktive Anruf abgebrochen."/>
	<label undockWarning="Wenn Ihr Computer jetzt ausgedockt wird, trennt Cisco IP Communicator den aktuellen Anruf. Möchten Sie das Ausdocken Ihres Computers anhalten?"/>
	<label endSessionWarning="Wenn Sie Ihre Windows-Sitzung jetzt beenden, trennt Cisco IP Communicator den aktuellen Anruf. Möchten Sie die Sitzung beenden?"/>
	<label INF_infoCaption="Cisco IP Communicator - Informationen"/>
	<label INF_TFTPRestart="Cisco IP Communicator konnte nicht neu gestartet werden. Starten Sie die Anwendung manuell neu."/>
	<label needReboot="Cisco IP Communicator hat neue Software installiert. Um die Installation abzuschließen, müssen Sie den Computer neu starten"/>
	<label fetchingDirectories="LDAP-Verzeichnisdaten werden abgerufen"/>
	<label fetchingDialingRules="Wählregeln werden abgerufen"/>
	<label restartForLocaleChange="Sie müssen Communicator neu starten, um die Sprachänderungen zu übernehmen."/>
	<label copyright="Copyright © 2004-2011 Cisco Systems, Inc. Alle Rechte vorbehalten."/>
	<label copyrightSplash="© 2011 Cisco Systems, Inc. Alle Rechte vorbehalten. Informationen zum Importieren der Verschlüsselung, zur Verwendung und Bereitstellung finden Sie in der Hilfe unter 'Info'. "/>
	<label versionSplash="Version "/>
	<label versionCdp="CDP-Treiber Version:"/>
	<label versionCpmt="Audiomodul-Version:"/>
	<label Notices="Hinweise und Verzichterklärungen:"/>
	<label NoticesText="***WICHTIGER HINWEIS***&#13;&#10;&#13;&#10;Die Softphone-Technologie stellt für Notrufe möglicherweise keine zeitgerechten oder genauen Standortinformationen bereit. Anrufe können an das falsche Notrufcenter geleitet werden oder das Notrufcenter kann Ihren Standort nicht bestimmen. SIE VERWENDEN EIN SOFTPHONE IM NOTFALL AUF EIGENES RISIKO. Cisco ist für etwaige Fehler oder Verzögerungen nicht verantwortlich.&#13;&#10;&#13;&#10;&#13;&#10;***HINWEIS***&#13;&#10;&#13;&#10;Dieses Produkt enthält Verschlüsselungsfunktionen und unterliegt US-Gesetzen sowie vor Ort geltenden Gesetzen in Bezug auf Import, Export, Weitergabe und Einsatz des Produkts. Die Bereitstellung von Verschlüsselungsprodukten durch Cisco gewährt Dritten nicht das Recht, die Verschlüsselungsfunktionen zu importieren, zu exportieren, zu verteilen oder zu verwenden. Importeure, Exporteure, Distributoren und Benutzer sind für die Einhaltung der geltenden Gesetze verantwortlich. Durch die Verwendung dieses Produkts akzeptieren Sie die geltenden Gesetze und Vorschriften. Wenn Sie die Gesetze nicht einhalten können, müssen Sie das Produkt umgehend zurückgeben.&#13;&#10;&#13;&#10;&#13;&#10;Eine Übersicht der für die Verschlüsselungsprodukte von Cisco geltenden US-Gesetze finden Sie unter:&#13;&#10;&#13;&#10;http://www.cisco.com/wwl/export/crypto/tool/stqrg.html&#13;&#10;&#13;&#10;Falls Sie weitere Hilfe bezüglich des Exports dieser Produkte benötigen, senden Sie eine E-Mail an export@cisco.com.&#13;&#10;&#13;&#10;&#13;&#10;***HINWEIS***&#13;&#10;&#13;&#10;Das Problem Reporting Tool (PRT) verwendet die Protokolle auf Ihrem Computer, die möglicherweise Kontaktinformationen, Instant Messages, Telefonnummern und andere Informationen enthalten, mittels derer Sie oder andere Benutzer identifiziert werden können. Diese Informationen sind für die Analyse erforderlich, um die Ursache von technischen Problemen festzustellen. Die Protokolle werden möglicherweise in andere Länder gesendet und vorübergehend gespeichert. Wenn Sie PRT verwenden, stimmen Sie zu, die Protokolle an Cisco weiterzugeben, damit Cisco technische Probleme mit Cisco IP Communicator beheben kann. "/>
		
	<label ERR_alreadyRunning="Cisco IP Communicator wird bereits ausgeführt"/>
	<label ERR_exception="Ausnahme"/>
	<label ERR_exceptionCaption="Communicator - Ausnahmefehler"/>
	<label ERR_notDib="Mit der aktuellen Skin ist ein Problem aufgetreten: Die Bitmap-Datei hat kein DIB-Format"/>
	<label ERR_notOS2Supported="Mit der aktuellen Skin ist ein Problem aufgetreten: Das OS2-Bitmap-Format wird nicht unterstützt"/>
	<label ERR_invalidSkin="Die aktuelle Skin-Datei ist ungültig"/>
	<label ERR_invalidButton="Die aktuelle Skin-Datei hat eine ungültige Schaltfläche"/>
	<label ERR_noStreamDev="Auf diesem Computer sind keine kompatiblen Audiogeräte installiert. Klicken Sie zum Beenden auf OK."/>
	<label ERR_noRingDev="Auf diesem Computer sind keine kompatiblen Audiogeräte installiert. Klicken Sie zum Beenden auf OK."/>
	<label ERR_noNetworkDev="Auf diesem Computer sind keine kompatiblen Netzwerkschnittstellen installiert. Installieren Sie eine Netzwerkschnittstelle."/>
	<label ERR_noJVM="Der JVM-Pfad ist nicht konfiguriert. JVM kann nicht im DEBUG-Modus ausgeführt werden."/>
	<label ERR_invokeJVM="JVM kann nicht aufgerufen werden - JNI_CreateJavaVM()"/>
	<label ERR_noVenderInfo="Keine Herstellerangaben in der Konfigurationsdatei"/>
	<label ERR_mismatchMAC="Die in Cisco CallManager registrierte Netzwerkschnittstelle ist nicht vorhanden oder deaktiviert. Klicken Sie auf 'OK', wenn Sie diese Schnittstelle absichtlich entfernt haben, und wählen Sie anschließend eine neue Schnittstelle oder klicken Sie auf 'Abbrechen' zum Beenden."/>
	<label ERR_mismatchVPN="Die Netzwerkschnittstelle, die Sie für Audio ausgewählt haben, hat keine gültige IP-Adresse. Klicken Sie auf 'OK', um eine andere Schnittstelle auszuwählen, oder auf 'Abbrechen' zum Beenden."/>
	<label ERR_noNetAdapterCC="Wählen Sie eine Netzwerkschnittstelle zur Registrierung mit Cisco CallManager aus. Eine Standardeinstellung wurde ausgewählt."/>
	<label ERR_deviceNameLength="Ungültiger Gerätename. Der Gerätename darf maximal 15 Zeichen lang sein und muss die Zeichen [a-z A-Z 0-9._-] enthalten." />
	<label ERR_noNetAdapterVPN="Wählen Sie eine Netzwerkschnittstelle für Audio aus."/>
	<label ERR_noTFTPServer="Kein Zugriff auf den TFTP-Server."/>
	<label ERR_cannotReadSettings="Die Einstellungen können nicht gelesen werden"/>
	<label ERR_networkAdaptorAbsent="Der für die Registrierung benötigte Netzwerkadapter wurde nicht gefunden."/>
	<label ERR_badHostNameSpecified="Ungültiger Hosname in den Einstellungen angegeben"/>
	<label ERR_badNetworkInterfaceSpecified="Ungültige Netzwerkschnittstelle in den Einstellungen angegeben"/>
	<label ERR_cannotInitializeGraphics="Die Anzeige konnte nicht initialisiert werden"/>
	<label ERR_cannotInitializeMedia="Medien konnten nicht initialisiert werden"/>
	<label ERR_cannotStartCdp="Die Unterstützung für den Cisco Emergency Responder-Dienst konnte nicht initialisiert werden. Wenden Sie sich an den Systemadministrator."/>
	<label ERR_cannotInitializeKeyboard="Die Tastenzuordnungen konnten nicht initialisiert werden"/>
	<label ERR_cannotInitializeGUI="Die grafische Benutzeroberfläche konnte nicht initialisiert werden"/>
	<label ERR_cannotAutoUpdate="Es konnte nicht nach Updates gesucht werden"/>
	<label ERR_invalidDeviceLoad="Ungültiges Gerät geladen"/>
	<label ERR_wrongAutoUpdatePath="Der folgende AutoUpdate-Pfad wird nicht unterstützt:"/>
	<label ERR_invalidPortRange="Der angegebene Portbereich ist ungültig. Der gültige Bereich liegt zwischen 1 und 65536. Korrigieren Sie die Bereichsangabe und klicken Sie auf 'OK'."/>
	<label ERR_cannotLaunchCVTA="Cisco Unified Video Advantage konnte nicht gestartet werden."/>
	<label ERR_cvtaNotFound="Für Communicator 2.0(1) ist Cisco Unified Video Advantage Version 2.0(1) erforderlich."/>
	<label ERR_checkDevicePreferences="Stellen Sie sicher, dass die Einstellungen für das Audiogerät richtig sind. Verwenden Sie hierfür den Audiokonfigurations-Assistenten oder das Menü 'Einstellungen'."/>	
	<label ERR_invalidTFTPServer="Die TFTP-Serveradresse enthält ein leeres Feld."/>
	<label ERR_invalidAudioIP="Die IP-Audioadresse enthält ein leeres Feld."/>

	<label DLG_ND_Label="Geben Sie einen Namen oder eine Rufnummer ein"/>
	<label DLG_ND_MessageNone="Keine Übereinstimmungen gefunden"/>
	<label DLG_ND_MessageOne="Eine Übereinstimmung gefunden"/>
	<label DLG_ND_Message25="Es wurden mehrere Übereinstimmungen gefunden. Nachfolgend finden Sie die Liste der Übereinstimmungsergebnisse."/>
	<label DLG_ND_Message25p="Es wurden mehrere Übereinstimmungen gefunden. Nachfolgend finden Sie die Liste mit den ersten %d Ergebnissen. Verfeinern Sie die Suche, damit nur relevante Übereinstimmungen zurückgegegeben werden."/>
	<label DLG_ND_MultipleMatches="Mehrere Suchergebnisse"/>
	<label DLG_ND_TooManyMatches="Zu viele Suchergebnisse"/>
	<label DLG_ND_RefineSearch="Es werden die ersten %d Ergebnisse angezeigt. Sie sollten die Suche verfeinern."/>
	<label DLG_ND_QuickSearch="Schnellsuche"/>
	<label DLG_ND_QuickDial="Schnellwahl"/>
	<label DLG_ND_Search="Suchen"/>
	<label DLG_ND_Dial="Auswählen"/>
	<label DLG_ND_First="Vorname"/>
	<label DLG_ND_Last ="Nachname"/>
	<label DLG_ND_EMail="E-Mail"/>
	<label DLG_ND_Number="Nummer"/>
	<label DLG_ND_Mobile="Mobil"/>
	<label DLG_ND_ThereWereErrors="Es sind Fehler aufgetreten"/>
	<label DLG_ND_Label="Suchen nach ..."/>
	<label ERR_ND_NoSearchBase="Es wurde keine LDAP-Suchbasis angegeben"/>
	<label ERR_ND_NoUserName="Fehler bei der LDAP-Authentifizierung: Benutzername nicht angegeben"/> 
	<label ERR_ND_ConnectFailed="Es konnte keine LDAP-Verbindung zum Server hergestellt werden"/>
	<label ERR_ND_AuthFailed="Anmeldung fehlgeschlagen. Überprüfen Sie Benutzername und Kennwort."/>
	<label ERR_ND_FileError="Dateifehler beim Schreiben der LDAP-Ergebnisse"/>
	<label ERR_ND_NoSelection="Sie haben keine Auswahl getroffen"/>
	<label ERR_ND_NoPhoneNumbers="Der ausgewählte Eintrag enthält keine Telefonnummern"/>

	<label DLG_ChoosePhoneNumber="Wählen Sie eine Telefonnummer"/>
	<label DLG_CPN_Message="Es wurden mehrere Telefonnummern gefunden. Wählen Sie eine Telefonnummer aus."/>

	<label DLG_NW_TFTPServerGroup="TFTP-Server"/>
	<label DLG_NW_ConnConfig="CallManager-Einstellungen"/>
	<label DLG_NW_AutoTftp="Standard-TFTP-Server verwenden"/>
	<label DLG_NW_CustomTftp="Diese TFTP-Server verwenden:"/>
	<label DLG_NW_TFTP1="TFTP-Server 1:"/>
	<label DLG_NW_TFTP2="TFTP-Server 2:"/>
	<label DLG_NW_DeviceNameGroup="Gerätename"/>
	<label DLG_NW_DeviceName="Gerätename:"/>
	<label DLG_NW_NetAdapter="Netzwerkadapter:"/>
	<label DLG_NW_RadioNetAdapter="Netzwerkadapter zum Generieren des Gerätenamens verwenden"/>
	<label DLG_NW_RadioUseDeviceName="Diesen Gerätenamen verwenden"/>
	<label DLG_NW_StaticUseThisDeviceName="Diesen Gerätenamen verwenden:"/>

	<label DLG_Audio_Use729="Für geringe Bandbreite optimieren"/>
	<label DLG_Audio_UseDefaultDevices="Windows-Standardgeräte verwenden"/>
	<label DLG_Audio_Advanced="Erweitert..."/>
	<label DLG_Audio_Network="Netzwerk..."/>
	<label DLG_Audio_Selections="Geräte für Audiomodi"/>
	<label DLG_Ringer_Selection="Gerät für Rufton"/>

	<label DLG_AdvancedAudioSettings="Erweiterte Audioeinstellungen"/>
	<label DLG_AudioAdv_Sidetone="Lautstärke des Nebengeräuschs"/>
	<label DLG_AudioAdv_EnableSidetone="Nebengeräusch aktivieren"/>
	<label DLG_AudioAdv_Slider="-                        0                       +"/>
	<label DLG_AudioAdv_Microphone="Mikrofonlautstärke - Boost"/>
	<label DLG_AudioAdv_Filters="Filter"/>
	<label DLG_AudioAdv_Mode="Modus:"/>
	<label DLG_AudioAdv_PlayFilter="Hören:"/>
	<label DLG_AudioAdv_RecordFilter="Sprechen:"/>
	<label DLG_AudioAdv_LimitVolume="Lautstärke begrenzen"/>
	<label DLG_AudioAdv_AudioLatency="Audioqualität und Leistung"/>
	<label DLG_AudioAdv_AudioLatencyLow="Beste (geringe Verzögerung)"/>
	<label DLG_AudioAdv_AudioLatencyMedium="Sehr gut (mittlere Verzögerung)"/>
	<label DLG_AudioAdv_AudioLatencyHigh="Gut (starke Verzögerung)"/>
	<label DLG_AudioAdv_SilenceSuppression="Sprechpausen unterdrücken"/>
	<label DLG_AudioAdv_SsDisabled="Deaktiviert (nicht empfohlen)"/>
	<label DLG_AudioAdv_NoiseSuppression="Rauschunterdrückung"/>
	<label DLG_AudioAdv_Aggressiveness="Aggressivitätslevel"/>
	<label DLG_AudioAdv_AggressivenessLeast="Am niedrigsten"/>
	<label DLG_AudioAdv_AggressivenessMedium="Mittel"/>
	<label DLG_AudioAdv_AggressivenessMost="Am höchsten"/>
	<label DLG_AudioAdv_AggressivenessLow="Niedrig"/>
	<label DLG_AudioAdv_AggressivenessModerate="Mittel"/>
	<label DLG_AudioAdv_AggressivenessHigh="Hoch"/>
	<label DLG_AudioAdv_AggressivenessVeryHigh="Sehr hoch"/>

	<label DLG_AudioAdv_AGC="Automatische Verstärkungsregelung"/>
	<label DLG_AudioAdv_EC="Echounterdrückung"/>
	<label DLG_AudioAdv_Enabled="Aktiviert"/>
	<label DLG_AudioAdv_Disabled="Deaktiviert"/>
	<label DLG_AudioAdv_Auto="Automatisch"/>
	<label DLG_AudioAdv_Analog="Analog"/>
	<label DLG_AudioAdv_Digital="Digital"/>
	<label DLG_AudioAdv_Both="Beide"/>
	<label DLG_AudioAdv_Cancellation="Abbruch"/>
	<label DLG_AudioAdv_Suppression="Unterdrückung"/>
	<label DLG_AudioAdv_UseInput="Eingangswert verwenden"/>

	<label DLG_NWA="Netzwerk-Audioeinstellungen"/>
	<label DLG_NWA_AudioIP="IP-Adresse für Audio"/>
	<label DLG_NWA_AutoDetectIP="Automatisch erkennen"/>
	<label DLG_NWA_SelectInterface="Adresse dieses Adapters verwenden:"/>
	<label DLG_NWA_UseThisIP="Diese Adresse verwenden:"/>
	<label DLG_NWA_PortRange="Audioportbereich"/>
	<label DLG_NWA_AutoSelectPort="Standardportbereich verwenden"/>
	<label DLG_NWA_SpecifyPort="Diesen Portbereich verwenden:"/>
	<label DLG_NWA_PortFrom="Von:"/>
	<label DLG_NWA_PortTo="Bis:"/>

	<label DLG_USR_usrInfo="Benutzerinformationen"/>
	<label DLG_USR_usrID="Benutzername:"/>
	<label DLG_USR_password="Kennwort:"/>
	<label DLG_USR_usrInput="Benutzereingabe"/>
	<label DLG_USR_usbHandset="USB-Hörer:"/>
	<label DLG_USR_trace="Fehlerbehebung"/>
	<label DLG_USR_traceEnable="Protokollierung aktivieren"/>
	<label DLG_USR_CloseHidesApp="Blendet die Anwendung aus"/>
	<label DLG_USR_BringToFront="Bei aktivem Anruf in den Vordergrund holen"/>
	<label DLG_USR_DisableToast="Benachrichtigung bei eingehenden Anrufen ausblenden"/>
	<label DLG_USR_EnableAnswerHotkey="Antwort-Hotkey aktivieren"/>
	<label DLG_USR_UserOptionsGroup="Adresse der Seite mit den Cisco Unified CM-Benutzeroptionen"/>
	<label DLG_USR_AutoUserOptions="Standard verwenden (TFTP-Server)"/>
	<label DLG_USR_SpecifyUserOptions="Bestimmten URL verwenden"/>

	<label SKINS_Main_MessageWaiting="Nachrichtenanzeige"/>
	<label SKINS_ButtonSets_Close="Schließen"/>
	<label SKINS_ButtonSets_Minimize="Minimieren"/>
	<label SKINS_ButtonSets_Mode="Modus"/>
	<label SKINS_ButtonSets_Menu="Menü"/>
	<label SKINS_lines_Line1="Leitung 1"/>
	<label SKINS_lines_Line2="Leitung 2"/>
	<label SKINS_lines_Line3="Leitung 3"/>
	<label SKINS_lines_Line4="Leitung 4"/>
	<label SKINS_lines_Line5="Leitung 5"/>
	<label SKINS_lines_Line6="Leitung 6"/>
	<label SKINS_lines_Line7="Leitung 7"/>
	<label SKINS_lines_Line8="Leitung 8"/>
	<label SKINS_keypad_One="Eins"/>
	<label SKINS_keypad_Two="Zwei"/>
	<label SKINS_keypad_Three="Drei"/>
	<label SKINS_keypad_Four="Vier"/>
	<label SKINS_keypad_Five="Fünf"/>
	<label SKINS_keypad_Six="Sechs"/>
	<label SKINS_keypad_Seven="Sieben"/>
	<label SKINS_keypad_Eight="Acht"/>
	<label SKINS_keypad_Nine="Neun"/>
	<label SKINS_keypad_Star="Stern"/>
	<label SKINS_keypad_Zero="Null"/>
	<label SKINS_keypad_Pound="#"/>
	<label SKINS_softkeys_Softkey1="Softkey 1"/>
	<label SKINS_softkeys_Softkey2="Softkey 2"/>
	<label SKINS_softkeys_Softkey3="Softkey 3"/>
	<label SKINS_softkeys_Softkey4="Softkey 4"/>
	<label SKINS_softkeys_Softkey5="Softkey 5"/>
	<label SKINS_features_Messages="Nachrichten"/>
	<label SKINS_features_Services="Dienste"/>
	<label SKINS_features_Settings="Einstellungen"/>
	<label SKINS_features_Directories="Verzeichnisse"/>
	<label SKINS_features_Information="Hilfe"/>
	<label SKINS_controls_Headset="Headset"/>
	<label SKINS_controls_Mute="Stummschaltung"/>
	<label SKINS_controls_Speaker="Lautsprecher"/>
	<label SKINS_controls_VolumeDown="Leiser"/>
	<label SKINS_controls_VolumeUp="Lauter"/>
	<label SKINS_navigation_Navigation="Navigation"/>
	<label SKINS_navigation_Up="+"/>
	<label SKINS_navigation_Down="-"/>
	<label SKINS_navigation_Left="Links"/>
	<label SKINS_navigation_Right="Rechts"/>

	<label DLG_AUDIO_LatencyOptimization="Latenzoptimierung"/>
	<label DLG_AUDIO_LowDelay="Geringe Verzögerung"/>
	<label DLG_AUDIO_MediumDelay="Mittlere Verzögerung"/>
	<label DLG_AUDIO_HighDelay="Lange Verzögerung"/>
	<label DLG_AUDIO_VeryHighDelay="Sehr lange Verzögerung"/>
	<label DLG_AUDIO_LowestLatency="Geringste Latenz"/>
	<label DLG_AUDIO_HighestLatency="Höchste Latenz"/>
	<label DLG_AUDIO_Default="Standardeinstellung"/>
	<label DLG_AUDIO_Recommended="Es wird empfohlen, die niedrigsten Einstellungen zuerst zu verwenden und anschließend, falls erforderlich, mit der nächsten Einstellung fortzufahren."/>
	<label DLG_AUDIO_Speaker="Lautsprecher"/>	
	<label DLG_AUDIO_Mic="Mikrofon"/>
	<label DLG_AUDIO_SpeakerBuffer="Anzahl Lautsprecherpuffer"/>
	<label DLG_AUDIO_MicBuffer="Anzahl Mikrofonpuffer"/>

	<label DLG_TRACE_Tracing="Protokollierung"/>
	<label DLG_TRACE_GUI="Benutzeroberfläche"/>
	<label DLG_TRACE_CallControl="Anrufsteuerung"/>
	<label DLG_TRACE_Media="Audio"/>
	<label DLG_TRACE_CDP="CDP"/>
	<label DLG_TRACE_ATW="Audiokonfigurations-Assistent"/>
	<label DLG_TRACE_R2d="Telefondisplay aktivieren"/>
	<label DLG_TRACE_Levels="Protokollierungsebenen"/>
	<label DLG_TRACE_Errors="Fehler"/>
	<label DLG_TRACE_Detailed="Detailliert"/>
	<label DLG_TRACE_Low="Niedrig"/>
	<label DLG_TRACE_Med="Mittel"/>
	<label DLG_TRACE_High="Hoch"/>
	<label DLG_TRACE_All="Alle"/>

	<label DLG_L10N_Language="Sprache"/>
	<label DLG_L10N_Locale="Ländereinstellung"/>

	<label ChangeInterfaceWarningText="Eine Änderung der Netzwerkschnittstelle kann zum Abbruch von Cisco IP Communicator führen. Wenden Sie sich an den Systemadministrator, bevor Sie diesen Parameter ändern."/>
	<label ChangeInterfaceWarningCaption="Warnung"/>

	<label ChangeProtocolWarningText="Das Anrufprotokoll für das Gerät wurde geändert. Klicken Sie auf OK, um Cisco IP Communicator neu zu starten."/>
	<label JPhoneStartupErrorText="Cisco IP Communicator konnte die Telefonanwendung nicht initialisieren und wird beendet. Möchten Sie Cisco IP Communicator neu starten?"/>
	<label AutoUpdateNeedUpdatesText="Für Cisco IP Commnunicator sind Updates verfügbar. Die Anwendung muss während der Aktualisierung geschlossen werden. Möchten Sie die Aktualisierung fortsetzen?"/>

	<label CheckingLocaleUpdates="Gebietsschemaänderungen werden überprüft..."/>

<!-- ETOUCH -->
	<label Paste="Einfügen"/>
	<label AnswerCall="Annehm."/>
	<label IgnoreCall="Ignorieren"/>
	<label UnknownCaller="Unbekannt"/>
<!-- ETOUCH -->
	<SkinLocMap>
		<entry file="Default" name="Standardmodus" />
		<entry file="Mercurio" name="Kompakt-Modus" />
	</SkinLocMap>

</CommunicatorStrings>