﻿<?xml version="1.0"?>

<CommunicatorStrings>
	<label rtlFlag="0"/>
	<label ok			="OK"/>
	<label cancel		="Annulla"/>
	<label apply		="Applica"/>
	<label verify		="Verifica"/>
	<label yes			="Sì"/>
	<label no			="No"/>
	<label yesToAll		="Sì a tutti"/>
	<label noToAll		="No a tutti"/>
	<label abort		="Interrompi"/>
	<label retry		="Riprova"/>
	<label error		="Errore"/>
	<label edit			="Modifica"/>
	<label exit			="Esci"/>
	<label close		="Chiudi"/>
	<label view			="Visualizza"/>
	<label update		="Aggiorna"/>
	<label help			="?"/>
	<label about		="Informazioni"/>
	<label proceed		="Continua"/>
	<label next			="Avanti"/>
	<label back			="Indietro"/>
	<label finish		="Fine"/>
	<label accept		="Accetta"/>
	<label acceptAll	="Accetta tutti"/>
	<label reject		="Rifiuta"/>
	<label rejectAll	="Rifiuta tutti"/>
	<label status		="Stato"/>
	<label cannotProceed="Impossibile continuare"/>
	<label details		="Dettagli"/>
	<label viewDetails	="Visualizza dettagli"/>
	<label consultAdmin	="Rivolgersi all'amministratore di sistema"/>
	<label ensureNetwork="Accertarsi di essere collegati alla rete"/>

	<label title		="Cisco IP Communicator"/>
	<label autoUpdate	="CIPCLocaleDownloader"/>
	<label file			="File"/>
	<label module		="Modulo"/>
	<label archive		="Archivia"/>
	<label downloading	="Scaricamento in corso..."/>
	<label installing	="Installazione in corso..."/>
	<label extracting	="Estrazione in corso..."/>
	<label progress		="Avanzamento"/>
	<label updateType	="Tipo di aggiornamento"/>
	<label recommended	="Consigliato"/>
	<label required		="Obbligatorio"/>

	<label bitsLong			="bit"/>
	<label bitsShort		="b"/>
	<label bytesLong		="byte"/>
	<label bytesShort		="B"/>
	<label kiloLong			="Kilo"/>
	<label kiloShort		="K"/>
	<label kilobytesShort	="KB"/>
	<label kilobytesLong	="Kilobyte"/>
	<label megaLong			="Mega"/>
	<label megaShort		="M"/>
	<label megabytesShort	="MB"/>
	<label megabytesLong	="Megabyte"/>
	<label gigaLong			="Giga"/>
	<label gigaShort		="G"/>
	<label gigabytesShort	="GB"/>
	<label gigabytesLong	="Gigabyte"/>
	<label teraLong			="Tera"/>
	<label teraShort		="T"/>
	<label terabytesShort	="TB"/>
	<label terabytesLong	="Terabyte"/>

	<label downloadSpeed	="Velocità di scaricamento"/>
	<label timeRemaining	="Tempo rimanente"/>

	<label secondShort		="s"/>
	<label secondLong		="secondo"/>
	<label secondsLong		="secondi"/>
	<label minuteShort		="min"/>
	<label minuteLong		="minuto"/>
	<label minutesLong		="minuti"/>
	<label hourShort		="hr"/>
	<label hoursLong		="ora"/>
	<label hoursLong		="ore"/>

	<label unknown					="Sconosciuto"/>
	<label overallProgress			="Avanzamento generale..."/>
	<label gettingManifest			="Scaricamento della descrizione dell'installazione in corso..."/>
	<label inspectingInstallation	="Analisi dell'installazione corrente in corso..."/>
	<label preparingToInstallFiles	="Preparazione dell'installazione dei file in corso..."/>
	<label doingUpdates				="Download e installazione delle impostazioni internazionali in corso..."/>
	<label confirmCancel			="Annullare?"/>

	<label AU_usageString			="USO&#13;=======&#13;CIPCLocaleDownloader parameterName1=&lt;parameterValue1&gt; parameterName2=&lt;parameterValue2&gt; ...&#13;&#13;PARAMETRI:&#13;Specificare httpServer/tftpServer, installFolder, manifestFile&#13;I parametri opzionali sono mode, waitWindow e postUpdateScript&#13;I parametri non effettuano distinzione di ordine né di maiuscole/minuscole&#13;&#13;Es:&#13;CIPCLocaleDownloader httpServer=http://www.serverWeb.com/Communicator installFolder=&quot;D:\Programmi\ACME\Studio ACME&quot; mode=install waitWindow=&quot;Studio ACME&quot; postUpdateScript=Notepad.exe"/>
	<label AU_errorTitle			="Errore CIPCLocaleDownloader"/>
	<label AU_errorHeading			="Si è verificato un errore"/>
	<label AU_stackTrace			="Trace dello stack"/>
	<label AU_viewStackTrace		="Visualizza trace dello stack"/>
	<label AU_autoupdateComponentNotDefined	="Errore nel file di manifesto delle impostazioni internazionali CIPC - Componente delle impostazioni internazionali non definito"/>
	<label AU_closeWindowTitle		="Chiudere tutte le finestre con il seguente titolo"/>
	<label AU_endProcesses			="Prima di continuare, terminare i seguenti processi"/>

	<label AU_repairs					="Operazioni di ripristino"/>
	<label AU_repairsList				="I seguenti moduli contengono file mancanti o modificati"/>
	<label AU_requiredUpdates			="Aggiornamenti necessari"/>
	<label AU_requiredUpdatesList		="Sono disponibili aggiornamenti necessari per i seguenti moduli"/>
	<label AU_recommendedUpdates		="Aggiornamenti consigliati"/>
	<label AU_recommendedUpdatesList	="Sono disponibili aggiornamenti consigliati per i seguenti moduli"/>
	<label AU_chooseIndividualUpdates	="Specifica per ciascun modulo"/>
	<label AU_selectUpdate				="Applicare gli aggiornamenti consigliati al seguente modulo?"/>
	<label AU_installAny				="Installare gli aggiornamenti?"/>
	<label AU_module					="Modulo"/>
	<label AU_downloadSize				="Dimensione scaricamento"/>
	<label AU_wantToDoUpdates			="Sono disponibili alcuni aggiornamenti&#13;&#13;Scaricarli e installarli ora?" />

	<label AU_olderVersionInstalled		="È presente una versione precedente del file installato"/>
	<label AU_newerVersionInstalled		="È presente una versione più recente del file installato"/>
	<label AU_equalVersionInstalled		="È presente la stessa versione del file installato"/>
	<label AU_checksumMismatch			="Checksum del file non corrispondente al valore previsto"/>
	<label AU_olderFileInstalled		="Data di modifica o file installato precedente"/>
	<label AU_newerFileInstalled		="Data di modifica o file installato più recente"/>
	<label AU_modifiedDatesMatch		="Date di modifica corrispondenti"/>
	<label AU_unableToCompareFiles		="Impossibile confrontare i file"/>

	<label AU_Error_tftpHttpNotDefined			="Specificare tftpServer o httpServer"/>
	<label AU_Error_installFolderNotDefined		="Cartella di installazione non specificata"/>
	<label AU_Error_manifestFileNotDefined		="File manifest non specificato"/>
	<label AU_Error_downloadManifestFailed		="Impossibile scaricare il file manifest"/>
	<label AU_Error_invalidUpdateMode			="Modalità di aggiornamento non valida. Le modalità consentite sono Installazione e Query."/>
	<label AU_Error_errorInManifest				="File manifest danneggiato"/>
	<label AU_Error_cannotProceed				="Impossibile continuare il processo CIPCLocaleDownloader"/>
	<label AU_Error_invalidVersionString		="Stringa di versione non valida"/>
	<label AU_Error_fileNotFound				="File non trovato"/>
	<label AU_Error_unsupportedProtocol			="Protocollo di trasferimento non supportato o non valido"/>
	<label AU_Error_downloadedFileInvalid		="File scaricato non corrispondente alla descrizione"/>
	<label AU_Error_requiredUpdateFailed		="Impossibile installare gli aggiornamenti necessari per il seguente modulo"/>
	<label AU_Error_recommendedUpdateFailed		="Impossibile installare gli aggiornamenti consigliati per il seguente modulo"/>
	<label AU_Error_repairFailed				="Impossibile aggiornare il seguente modulo"/>
	<label AU_Error_preinstallFileInstall		="Esecuzione del file di preinstallazione non riuscita"/>
	<label AU_Error_postinstallFileInstall		="Esecuzione del file di postinstallazione non riuscita"/>
	<label AU_Error_moduleFileInstall			="Installazione dei file del modulo non riuscita"/>
	<label AU_Error_preinstallFileDownload		="Scaricamento dei file di preinstallazione non riuscito"/>
	<label AU_Error_postinstallFileDownload		="Scaricamento dei file di postinstallazione non riuscito"/>
	<label AU_Error_moduleFileDownload			="Scaricamento dei file del modulo non riuscito"/>
	<label AU_Error_preinstallFileInstall		="Esecuzione dei file di preinstallazione non riuscita"/>
	<label AU_Error_postinstallFileInstall		="Esecuzione dei file di postinstallazione non riuscita"/>
	<label AU_Error_moduleFileInstall			="Installazione dei file del modulo non riuscita"/>
	<label AU_Error_moduleSettingInstall		="Installazione delle impostazioni del modulo non riuscita"/>
	<label AU_Error_preinstallScript			="Lo script di preinstallazione ha restituito un errore"/>
	<label AU_Error_postinstallScript			="Lo script di postinstallazione ha restituito un errore"/>
	<label AU_Error_downloadFileError			="Impossibile scaricare il file"/>
	<label AU_Error_installFileError			="Impossibile installare il file"/>
	<label AU_Error_unableToChangeModifiedDate	="Impossibile modificare la data dell'ultima modifica"/>
	<label AU_Error_archiveFileMismatch			="File in archivio non corrispondente alla descrizione"/>
	<label AU_Error_archiveInstall				="Impossibile installare l'archivio"/>
	<label AU_Error_recommendedUpdateFailureList="Impossibile effettuare i seguenti aggiornamenti consigliati"/>
	<label AU_Error_autoUpdateCancelled			="CIPCLocaleDownloader annullato"/>

	<label AU_Error_HTTPTimeout					="Timeout HTTP"/>
	<label AU_Error_HTTPError					="Errore HTTP"/>
	<label AU_Error_HTTPConnectionClosed		="Connessione HTTP chiusa"/>

	<label AU_Error_xmlTagNotFound		="Tag XML non trovato"/>
	<label AU_Error_xmlDataNotFound		="Dati XML non trovati"/>
	
	<label AU_Error_failedToInitialize			="Impossibile inizializzare CIPCLocaleDownloader"/>
	<label AU_Error_ensureNoOtherApps			="Chiudere tutte le altre applicazioni e riprovare"/>

</CommunicatorStrings>