﻿<?xml version="1.0"?>

<ErrorReportStrings>
	
	<label ok			="OK"/>
	<label exit			="Esci"/>
	<label cancel			="Annulla"/>
	<label errorHeading		="Errore"/>
	<label stackTrace		="Trace dello stack"/>
	<label viewStackTrace		="Visualizza trace dello stack"/>

	<label name			="Nome"/>
	<label extension		="Estensione Cisco IP Communicator"/>
	<label problemTime		="Ora dell'errore"/>
	<label problemDetails		="Dettagli problema"/>
	<label specifyAllFields		="Specificare tutti i campi"/>

	<label ERT_usageString			="USO&#13;=======&#13;AutoUpdate parameterName1=&lt;parameterValue1&gt; parameterName2=&lt;parameterValue2&gt; ...&#13;&#13;PARAMETRI:&#13;Specificare httpServer/tftpServer, installFolder, manifestFile&#13;I parametri opzionali sono mode, waitWindow e postUpdateScript&#13;I parametri non effettuano distinzione di ordine né di maiuscole/minuscole&#13;&#13;Es:&#13;AutoUpdate httpServer=http://www.webserver.com/Communicator installFolder=&quot;D:\Program Files\ACME Systems\ACME Studio&quot; mode=install waitWindow=&quot;ACME Studio&quot; postUpdateScript=Notepad.exe"/>
	<label ERT_errorTitle			="Strumento di segnalazione errori - Errore"/>
	<label ERT_endMessage			="Lo strumento di segnalazione errori ha raccolto le informazioni necessarie&#13;L'ubicazione viene indicata di seguito&#13;È necessario eliminare questo file quando queste informazioni non sono più necessarie"/>
	<label ERT_gatheringSystemInfo		="Raccolta informazioni sul sistema in corso..."/>
	<label ERT_gatheringAppConfig		="Raccolta configurazione dell'applicazione in corso..."/>
	<label ERT_gatheringAppLogs		="Raccolta registri dell'applicazione in corso..."/>
	<label ERT_gatheringInstallLogs		="Raccolta registri dell'installazione in corso..."/>
	<label ERT_gatheringAutoUpdateLogs	="Raccolta registri di AutoUpdate in corso..."/>
	<label ERT_gatheringCrashDumpLogs	="Raccolta registri di dettagli arresto anomalo in corso..."/>
	<label ERT_logsGathered			="Raccolta di informazioni completata"/>
	<label ERT_enterProblemDescription	="Immettere la descrizione del problema"/>
	<label ERT_windowTitle			="Segnalazione errori di Cisco IP Communicator"/>
	<label ERT_unableToZip			="Impossibile comprimere i file necessari"/>
	<label ERT_unableToChangeDirectory	="Impossibile modificare la directory della seguente cartella"/>
	<label ERT_unableToCopyFiles		="Impossibile copiare i seguenti file"/>
	<label ERT_SoftPhoneSENotFound		="Impossibile individuare l'installazione di Cisco IP Communicator&#13;Verificare che sia correttamente installata"/>
	<label ERT_RemoveConfig			="Rimuovere la configurazione esistente?"/>
	<label ERT_RemoveLogs			="Rimuovere i registri esistenti?"/>
	<label ERT_RemoveAction			="Rimozione in corso..."/>
	<label ERT_DeleteAction			="Eliminazione in corso..."/>

</ErrorReportStrings>