﻿<?xml version="1.0"?>
<CommunicatorStrings>
	<label rtlFlag="0"/>
	<label ok="OK"/>
	<label cancel="Annulla"/>
	<label apply="Applica"/>
	<label applyToAll="Applica a tutti"/>
	<label verify="Verifica"/>
	<label yes="Sì"/>
	<label no="No"/>
	<label yesToAll="Sì a tutti"/>
	<label noToAll="No a tutti"/>
	<label abort="Interrompi"/>
	<label retry="Riprova"/>
	<label error="Errore"/>
	<label edit="Modifica"/>
	<label exit="Esci"/>
	<label close="Chiudi"/>
	<label move="Sposta"/>
	<label view="Visualizza"/>
	<label update="Aggiorna"/>
	<label help="?"/>
	<label about="Informazioni su Cisco IP Communicator"/>
	<label proceed="Continua"/>
	<label next="Avanti"/>
	<label back="Indietro"/>
	<label show="Mostra Cisco IP Communicator"/>
	<label hide="Nascondi Cisco IP Communicator"/>
	<label AGNT_checkAutoUpdate="Verifica nuova aggiornamenti"/>
	<label finish="Fine"/>
	<label accept="Accetta"/>
	<label acceptAll="Accetta tutti"/>
	<label reject="Rifiuta"/>
	<label rejectAll="Rifiuta tutti"/>
	<label none="Nessuno"/>
	<label network="Rete"/>
	<label user="Utente"/>
	<label java="Java"/>
	<label audio="Audio"/>
	<label advAudio="Audio avanzato"/>
	<label directories="Rubriche "/>
	<label ldapSettings="Impostazioni rubrica LDAP"/>
	<label ldapUserName="Nome utente:"/>
	<label ldapPassword="Password:"/>
	<label wave="Wave"/>
	<label kernelStreaming="Flusso kernel"/>
	<label itu="ITU"/>
	<label ciscoIPPhone="Telefono IP di Cisco"/>
	<label speakerphone="Altoparlante"/>
	<label headset="Cuffia"/>
	<label handset="Ricevitore"/>
	<label ringer="Suoneria"/>
	<label hid="Dispositivo Human Interface (HID)"/>
	<label status="Stato"/>
	<label title="Cisco IP Communicator"/>
	<label autoUpdate="AutoUpdate"/>
	<label skins="Interfacce"/>
	<label screenOnly="Solo schermo"/>
	<label alwaysOnTop="Sempre in primo piano"/>
	<label startPhone="Avvia telefono"/>
	<label stopPhone="Interrompi telefono"/>
	<label atwMenu="Regolazione guidata audio"/>
	<label quickSearchMenu="Ricerca rapida..."/>
	<label ciscoUserOptions="Opzioni utente Unified CM"/>
	<label preferences="Preferenze..."/>
	<label userGuide="Manuale dell'utente"/>
	<label DLG_Settings="Preferenze"/>
	<label default="Predefinito"/>
	<label file="File"/>
	<label module="Modulo"/>
	<label archive="Archivia"/>
	<label progress="Avanzamento"/>
	<label updateType="Tipo di aggiornamento"/>
	<label recommended="Consigliato"/>
	<label required="Obbligatorio"/>
	<label statStarting="Avvio di %s"/>
	<label statInstalling="Installazione di %s"/>
	<label statInitializing="Inizializzazione di %s"/>
	<label statReading="Lettura di %s"/>
	<label statConnectTFTP="Connessione al server TFTP"/>
	<label cdpDriver="CDP"/>
	<label questionMark="?"/>
	<label mtDriver="Audio"/>
	<label localSettings="Impostazioni locali"/>
	<label networkSettings="Impostazioni di rete"/>
	<label hibernateWarning="Se l'attività del computer viene sospesa ora, Cisco IP Communicator disconnetterà la chiamata in corso. Interrompere la sospensione dell'attività?"/>
	<label closeWarning="Se si esce ora, Cisco IP Communicator disconnetterà la chiamata in corso. Uscire?"/>
	<label configWarning="Se si modificano le preferenze ora, Cisco IP Communicator disconnetterà la chiamata in corso. Continuare?"/>
	<label configError="Un dispositivo audio è stato rimosso durante una chiamata. La chiamata attiva verrà disconnessa."/>
	<label undockWarning="Se il computer viene sbloccato adesso, Cisco IP Communicator disconnetterà la chiamata corrente. Interrompere lo sblocco del computer?"/>
	<label endSessionWarning="Se si termina ora la sessione Windows, Cisco IP Communicator disconnetterà la chiamata in corso. Terminare la sessione?"/>
	<label INF_infoCaption="Cisco IP Communicator - Informazioni"/>
	<label INF_TFTPRestart="Impossibile riavviare Cisco IP Communicator. Riavviare manualmente l'applicazione."/>
	<label needReboot="Cisco IP Communicator ha installato un nuovo software. Per completare l'installazione, riavviare il computer."/>
	<label fetchingDirectories="Recupero delle informazioni della rubrica LDAP in corso"/>
	<label fetchingDialingRules="Recupero delle regole di composizione in corso"/>
	<label restartForLocaleChange="Riavviare Communicator per applicare le modifiche alla lingua"/>
	<label copyright="Copyright © 2004-2011Cisco Systems, Inc. Tutti i diritti riservati."/>
	<label copyrightSplash="© 2011  Cisco Systems, Inc. Tutti i diritti riservati. Informazioni su crittografia, importazione, utilizzo e Supply Advisory sono disponibili nel menu della guida sotto 'Informazioni su Cisco IP Communicator.' "/>
	<label versionSplash="Versione "/>
	<label versionCdp="Versione del driver CDP:"/>
	<label versionCpmt="Versione del motore vocale:"/>
	<label Notices="Avvisi e dichiarazioni di non responsabilità di Cisco:"/>
	<label NoticesText="***AVVISO IMPORTANTE RELATIVO ALLE CHIAMATE A NUMERI DI EMERGENZA - LEGGERE CON ATTENZIONE***&#13;&#10;&#13;&#10;In caso di telefonate al numero di emergenza, la tecnologia softphone potrebbe non fornire i dati di provenienza geografica con sufficiente tempestività o precisione. È possibile che le chiamate vengano inoltrate a un centro di risposta di emergenza sbagliato o che il centro commetta degli errori nel rilevare la provenienza della chiamata. UTILIZZARE UN SOFTPHONE A PROPRIO RISCHIO E PERICOLO DURANTE UNA SITUAZIONE DI EMERGENZA. Cisco non sarà responsabile per eventuali errori o ritardi.&#13;&#10;&#13;&#10;&#13;&#10;***AVVISO RELATIVO AL CONTENUTO CON CRITTOGRAFIA AVANZATA***&#13;&#10;&#13;&#10;Il presente prodotto include funzioni di crittografia ed è soggetto alle leggi vigenti negli Stati Uniti o nel paese locale che governano l'importazione, l'esportazione, il trasferimento e l'uso. La fornitura di prodotti crittografici di Cisco non conferisce a terzi l'autorizzazione a importare, esportare, distribuire o utilizzare crittografia. È responsabilità degli importatori, degli esportatori, dei distributori e degli utenti rispettare le leggi vigenti negli Stati Uniti o nel paese locale. Utilizzando il prodotto l'utente accetta di osservare tutte le leggi e le normative applicabili. In caso di mancato rispetto delle leggi degli Stati Uniti o locali, l'utente dovrà restituire immediatamente il prodotto.&#13;&#10;&#13;&#10;&#13;&#10;Un compendio delle leggi statunitensi che disciplinano i prodotti crittografici di Cisco è disponibile all'indirizzo:&#13;&#10;&#13;&#10;http://www.cisco.com/wwl/export/crypto/tool/stqrg.html&#13;&#10;&#13;&#10;Per ulteriori informazioni, contattare Cisco tramite e-mail all'indirizzo export@cisco.com.&#13;&#10;&#13;&#10;&#13;&#10;***AVVISO RELATIVO ALLO STRUMENTO DI SEGNALAZIONE DEI PROBLEMI***&#13;&#10;&#13;&#10;Strumento di segnalazione problemi accederà sul computer a registri che potrebbero contenere dati di contatto, contenuto di messaggi immediati, numeri di telefono e altre informazioni che potrebbero essere utilizzate per identificare l'utente o altre persone. Queste informazioni sono necessarie durante il processo di diagnostica per determinare la causa del problema tecnico segnalato. I registri potrebbero venire trasferiti oltre confine e archiviati temporaneamente come parte del processo di diagnostica. Utilizzando Strumento di segnalazione problemi, si accetta di fornire i registri a Cisco per consentire la risoluzione di problemi tecnici relativi a Cisco IP Communicator. "/>
		
	<label ERR_alreadyRunning="Cisco IP Communicator è già in esecuzione"/>
	<label ERR_exception="Eccezione"/>
	<label ERR_exceptionCaption="Communicator - Errore di eccezione"/>
	<label ERR_notDib="Problema con l'interfaccia corrente: il file bitmap non è in formato DIB"/>
	<label ERR_notOS2Supported="Problema con l'interfaccia corrente: il formato bitmap OS2 non è supportato"/>
	<label ERR_invalidSkin="Il file di interfaccia corrente non è valido"/>
	<label ERR_invalidButton="Il file di interfaccia corrente include un pulsante non valido"/>
	<label ERR_noStreamDev="Nessun dispositivo audio compatibile installato sul computer. Fare clic su 'OK' per uscire."/>
	<label ERR_noRingDev="Nessun dispositivo audio compatibile installato sul computer. Fare clic su 'OK' per uscire."/>
	<label ERR_noNetworkDev="Nessuna interfaccia di rete compatibile sul computer. Installare un'interfaccia di rete."/>
	<label ERR_noJVM="Percorso JVM non configurato. Impossibile eseguire JVM in modalità DEBUG."/>
	<label ERR_invokeJVM="Impossibile richiamare JVM - JNI_CreateJavaVM()"/>
	<label ERR_noVenderInfo="Nessuna informazione sul fornitore nel file di configurazione"/>
	<label ERR_mismatchMAC="Interfaccia di rete da registrare con Cisco CallManager mancante o disabilitata. Selezionare 'OK' se l'interfaccia è stata rimossa intenzionalmente e scegliere una nuova interfaccia o 'Annulla' per uscire."/>
	<label ERR_mismatchVPN="Indirizzo IP dell'interfaccia di rete scelta per l'audio non valido. Selezionare 'OK' per scegliere un'interfaccia diversa o 'Annulla' per uscire."/>
	<label ERR_noNetAdapterCC="Selezionare un'interfaccia di rete da registrare con Cisco CallManager. L'interfaccia predefinita è stata scelta automaticamente."/>
	<label ERR_deviceNameLength="Nome dispositivo non valido. Il nome del dispositivo deve essere costituito da un massimo di 15 caratteri e deve contenere solo i caratteri [a-z A-Z 0-9._-]." />
	<label ERR_noNetAdapterVPN="Selezionare un'interfaccia di rete per l'audio."/>
	<label ERR_noTFTPServer="Impossibile raggiungere il server TFTP."/>
	<label ERR_cannotReadSettings="Impossibile leggere le impostazioni"/>
	<label ERR_networkAdaptorAbsent="Impossibile trovare la scheda di rete necessaria per la registrazione"/>
	<label ERR_badHostNameSpecified="Nome host errato specificato nelle preferenze"/>
	<label ERR_badNetworkInterfaceSpecified="Interfaccia di rete errata specificata nelle preferenze"/>
	<label ERR_cannotInitializeGraphics="Impossibile inizializzare il display"/>
	<label ERR_cannotInitializeMedia="Impossibile inizializzare il supporto"/>
	<label ERR_cannotStartCdp="Impossibile inizializzare il supporto per il servizio Cisco Emergency Responder. Rivolgersi all'amministratore di sistema."/>
	<label ERR_cannotInitializeKeyboard="Impossibile inizializzare le mappature della tastiera"/>
	<label ERR_cannotInitializeGUI="Impossibile inizializzare l'interfaccia utente grafica"/>
	<label ERR_cannotAutoUpdate="Impossibile verificare gli aggiornamenti"/>
	<label ERR_invalidDeviceLoad="Carico del dispositivo non valido"/>
	<label ERR_wrongAutoUpdatePath="Il seguente percorso di AutoUpdate non è supportato:"/>
	<label ERR_invalidPortRange="Intervallo porte specificato non valido. Può essere compreso solo tra 1 e 65536. Immettere un valore valido e fare clic su 'OK'."/>
	<label ERR_cannotLaunchCVTA="Impossibile avviare Cisco Unified Video Advantage."/>
	<label ERR_cvtaNotFound="È necessario utilizzare Cisco Unified Video Advantage versione 2.0(1) o successiva."/>
	<label ERR_checkDevicePreferences="Verificare le preferenze del dispositivo audio siano corrette utilizzando Regolazione guidata audio o dal menu Preferenze."/>	
	<label ERR_invalidTFTPServer="L'indirizzo del server TFTP contiene un campo vuoto."/>
	<label ERR_invalidAudioIP="L'indirizzo IP audio contiene un campo vuoto."/>

	<label DLG_ND_Label="Immettere il nome o il numero da comporre"/>
	<label DLG_ND_MessageNone="Nessuna corrispondenza"/>
	<label DLG_ND_MessageOne="Una corrispondenza"/>
	<label DLG_ND_Message25="Sono state trovate più corrispondenze. I risultati sono elencati di seguito."/>
	<label DLG_ND_Message25p="Sono state trovate più corrispondenze. I primi %d risultati sono elencati di seguito. Ottimizzare la ricerca per visualizzare risultati più rilevanti."/>
	<label DLG_ND_MultipleMatches="Più risultati della ricerca"/>
	<label DLG_ND_TooManyMatches="Troppi risultati della ricerca"/>
	<label DLG_ND_RefineSearch="Visualizzazione dei primi %d elementi. Si consiglia di ottimizzare la ricerca"/>
	<label DLG_ND_QuickSearch="Ricerca rapida"/>
	<label DLG_ND_QuickDial="Composizione veloce"/>
	<label DLG_ND_Search="Cerca"/>
	<label DLG_ND_Dial="Seleziona"/>
	<label DLG_ND_First="Nome"/>
	<label DLG_ND_Last ="Cognome"/>
	<label DLG_ND_EMail="E-mail"/>
	<label DLG_ND_Number="Numero"/>
	<label DLG_ND_Mobile="Cellulare"/>
	<label DLG_ND_ThereWereErrors="Errori rilevati"/>
	<label DLG_ND_Label="Cerca..."/>
	<label ERR_ND_NoSearchBase="Base di ricerca LDAP non specificata"/>
	<label ERR_ND_NoUserName="Errore di autenticazione LDAP: nome utente non specificato"/> 
	<label ERR_ND_ConnectFailed="Impossibile aprire la connessione LDAP al server"/>
	<label ERR_ND_AuthFailed="Accesso non riuscito. Verificare nome utente/password"/>
	<label ERR_ND_FileError="Errore file durante scrittura dei risultati LDAP"/>
	<label ERR_ND_NoSelection="Non è stata effettuata una selezione"/>
	<label ERR_ND_NoPhoneNumbers="La voce selezionata non include numeri di telefono"/>

	<label DLG_ChoosePhoneNumber="Scegli un numero di telefono"/>
	<label DLG_CPN_Message="Sono stati trovati più numeri di telefono. Selezionare il numero da comporre."/>

	<label DLG_NW_TFTPServerGroup="Server TFTP"/>
	<label DLG_NW_ConnConfig="Impostazioni CallManager"/>
	<label DLG_NW_AutoTftp="Usa i server TFTP predefiniti"/>
	<label DLG_NW_CustomTftp="Usa questi server TFTP:"/>
	<label DLG_NW_TFTP1="Server TFTP 1:"/>
	<label DLG_NW_TFTP2="Server TFTP 2:"/>
	<label DLG_NW_DeviceNameGroup="Nome dispositivo"/>
	<label DLG_NW_DeviceName="Nome dispositivo:"/>
	<label DLG_NW_NetAdapter="Scheda di rete:"/>
	<label DLG_NW_RadioNetAdapter="Usa scheda di rete per generare nome dispositivo"/>
	<label DLG_NW_RadioUseDeviceName="Usa questo nome di dispositivo"/>
	<label DLG_NW_StaticUseThisDeviceName="Usa questo nome di dispositivo:"/>

	<label DLG_Audio_Use729="Ottimizza per banda ridotta"/>
	<label DLG_Audio_UseDefaultDevices="Usa dispositivi predefiniti"/>
	<label DLG_Audio_Advanced="Avanzate..."/>
	<label DLG_Audio_Network="Rete..."/>
	<label DLG_Audio_Selections="Dispositivi per modalità audio"/>
	<label DLG_Ringer_Selection="Dispositivo per suoneria"/>

	<label DLG_AdvancedAudioSettings="Impostazioni audio avanzate"/>
	<label DLG_AudioAdv_Sidetone="Volume effetto locale"/>
	<label DLG_AudioAdv_EnableSidetone="Abilita effetto locale"/>
	<label DLG_AudioAdv_Slider="-                        0                       +"/>
	<label DLG_AudioAdv_Microphone="Incremento volume microfono"/>
	<label DLG_AudioAdv_Filters="Filtri"/>
	<label DLG_AudioAdv_Mode="Modalità:"/>
	<label DLG_AudioAdv_PlayFilter="Input vocale:"/>
	<label DLG_AudioAdv_RecordFilter="Output vocale:"/>
	<label DLG_AudioAdv_LimitVolume="Volume limite"/>
	<label DLG_AudioAdv_AudioLatency="Qualità audio e prestazioni"/>
	<label DLG_AudioAdv_AudioLatencyLow="Ottima (ritardo basso)"/>
	<label DLG_AudioAdv_AudioLatencyMedium="Molto buona (ritardo medio)"/>
	<label DLG_AudioAdv_AudioLatencyHigh="Buona (ritardo alto)"/>
	<label DLG_AudioAdv_SilenceSuppression="Eliminazione silenzio"/>
	<label DLG_AudioAdv_SsDisabled="Disabilitata (non consigliata)"/>
	<label DLG_AudioAdv_NoiseSuppression="Soppressione rumore"/>
	<label DLG_AudioAdv_Aggressiveness="Livello di aggressività"/>
	<label DLG_AudioAdv_AggressivenessLeast="Minimo"/>
	<label DLG_AudioAdv_AggressivenessMedium="Medio"/>
	<label DLG_AudioAdv_AggressivenessMost="Massimo"/>
	<label DLG_AudioAdv_AggressivenessLow="Basso"/>
	<label DLG_AudioAdv_AggressivenessModerate="Moderato"/>
	<label DLG_AudioAdv_AggressivenessHigh="Alto"/>
	<label DLG_AudioAdv_AggressivenessVeryHigh="Molto alto"/>

	<label DLG_AudioAdv_AGC="Controllo guadagno automatico"/>
	<label DLG_AudioAdv_EC="Eliminazione eco"/>
	<label DLG_AudioAdv_Enabled="Attivato"/>
	<label DLG_AudioAdv_Disabled="Disattivato"/>
	<label DLG_AudioAdv_Auto="Automatico"/>
	<label DLG_AudioAdv_Analog="Analogico"/>
	<label DLG_AudioAdv_Digital="Digitale"/>
	<label DLG_AudioAdv_Both="Entrambi"/>
	<label DLG_AudioAdv_Cancellation="Eliminazione"/>
	<label DLG_AudioAdv_Suppression="Soppressione"/>
	<label DLG_AudioAdv_UseInput="Usa valore input"/>

	<label DLG_NWA="Impostazioni audio rete"/>
	<label DLG_NWA_AudioIP="Indirizzo IP audio"/>
	<label DLG_NWA_AutoDetectIP="Rileva automaticamente"/>
	<label DLG_NWA_SelectInterface="Usa indirizzo di questa scheda:"/>
	<label DLG_NWA_UseThisIP="Usa questo indirizzo:"/>
	<label DLG_NWA_PortRange="Intervallo porte audio"/>
	<label DLG_NWA_AutoSelectPort="Usa intervallo porte predefinito"/>
	<label DLG_NWA_SpecifyPort="Usa questo intervallo porte:"/>
	<label DLG_NWA_PortFrom="Da:"/>
	<label DLG_NWA_PortTo="A:"/>

	<label DLG_USR_usrInfo="Informazioni utente"/>
	<label DLG_USR_usrID="Nome utente:"/>
	<label DLG_USR_password="Password:"/>
	<label DLG_USR_usrInput="Input utente"/>
	<label DLG_USR_usbHandset="Ricevitore USB:"/>
	<label DLG_USR_trace="Risoluzione dei problemi"/>
	<label DLG_USR_traceEnable="Abilita registrazione"/>
	<label DLG_USR_CloseHidesApp="Nascondi applicazione alla chiusura"/>
	<label DLG_USR_BringToFront="Porta in primo piano in caso di chiamata attiva"/>
	<label DLG_USR_DisableToast="Nascondi notifica della chiamata in arrivo"/>
	<label DLG_USR_EnableAnswerHotkey="Attiva risposta con tasto di scelta rapida"/>
	<label DLG_USR_UserOptionsGroup="Indirizzo della pagina Opzioni utente Cisco Unified CM"/>
	<label DLG_USR_AutoUserOptions="Usa predefinito (server TFTP)"/>
	<label DLG_USR_SpecifyUserOptions="Usa URL specifico"/>

	<label SKINS_Main_MessageWaiting="Messaggio in attesa"/>
	<label SKINS_ButtonSets_Close="Chiudi"/>
	<label SKINS_ButtonSets_Minimize="Riduci"/>
	<label SKINS_ButtonSets_Mode="Modalità"/>
	<label SKINS_ButtonSets_Menu="Menu"/>
	<label SKINS_lines_Line1="Linea 1"/>
	<label SKINS_lines_Line2="Linea 2"/>
	<label SKINS_lines_Line3="Linea 3"/>
	<label SKINS_lines_Line4="Linea 4"/>
	<label SKINS_lines_Line5="Linea 5"/>
	<label SKINS_lines_Line6="Linea 6"/>
	<label SKINS_lines_Line7="Linea 7"/>
	<label SKINS_lines_Line8="Linea 8"/>
	<label SKINS_keypad_One="Uno"/>
	<label SKINS_keypad_Two="Due"/>
	<label SKINS_keypad_Three="Tre"/>
	<label SKINS_keypad_Four="Quattro"/>
	<label SKINS_keypad_Five="Cinque"/>
	<label SKINS_keypad_Six="Sei"/>
	<label SKINS_keypad_Seven="Sette"/>
	<label SKINS_keypad_Eight="Otto"/>
	<label SKINS_keypad_Nine="Nove"/>
	<label SKINS_keypad_Star="Asterisco"/>
	<label SKINS_keypad_Zero="Zero"/>
	<label SKINS_keypad_Pound="Cancelletto"/>
	<label SKINS_softkeys_Softkey1="Softkey 1"/>
	<label SKINS_softkeys_Softkey2="Softkey 2"/>
	<label SKINS_softkeys_Softkey3="Softkey 3"/>
	<label SKINS_softkeys_Softkey4="Softkey 4"/>
	<label SKINS_softkeys_Softkey5="Softkey 5"/>
	<label SKINS_features_Messages="Messaggi"/>
	<label SKINS_features_Services="Servizi"/>
	<label SKINS_features_Settings="Impostazioni"/>
	<label SKINS_features_Directories="Rubriche"/>
	<label SKINS_features_Information="?"/>
	<label SKINS_controls_Headset="Cuffia"/>
	<label SKINS_controls_Mute="Mute"/>
	<label SKINS_controls_Speaker="Altoparlante"/>
	<label SKINS_controls_VolumeDown="Riduzione volume"/>
	<label SKINS_controls_VolumeUp="Aumento volume"/>
	<label SKINS_navigation_Navigation="Navigazione"/>
	<label SKINS_navigation_Up="In alto"/>
	<label SKINS_navigation_Down="In basso"/>
	<label SKINS_navigation_Left="Sinistra"/>
	<label SKINS_navigation_Right="Destra"/>

	<label DLG_AUDIO_LatencyOptimization="Ottimizzazione latenza"/>
	<label DLG_AUDIO_LowDelay="Ritardo basso"/>
	<label DLG_AUDIO_MediumDelay="Ritardo medio"/>
	<label DLG_AUDIO_HighDelay="Ritardo alto"/>
	<label DLG_AUDIO_VeryHighDelay="Ritardo molto alto"/>
	<label DLG_AUDIO_LowestLatency="Minima latenza"/>
	<label DLG_AUDIO_HighestLatency="Massima latenza"/>
	<label DLG_AUDIO_Default="Impostazione predefinita"/>
	<label DLG_AUDIO_Recommended="Si consiglia di utilizzare prima le impostazioni minime ed eventualmente continuare con l'impostazione successiva."/>
	<label DLG_AUDIO_Speaker="Altoparlante"/>	
	<label DLG_AUDIO_Mic="Microfono"/>
	<label DLG_AUDIO_SpeakerBuffer="Numero di buffer altoparlante"/>
	<label DLG_AUDIO_MicBuffer="Numero di buffer microfono"/>

	<label DLG_TRACE_Tracing="Trace"/>
	<label DLG_TRACE_GUI="GUI"/>
	<label DLG_TRACE_CallControl="Controllo chiamate"/>
	<label DLG_TRACE_Media="Audio"/>
	<label DLG_TRACE_CDP="CDP"/>
	<label DLG_TRACE_ATW="Regolazione guidata audio"/>
	<label DLG_TRACE_R2d="Abilita display telefono"/>
	<label DLG_TRACE_Levels="Livelli trace"/>
	<label DLG_TRACE_Errors="Errori"/>
	<label DLG_TRACE_Detailed="Dettagliato"/>
	<label DLG_TRACE_Low="Basso"/>
	<label DLG_TRACE_Med="Medio"/>
	<label DLG_TRACE_High="Alto"/>
	<label DLG_TRACE_All="Tutto"/>

	<label DLG_L10N_Language="Lingua"/>
	<label DLG_L10N_Locale="Impostazioni internazionali"/>

	<label ChangeInterfaceWarningText="La modifica dell'interfaccia di rete può interrompere il funzionamento di Cisco IP Communicator. Rivolgersi all'amministratore di sistema prima di modificare questo parametro."/>
	<label ChangeInterfaceWarningCaption="Avviso"/>

	<label ChangeProtocolWarningText="Il protocollo di controllo delle chiamate per il dispositivo è stato modificato. Far clic su 'OK' per riavviare Cisco IP Communicator."/>
	<label JPhoneStartupErrorText="Inizializzazione dell'applicazione telefonica non riuscita. Cisco IP Communicator verrà chiuso. Riavviare Cisco IP Communicator?"/>
	<label AutoUpdateNeedUpdatesText="Sono disponibili aggiornamenti per Cisco IP Commnunicator. L'applicazione deve essere chiusa durante il processo di aggiornamento. Continuare con l'aggiornamento?"/>

	<label CheckingLocaleUpdates="Verifica di eventuali modifiche alle impostazioni internazionali in corso..."/>

<!-- ETOUCH -->
	<label Paste="Incolla"/>
	<label AnswerCall="Rispondi"/>
	<label IgnoreCall="Ignora"/>
	<label UnknownCaller="Sconosciuto"/>
<!-- ETOUCH -->
	<SkinLocMap>
		<entry file="Default" name="Modalità predefinita" />
		<entry file="Mercurio" name="Modalità compatta" />
	</SkinLocMap>

</CommunicatorStrings>