<?xml version="1.0" encoding="UTF-8"?>
<TuningWizardStrings>
	<label rtlFlag="0"/>
        <label discardChanges= "Завершить работу без сохранения изменений?"/>

        <label noPlay        = "Настройка воспроизведения на этом устройстве с помощью мастера настройки аудиоустройств невозможна. Возможно, это устройство несовместимо с Cisco IP Communicator."/>

        <label unmute        = "Для устройства %s была отключена громкость; однако данная неполадка устранена с помощью мастера настройки аудиоустройств. Если воспроизведение пробного аудиосигнала по-прежнему невозможно, вероятно, данное устройство несовместимо с Cisco IP Communicator."/>

        <label noMicInput    = "Настройка записи аудиосигнала на устройстве %s с помощью мастера настройки аудиоустройств невозможна. Возможно, это устройство несовместимо с Cisco IP Communicator."/>

        <label setMicInput   = "Для устройства %s не была настроена звукозапись с микрофона; однако данная неполадка устранена с помощью мастера настройки аудиоустройств. Если звукозапись по-прежнему невозможна, вероятно, данное устройство несовместимо с Cisco IP Communicator."/>

        <label unmuteMic     = "Для устройства %s был отключен микрофон; однако данная неполадка устранена с помощью мастера настройки аудиоустройств. Если звукозапись по-прежнему невозможна, вероятно, данное устройство несовместимо с Cisco IP Communicator."/>

        <label MicInUse      = "Текущий контроль микрофона невозможен. Проверьте выполнение следующих условий: (1) отсутствует активный вызов; (2) микрофон не используется другим приложением; (3) микрофон не отключен"/>

        <label troubleshootmenu1    = "Параметры Mастера Hастройки Aудиоустройств и сведения об ошибке сохранены на устройстве %s"/>
        <label troubleshootmenu3    = "Запустить средство создания отчета о неполадках Cisco Unified?"/>

        <label missingdevice1    = "Устройство %s отсутствует или неправильно подключено. Подключите его заново и выберите ОК."/>
        <label missingdevice3    = "Для выбора другого устройства с помощью Mастера Hастройки выберите 'Отмена'."/>
	<label noSoundDevices    = "На данном компьютере не установлено ни одного совместимого аудиоустройства. Нажмите 'OK' для завершения работы."/> 
	<label devicesNotTuned = "Если аудиоустройства не настроены, они могут неправильно работать в Cisco IP Communicator. Отменить выполнение операции?"/> 
	
        <label copyright     = "© Корпорация Cisco Systems, 2004-2011. Все права защищены."/>

	<label title	     = "Мастер Hастройки Aудиоустройств"/>
        <label test          = "Тест"/>
        <label play          = "Воспроизведение"/>
        <label stop          = "Стоп"/>

        <label page1title    = "Мастер Hастройки Aудиоустройств - выбор аудиоустройств"/>
	<label headset       = "Гарнитура:"/>
	<label speakerphone  = "Динамик:"/>
	<label ringer        = "Звонок:"/>
	<label handset       = "Трубка:"/>

        <label page2title          = "Мастер Hастройки Aудиоустройств - регулировка громкости прослушивания для устройства %s"/>
	<label page2playbackdevice = "Устройство воспроизведения:"/>	
        <label page2wavevolume     = "Громкость воспроизведения звуковых файлов:"/>
        <label page2mastervolume   = "Базовая регулировка громкости:"/>
	<label page2enabled        = "Включено"/>

        <label page3title          = "Мастер Hастройки Aудиоустройств - регулировка громкости микрофона для устройства %s"/>
        <label page3device         = "Устройство записи:"/>
        <label page3finegain       = "Точная регулировка громкости:"/>
        <label page3coarsegain     = "Базовая регулировка громкости:"/>
        <label page3enable         = "Включить"/>
        <label page3highgain       = "Усиление микрофона"/>
        <label page3playback       = "Перегон"/>
        <label page4title    = "Мастер настройки аудиоустройств — оценка качества AEC для %s"/>

        <label checktitle    = "Мастер Hастройки Aудиоустройств - проверка параметров аудиоустройств"/>
        <label checkdisable  = "Больше не задавать этот вопрос"/>
        <label revert        = "Возврат"/>
        <label tune          = "Настроить"/>
	<label skip	     = "Пропустить"/>

        <label yes           = "Да"/>
        <label no            = "Нет"/>
        <label ok            = "ОК"/>
        <label cancel        = "Отмена"/>
        <label back          = "Назад"/>
        <label next          = "Далее"/>
        <label finish        = "Готово"/>
	  <label Help        = "Справка"/>
        <label Troubleshooting        = "Как исправить"/>
        <label About        = "O Мастерe Hастр. Aудиоустрoйств"/>
	<label UseDefaultDevices 	= "Использовать Windows устройства по умолчанию"/>
        <label errOpenSoundCard		= "Не удается изменить аудиоустройство на "/>
        
        <label AboutTitle		= "Сведения о мастере настройки аудио"/>
        <label Move		= "Переместить"/>
        <label Close		= "Закрыть"/>
        <label AlreadyRunning		= "В данный момент запущен другой экземпляр мастера настройки аудио!"/>
        <label FileOpenFailure		= "Не удалось открыть %s"/>
        <label MicInError		= "Ошибка: ввод через микрофон находится вне диапазона"/>


	<label checksettingshelp = "{\rtf1\ansi\ansicpg1251\deff0\deflang1049\deflangfe1049\deftab708{\fonttbl{\f0\fswiss\fprq2\fcharset204{\*\fname Arial;}Arial CYR;}{\f1\fswiss\fprq2\fcharset0 Arial;}{\f2\fnil\fcharset2 Symbol;}}
{\*\generator Msftedit 5.41.15.1507;}\viewkind4\uc1\pard\lang1033\f0\fs18\'cf\'e0\'f0\'e0\'ec\'e5\'f2\'f0\'fb \'ed\'e0\'f1\'f2\'f0\'ee\'e9\'ea\'e8 \'e7\'e2\'f3\'ea\'e0 \'e2 \'ea\'ee\'ec\'ef\'fc\'fe\'f2\'e5\'f0\'e5 \'e8\'e7\'ec\'e5\'ed\'e8\'eb\'e8\'f1\'fc \'e2\'f1\'eb\'e5\'e4\'f1\'f2\'e2\'e8\'e5 \'ed\'e0\'f1\'f2\'f0\'ee\'e9\'ea\'e8 \'e8\'f5 \'e4\'eb\'ff \'f0\'e0\'e1\'ee\'f2\'fb \'f1 Cisco IP Communicator.\par
\'c2\'fb\'e1\'e5\'f0\'e8\'f2\'e5 \'ee\'e4\'e8\'ed \'e8\'e7 \'e2\'e0\'f0\'e8\'e0\'ed\'f2\'ee\'e2:\par
\par
\pard{\pntext\f2\'B7\tab}{\*\pn\pnlvlblt\pnf2\pnindent0{\pntxtb\'B7}}\fi-720\li720\b\'c2\'e5\'f0\'ed\'f3\'f2\'fc\b0  \'e4\'eb\'ff \'e2\'ee\'f1\'f1\'f2\'e0\'ed\'ee\'e2\'eb\'e5\'ed\'e8\'ff \'f2\'e5\'f5 \'e7\'ed\'e0\'f7\'e5\'ed\'e8\'e9  \'ef\'e0\'f0\'e0\'ec\'e5\'f2\'f0\'ee\'e2 \'ed\'e0\'f1\'f2\'f0\'ee\'e9\'ea\'e8\par
\pard\f1                     \f0\'e7\'e2\'f3\'ea\'e0, \'ea\'ee\'f2\'ee\'f0\'fb\'e5 \'e1\'fb\'eb\'e8 \'e4\'ee \'ed\'e0\'f1\'f2\'f0\'ee\'e9\'ea\'e8\par
\pard{\pntext\f2\'B7\tab}{\*\pn\pnlvlblt\pnf2\pnindent0{\pntxtb\'B7}}\fi-720\li720\b\'cd\'e0\'f1\'f2\'f0\'ee\'e8\'f2\'fc\b0  \'e4\'eb\'ff \'ef\'f0\'ee\'f1\'ec\'ee\'f2\'f0\'e0 \'e8\'eb\'e8 \'e8\'e7\'ec\'e5\'ed\'e5\'ed\'e8\'ff \'f2\'e5\'ea\'f3\'f9\'e8\'f5 \'ef\'e0\'f0\'e0\'ec\'e5\'f2\'f0\'ee\'e2 \'ed\'e0\'f1\'f2\'f0\'ee\'e9\'ea\'e8 \'e7\'e2\'f3\'ea\'e0\par
\b{\pntext\f2\'B7\tab}\'ce\'f2\'ec\'e5\'ed\'e0\b0\f1  \f0\'e4\'eb\'ff\f1  \f0\'ef\'f0\'ee\'e4\'ee\'eb\'e6\'e5\'ed\'e8\'ff\f1  \f0\'f0\'e0\'e1\'ee\'f2\'fb\f1  \f0\'f1\f1  \f0\'f2\'e5\'ea\'f3\'f9\'e5\'e9\f1  \f0\'ed\'e0\'f1\'f2\'f0\'ee\'e9\'ea\'ee\'e9\f1  \f0\'e7\'e2\'f3\'ea\'ee\'e2\'fb\'f5\f1  \f0\'f3\'f1\'f2\'f0\'ee\'e9\'f1\'f2\'e2\f1\par
}
"/>

	<label checknewdevicehelp = "{\rtf1\ansi\ansicpg1251\deff0\deflang1049\deflangfe1049\deftab708{\fonttbl{\f0\fswiss\fprq2\fcharset204{\*\fname Arial;}Arial CYR;}{\f1\fswiss\fprq2\fcharset0 Arial;}{\f2\fnil\fcharset2 Symbol;}}
{\*\generator Msftedit 5.41.15.1507;}\viewkind4\uc1\pard\lang1033\f0\fs18\'d7\'e0\'f1\'f2\'fc \'e8\'e7 \'e2\'fb\'e1\'f0\'e0\'ed\'ed\'fb\'f5 \'e7\'e2\'f3\'ea\'ee\'e2\'fb\'f5 \'f3\'f1\'f2\'f0\'ee\'e9\'f1\'f2\'e2 \'f0\'e0\'ed\'e5\'e5 \'ed\'e5 \'ed\'e0\'f1\'f2\'f0\'e0\'e8\'e2\'e0\'eb\'e0\'f1\'fc \'e4\'eb\'ff \'f0\'e0\'e1\'ee\'f2\'fb \'f1 Cisco IP Communicator. \'c2\'fb\'e1\'e5\'f0\'e8\'f2\'e5 \'ee\'e4\'e8\'ed \'e8\'e7 \'e2\'e0\'f0\'e8\'e0\'ed\'f2\'ee\'e2:\par
\par
\pard{\pntext\f2\'B7\tab}{\*\pn\pnlvlblt\pnf2\pnindent0{\pntxtb\'B7}}\fi-720\li720\b\'cd\'e0\'f1\'f2\'f0\'ee\'e8\'f2\'fc\b0  \endash  \'e4\'eb\'ff \'ed\'e0\'f1\'f2\'f0\'ee\'e9\'ea\'e8 \'f3\'f1\'f2\'f0\'ee\'e9\'f1\'f2\'e2 \'e8\'eb\'e8 \'e2\'fb\'e1\'ee\'f0\'e0 \'e4\'f0\'f3\'e3\'e8\'f5 \'f3\'f1\'f2\'f0\'ee\'e9\'f1\'f2\'e2\par
\b{\pntext\f2\'B7\tab}\'ce\'f2\'ec\'e5\'ed\'e0\b0  \endash  \'e4\'eb\'ff \'ef\'f0\'ee\'e4\'ee\'eb\'e6\'e5\'ed\'e8\'ff \'f0\'e0\'e1\'ee\'f2\'fb \'f1 \'f2\'e5\'ea\'f3\'f9\'e8\'ec\'e8 \'ef\'e0\'f0\'e0\'ec\'e5\'f2\'f0\'e0\'ec\'e8 \'e0\'f3\'e4\'e8\'ee\'f3\'f1\'f2\'f0\'ee\'e9\'f1\'f2\'e2\f1\par
}
"/>

	<label page0help = "{\rtf1\ansi\ansicpg1251\deff0\deflang1049\deflangfe1049\deftab708{\fonttbl{\f0\fswiss\fprq2\fcharset204{\*\fname Arial;}Arial CYR;}{\f1\fswiss\fprq2\fcharset0 Arial;}}
{\*\generator Msftedit 5.41.15.1507;}\viewkind4\uc1\pard\lang1033\b\i\f0\fs18\'c2\'fb\'e1\'ee\'f0 \'e8 \'ed\'e0\'f1\'f2\'f0\'ee\'e9\'ea\'e0 \'e7\'e2\'f3\'ea\'ee\'e2\'fb\'f5 \'f3\'f1\'f2\'f0\'ee\'e9\'f1\'f2\'e2\b0\i0\par
\par
\'cf\'e5\'f0\'e5\'e4 \'ed\'e0\'f7\'e0\'eb\'ee\'ec \'ed\'e0\'f1\'f2\'f0\'ee\'e9\'ea\'e8:\par
\par
\'e7\'e0\'ea\'f0\'ee\'e9\'f2\'e5 \'e2\'f1\'e5 \'e4\'f0\'f3\'e3\'e8\'e5 \'ef\'f0\'ee\'e3\'f0\'e0\'ec\'ec\'fb, \'e2\'ee\'f1\'ef\'f0\'ee\'e8\'e7\'e2\'ee\'e4\'ff\'f9\'e8\'e5 \'e8\'eb\'e8 \'e7\'e0\'ef\'e8\'f1\'fb\'e2\'e0\'fe\'f9\'e8\'e5 \'e7\'e2\'f3\'ea, \'ed\'e0\'ef\'f0\'e8\'ec\'e5\'f0 \'ef\'f0\'ee\'e3\'f0\'e0\'ec\'ec\'f3 \lquote\'c7\'e2\'f3\'ea\'ee\'e7\'e0\'ef\'e8\'f1\'fc\rquote  Microsoft.\par
\par
\'d3\'e1\'e5\'e4\'e8\'f2\'e5\'f1\'fc, \'f7\'f2\'ee \'e7\'e2\'f3\'ea\'ee\'e2\'fb\'e5 \'f3\'f1\'f2\'f0\'ee\'e9\'f1\'f2\'e2\'e0 (\'e3\'e0\'f0\'ed\'e8\'f2\'f3\'f0\'fb, \'e4\'e8\'ed\'e0\'ec\'e8\'ea\'e8, \'ec\'e8\'ea\'f0\'ee\'f4\'ee\'ed \'e8 \'f2\'e5\'eb\'e5\'f4\'ee\'ed\'ed\'e0\'ff \'f2\'f0\'f3\'e1\'ea\'e0), \'ea\'ee\'f2\'ee\'f0\'fb\'e5 \'f2\'f0\'e5\'e1\'f3\'e5\'f2\'f1\'ff \'e8\'f1\'ef\'ee\'eb\'fc\'e7\'ee\'e2\'e0\'f2\'fc, \'ef\'ee\'e4\'f1\'ee\'e5\'e4\'e8\'ed\'e5\'ed\'fb \'e8 \'e2\'ea\'eb\'fe\'f7\'e5\'ed\'fb.\par
\par
\'cf\'f0\'e8 \'e8\'f1\'ef\'ee\'eb\'fc\'e7\'ee\'e2\'e0\'ed\'e8\'e8 \'e3\'e0\'f0\'ed\'e8\'f2\'f3\'f0\'fb \'f0\'e0\'f1\'ef\'ee\'eb\'ee\'e6\'e8\'f2\'e5 \'ec\'e8\'ea\'f0\'ee\'f4\'ee\'ed \'e3\'e0\'f0\'ed\'e8\'f2\'f3\'f0\'fb \'ed\'e0 \'f2\'ee\'ec \'f0\'e0\'f1\'f1\'f2\'ee\'ff\'ed\'e8\'e8 \'ee\'f2 \'f1\'e2\'ee\'e5\'e3\'ee \'f0\'f2\'e0, \'ea\'ee\'f2\'ee\'f0\'ee\'e5 \'f0\'e5\'ea\'ee\'ec\'e5\'ed\'e4\'ee\'e2\'e0\'ed\'ee \'e8\'e7\'e3\'ee\'f2\'ee\'e2\'e8\'f2\'e5\'eb\'e5\'ec \'e3\'e0\'f0\'ed\'e8\'f2\'f3\'f0\'fb.\par
\par
\'c4\'eb\'ff \'ef\'f0\'ee\'e4\'ee\'eb\'e6\'e5\'ed\'e8\'ff \'ed\'e0\'e6\'ec\'e8\'f2\'e5 \lquote\'c4\'e0\'eb\'e5\'e5\rquote\f1\par
}
"/>

	<label page1help = "{\rtf1\ansi\ansicpg1251\deff0\deflang1049\deflangfe1049\deftab708{\fonttbl{\f0\fswiss\fprq2\fcharset204{\*\fname Arial;}Arial CYR;}{\f1\fswiss\fprq2\fcharset0 Arial;}}
{\*\generator Msftedit 5.41.15.1507;}\viewkind4\uc1\pard\lang1033\b\i\f0\fs18\'c2\'fb\'e1\'ee\'f0 \'e7\'e2\'f3\'ea\'ee\'e2\'fb\'f5 \'f3\'f1\'f2\'f0\'ee\'e9\'f1\'f2\'e2\b0\i0\par
\'c4\'eb\'ff \'ea\'e0\'e6\'e4\'ee\'e3\'ee \'e7\'e2\'f3\'ea\'ee\'e2\'ee\'e3\'ee \'f0\'e5\'e6\'e8\'ec\'e0 \'f2\'f0\'e5\'e1\'f3\'e5\'f2\'f1\'ff \'e2\'fb\'e1\'f0\'e0\'f2\'fc \'f3\'f1\'f2\'f0\'ee\'e9\'f1\'f2\'e2\'ee, \'ea\'ee\'f2\'ee\'f0\'ee\'e5 \'e4\'ee\'eb\'e6\'ed\'ee \'e8\'f1\'ef\'ee\'eb\'fc\'e7\'ee\'e2\'e0\'f2\'fc \'ef\'f0\'e8\'eb\'ee\'e6\'e5\'ed\'e8\'e5 Communicator. \'c4\'eb\'ff \'eb\'f3\'f7\'f8\'e5\'e3\'ee \'ef\'ee\'ed\'e8\'ec\'e0\'ed\'e8\'ff \'f0\'e0\'e1\'ee\'f2\'fb \'e7\'e2\'f3\'ea\'ee\'e2\'fb\'f5 \'f3\'f1\'f2\'f0\'ee\'e9\'f1\'f2\'e2 \'e8 \'e7\'e2\'f3\'ea\'ee\'e2\'fb\'f5 \'f0\'e5\'e6\'e8\'ec\'ee\'e2 \'f1\'ec. \'f0\'f3\'ea\'ee\'e2\'ee\'e4\'f1\'f2\'e2\'ee \'ef\'ee\'eb\'fc\'e7\'ee\'e2\'e0\'f2\'e5\'eb\'ff.\f1\par
}
"/>

	<label page2help = "{\rtf1\ansi\ansicpg1251\deff0\deflang1049\deflangfe1049\deftab708{\fonttbl{\f0\fswiss\fprq2\fcharset204{\*\fname Arial;}Arial CYR;}{\f1\fswiss\fprq2\fcharset0 Arial;}}
{\*\generator Msftedit 5.41.15.1507;}\viewkind4\uc1\pard\lang1033\b\i\f0\fs18\'cd\'e0\'f1\'f2\'f0\'ee\'e9\'ea\'e0 \'e3\'f0\'ee\'ec\'ea\'ee\'f1\'f2\'e8 \'e2\'ee\'f1\'ef\'f0\'ee\'e8\'e7\'e2\'e5\'e4\'e5\'ed\'e8\'ff\b0\i0\par
\'d3\'e1\'e5\'e4\'e8\'f2\'e5\'f1\'fc, \'f7\'f2\'ee \'f3\'ea\'e0\'e7\'e0\'ed\'ed\'ee\'e5 \'ed\'e8\'e6\'e5 \'f3\'f1\'f2\'f0\'ee\'e9\'f1\'f2\'e2\'ee \'e2\'ee\'f1\'ef\'f0\'ee\'e8\'e7\'e2\'e5\'e4\'e5\'ed\'e8\'ff \'e2\'ee\'f1\'ef\'f0\'ee\'e8\'e7\'e2\'ee\'e4\'e8\'f2 \'e7\'e2\'f3\'ea. \'c5\'f1\'eb\'e8 \'f3\'f1\'f2\'f0\'ee\'e9\'f1\'f2\'e2\'ee \'e8\'ec\'e5\'e5\'f2 \'e2\'ed\'e5\'f8\'ed\'fe\'fe \'f0\'e5\'e3\'f3\'eb\'e8\'f0\'ee\'e2\'ea\'f3 \'e3\'f0\'ee\'ec\'ea\'ee\'f1\'f2\'e8, \'ef\'e5\'f0\'e5\'e4 \'ed\'e0\'f1\'f2\'f0\'ee\'e9\'ea\'ee\'e9 \'f3\'f1\'f2\'e0\'ed\'ee\'e2\'e8\'f2\'e5 \'e2\'ed\'e5\'f8\'ed\'e8\'ec\'e8 \'f0\'e5\'e3\'f3\'eb\'ff\'f2\'ee\'f0\'e0\'ec\'e8 \'ec\'e0\'ea\'f1\'e8\'ec\'e0\'eb\'fc\'ed\'f3\'fe \'e3\'f0\'ee\'ec\'ea\'ee\'f1\'f2\'fc. \'cd\'e0\'e6\'ec\'e8\'f2\'e5 \'ea\'ed\'ee\'ef\'ea\'f3 \b\'c2\'ee\'f1\'ef\'f0\'ee\'e8\'e7\'e2\'e5\'e4\'e5\'ed\'e8\'e5\b0  \'e8 \'ef\'e5\'f0\'e5\'ec\'e5\'f9\'e0\'e9\'f2\'e5 \'e4\'e2\'e8\'e6\'ea\'e8 \'f0\'e5\'e3\'f3\'eb\'e8\'f0\'ee\'e2\'ea\'e8 \'e3\'f0\'ee\'ec\'ea\'ee\'f1\'f2\'e8 \'e4\'ee \'ef\'ee\'eb\'f3\'f7\'e5\'ed\'e8\'ff \'e4\'ee\'f1\'f2\'e0\'f2\'ee\'f7\'ed\'ee\'e3\'ee \'f3\'f0\'ee\'e2\'ed\'ff \'e3\'f0\'ee\'ec\'ea\'ee\'f1\'f2\'e8 \'ef\'f0\'e8 \'e2\'ee\'f1\'ef\'f0\'ee\'e8\'e7\'e2\'e5\'e4\'e5\'ed\'e8\'e8 \'ee\'e1\'f0\'e0\'e7\'f6\'ee\'e2 \'e7\'e2\'f3\'ea\'ee\'e2\'fb\'f5 \'e4\'ee\'f0\'ee\'e6\'e5\'ea. \'cf\'f0\'e8 \'ee\'f2\'ee\'e1\'f0\'e0\'e6\'e5\'ed\'e8\'e8 \'ef\'ee\'eb\'e7\'f3\'ed\'ea\'ee\'e2 \lquote\'c3\'f0\'f3\'e1\'ee\rquote  \'e8 \lquote\'d1\'e8\'e3\'ed\'e0\'eb\rquote  \'f3\'f1\'f2\'e0\'ed\'ee\'e2\'e8\'f2\'e5 \'ef\'ee\'eb\'e7\'f3\'ed\'ee\'ea \lquote\'d1\'e8\'e3\'ed\'e0\'eb\rquote  \'ed\'e0 \'f3\'f0\'ee\'e2\'ed\'e5 75% \'e8 \'f0\'e5\'e3\'f3\'eb\'e8\'f0\'f3\'e9\'f2\'e5 \'ef\'ee\'eb\'ee\'e6\'e5\'ed\'e8\'e5 \'ef\'ee\'eb\'e7\'f3\'ed\'ea\'e0 \lquote\'c3\'f0\'f3\'e1\'ee\rquote  \'e4\'ee \'ef\'ee\'eb\'f3\'f7\'e5\'ed\'e8\'ff \'e4\'ee\'f1\'f2\'e0\'f2\'ee\'f7\'ed\'ee\'e3\'ee \'f3\'f0\'ee\'e2\'ed\'ff.\f1\par
}
"/>

	<label page3help = "{\rtf1\ansi\ansicpg1251\deff0\deflang1049\deflangfe1049\deftab708{\fonttbl{\f0\fswiss\fprq2\fcharset204{\*\fname Arial;}Arial CYR;}{\f1\fswiss\fprq2\fcharset0 Arial;}}
{\*\generator Msftedit 5.41.15.1507;}\viewkind4\uc1\pard\lang1033\b\i\f0\fs18\'cd\'e0\'f1\'f2\'f0\'ee\'e9\'ea\'e0 \'e3\'f0\'ee\'ec\'ea\'ee\'f1\'f2\'e8 \'ec\'e8\'ea\'f0\'ee\'f4\'ee\'ed\'e0\b0\i0\par
\'d3\'e1\'e5\'e4\'e8\'f2\'e5\'f1\'fc, \'f7\'f2\'ee \'c2\'fb \'ed\'e0\'ef\'f0\'e0\'e2\'eb\'ff\'e5\'f2\'e5 \'f1\'e2\'ee\'e9 \'e3\'ee\'eb\'ee\'f1 \'ed\'e0 \'f3\'f1\'f2\'f0\'ee\'e9\'f1\'f2\'e2\'ee \'e7\'e0\'ef\'e8\'f1\'e8, \'f3\'ea\'e0\'e7\'e0\'ed\'ed\'ee\'e5 \'ed\'e8\'e6\'e5. \'cd\'e0\'e6\'ec\'e8\'f2\'e5 \'ea\'ed\'ee\'ef\'ea\'f3 \b\'d2\'e5\'f1\'f2\b0  \'e8 \'ef\'f0\'ee\'f7\'f2\'e8\'f2\'e5 \'e4\'e0\'ed\'ed\'ee\'e5 \'f1\'ee\'ee\'e1\'f9\'e5\'ed\'e8\'e5 \'f1 \'f2\'e0\'ea\'ee\'e9 \'e3\'f0\'ee\'ec\'ea\'ee\'f1\'f2\'fc\'fe, \'f1 \'ea\'ee\'f2\'ee\'f0\'ee\'e9 \'c2\'fb \'ee\'e1\'fb\'f7\'ed\'ee \'f0\'e0\'e7\'e3\'ee\'e2\'e0\'f0\'e8\'e2\'e0\'e5\'f2\'e5 \'ef\'ee \'f2\'e5\'eb\'e5\'f4\'ee\'ed\'f3. \'c8\'e7\'ec\'e5\'ed\'ff\'e9\'f2\'e5 \'ef\'ee\'eb\'ee\'e6\'e5\'ed\'e8\'e5 \'ef\'ee\'eb\'e7\'f3\'ed\'ea\'ee\'e2 \'e3\'f0\'ee\'ec\'ea\'ee\'f1\'f2\'e8 \'e4\'ee \'f2\'e5\'f5 \'ef\'ee\'f0, \'ef\'ee\'ea\'e0 \'ef\'e8\'ea\'ee\'e2\'fb\'e5 \'e7\'ed\'e0\'f7\'e5\'ed\'e8\'ff \'e3\'f0\'ee\'ec\'ea\'ee\'f1\'f2\'e8 \'ed\'e0 \'e8\'ed\'e4\'e8\'ea\'e0\'f2\'ee\'f0\'e5 \'ed\'e5 \'e4\'ee\'f1\'f2\'e8\'e3\'ed\'f3\'f2 \'f1\'e0\'ec\'ee\'e3\'ee \'e2\'e5\'f0\'f5\'ed\'e5\'e3\'ee \'e6\'e5\'eb\'f2\'ee\'e3\'ee \'f1\'e5\'e3\'ec\'e5\'ed\'f2\'e0. \'cf\'f0\'e8 \'ee\'f2\'ee\'e1\'f0\'e0\'e6\'e5\'ed\'e8\'e8 \'ef\'ee\'eb\'e7\'f3\'ed\'ea\'ee\'e2 \lquote\'c3\'f0\'f3\'e1\'ee\rquote  \'e8 \lquote\'d2\'ee\'f7\'ed\'ee\rquote  \'f3\'f1\'f2\'e0\'ed\'ee\'e2\'e8\'f2\'e5 \'ef\'ee\'eb\'e7\'f3\'ed\'ee\'ea \lquote\'c3\'f0\'f3\'e1\'ee\rquote  \'ed\'e0 \'f3\'f0\'ee\'e2\'ed\'e5 75% \'e8 \'f0\'e5\'e3\'f3\'eb\'e8\'f0\'f3\'e9\'f2\'e5 \'ef\'ee\'eb\'ee\'e6\'e5\'ed\'e8\'e5 \'ef\'ee\'eb\'e7\'f3\'ed\'ea\'e0 \lquote\'d2\'ee\'f7\'ed\'ee\rquote  \'e4\'ee \'ef\'ee\'eb\'f3\'f7\'e5\'ed\'e8\'ff \'f2\'f0\'e5\'e1\'f3\'e5\'ec\'ee\'e3\'ee \'f3\'f0\'ee\'e2\'ed\'ff. \'c5\'f1\'eb\'e8 \'ed\'e0 \'ef\'e8\'ea\'e0\'f5 \'e3\'f0\'ee\'ec\'ea\'ee\'f1\'f2\'e8 \'f0\'e5\'f7\'e8 \'f3\'f0\'ee\'e2\'e5\'ed\'fc \'e3\'f0\'ee\'ec\'ea\'ee\'f1\'f2\'e8 \'ed\'e0 \'e8\'ed\'e4\'e8\'ea\'e0\'f2\'ee\'f0\'e5 \'ed\'e5 \'ef\'ee\'e4\'ed\'e8\'ec\'e0\'e5\'f2\'f1\'ff \'e2\'fb\'f8\'e5 \'e7\'e5\'eb\'e5\'ed\'fb\'f5 \'f1\'e5\'e3\'ec\'e5\'ed\'f2\'ee\'e2 \'ef\'f0\'e8 \'ef\'ee\'eb\'ee\'e6\'e5\'ed\'e8\'ff\'f5 \'e4\'e2\'e8\'e6\'ea\'ee\'e2, \'f1\'ee\'ee\'f2\'e2\'e5\'f2\'f1\'f2\'e2\'f3\'fe\'f9\'e8\'f5 \'ec\'e0\'ea\'f1\'e8\'ec\'e0\'eb\'fc\'ed\'ee\'ec\'f3 \'f3\'f0\'ee\'e2\'ed\'fe, \'e2\'ea\'eb\'fe\'f7\'e8\'f2\'e5 \'f4\'f3\'ed\'ea\'f6\'e8\'fe \b\'d3\'f1\'e8\'eb\'e5\'ed\'e8\'e5 \'ec\'e8\'ea\'f0\'ee\'f4\'ee\'ed\'e0\b0 , \'e5\'f1\'eb\'e8 \'ee\'ed\'e0 \'e4\'ee\'f1\'f2\'f3\'ef\'ed\'e0.\f1\par
}
"/>

	<label page99help = "{\rtf1\ansi\ansicpg1251\deff0\deflang1049\deflangfe1049\deftab708{\fonttbl{\f0\fswiss\fprq2\fcharset204{\*\fname Arial;}Arial CYR;}{\f1\fswiss\fprq2\fcharset0 Arial;}{\f2\fnil\fcharset2 Symbol;}}
{\*\generator Msftedit 5.41.15.1507;}\viewkind4\uc1\pard\lang1033\b\i\f0\fs18\'c2\'fb\'ef\'ee\'eb\'ed\'e5\'ed\'e8\'e5 \'ec\'e0\'f1\'f2\'e5\'f0\'e0 \'ed\'e0\'f1\'f2\'f0\'ee\'e9\'ea\'e8 \'e7\'e2\'f3\'ea\'e0 \'e7\'e0\'e2\'e5\'f0\'f8\'e5\'ed\'ee\b0\i0\par
\par
\'c7\'e0\'ef\'f3\'f1\'f2\'e8\'f2\'e5 \'e4\'e0\'ed\'ed\'fb\'e9 \'ec\'e0\'f1\'f2\'e5\'f0 \'ef\'ee\'e2\'f2\'ee\'f0\'ed\'ee \'e2 \'f1\'eb\'e5\'e4\'f3\'fe\'f9\'e8\'f5 \'f1\'eb\'f3\'f7\'e0\'ff\'f5:\par
\pard{\pntext\f2\'B7\tab}{\*\pn\pnlvlblt\pnf2\pnindent0{\pntxtb\'B7}}\fi-720\li1440\'ef\'ee\'e4\'ea\'eb\'fe\'f7\'e5\'ed\'e8\'e5 \'ed\'ee\'e2\'ee\'e3\'ee \'f3\'f1\'f2\'f0\'ee\'e9\'f1\'f2\'e2\'e0;\par
{\pntext\f2\'B7\tab}\'ed\'e5\'e4\'ee\'f1\'f2\'e0\'f2\'ee\'f7\'ed\'ee\'e5 \'ea\'e0\'f7\'e5\'f1\'f2\'e2\'ee \'e7\'e2\'f3\'ea\'e0 \'ef\'f0\'e8 \'e8\'f1\'ef\'ee\'eb\'fc\'e7\'ee\'e2\'e0\'ed\'e8\'e8 \'e7\'e2\'f3\'ea\'ee\'e2\'fb\'f5 \'f3\'f1\'f2\'f0\'ee\'e9\'f1\'f2\'e2;\par
{\pntext\f2\'B7\tab}\'ef\'e0\'f0\'e0\'ec\'e5\'f2\'f0\'fb \'ed\'e0\'f1\'f2\'f0\'ee\'e9\'ea\'e8 \'e7\'e2\'f3\'ea\'e0 \'e8\'e7\'ec\'e5\'ed\'e5\'ed\'fb \'e2 \'e4\'f0\'f3\'e3\'ee\'e9 \'ef\'f0\'ee\'e3\'f0\'e0\'ec\'ec\'e5, \'ed\'e0\'ef\'f0\'e8\'ec\'e5\'f0 \'e2 \'ef\'e0\'ed\'e5\'eb\'e8 \'f3\'ef\'f0\'e0\'e2\'eb\'e5\'ed\'e8\'ff \'e7\'e2\'f3\'ea\'e0\'ec\'e8 \'e8 \'f4\'e0\'e9\'eb\'e0\'ec\'e8 \'ec\'f3\'eb\'fc\'f2\'e8\'ec\'e5\'e4\'e8\'e0.\par
\pard\par
\'c4\'e0\'ed\'ed\'fb\'e9 \'ec\'e0\'f1\'f2\'e5\'f0 \'ec\'ee\'e6\'e5\'f2 \'e0\'e2\'f2\'ee\'ec\'e0\'f2\'e8\'f7\'e5\'f1\'ea\'e8 \'e7\'e0\'ef\'f3\'f1\'ea\'e0\'f2\'fc\'f1\'ff \'ef\'f0\'e8 \'e7\'e0\'ef\'f3\'f1\'ea\'e5 Cisco IP Communicator \'e2 \'f2\'ee\'ec \'f1\'eb\'f3\'f7\'e0\'e5, \'e5\'f1\'eb\'e8 \'ea\'e0\'ea\'e8\'e5-\'eb\'e8\'e1\'ee \'ef\'e0\'f0\'e0\'ec\'e5\'f2\'f0\'fb \'e7\'e2\'f3\'ea\'e0 \'e1\'fb\'eb\'e8 \'e8\'e7\'ec\'e5\'ed\'e5\'ed\'fb \'e1\'e5\'e7 \'e8\'f1\'ef\'ee\'eb\'fc\'e7\'ee\'e2\'e0\'ed\'e8\'ff \'fd\'f2\'ee\'e3\'ee \'ec\'e0\'f1\'f2\'e5\'f0\'e0. \'c5\'f1\'eb\'e8 \'e8\'e7\'ec\'e5\'ed\'e5\'ed\'e8\'e5 \'ef\'e0\'f0\'e0\'ec\'e5\'f2\'f0\'ee\'e2 \'ed\'e0\'f1\'f2\'f0\'ee\'e9\'ea\'e8 \'e7\'e2\'f3\'ea\'e0 \'ed\'e5 \'f2\'f0\'e5\'e1\'f3\'e5\'f2\'f1\'ff, \'e2\'fb\'e1\'e5\'f0\'e8\'f2\'e5 \b\'c2\'e5\'f0\'ed\'f3\'f2\'fc\b0 .\par
\par
\'c4\'eb\'ff \'e7\'e0\'ea\'f0\'fb\'f2\'e8\'ff \'ec\'e0\'f1\'f2\'e5\'f0\'e0 \'ed\'e0\'e6\'ec\'e8\'f2\'e5 \lquote\'c3\'ee\'f2\'ee\'e2\'ee\rquote .\f1\par
}
"/>

</TuningWizardStrings>