﻿<?xml version="1.0"?>
<CommunicatorStrings>
	<label rtlFlag="0"/>
	<label ok="ОК"/>
	<label cancel="Отмена"/>
	<label apply="Применить"/>
	<label applyToAll="Применить ко всем"/>
	<label verify="Проверить"/>
	<label yes="Да"/>
	<label no="Нет"/>
	<label yesToAll="Да для всех"/>
	<label noToAll="Нет для всех"/>
	<label abort="Прервать"/>
	<label retry="Повтор"/>
	<label error="Ошибка"/>
	<label edit="Правка"/>
	<label exit="Выход"/>
	<label close="Закрыть"/>
	<label move="Переместить"/>
	<label view="Вид"/>
	<label update="Обновить"/>
	<label help="Справка"/>
	<label about="О программе Cisco IP Communicator"/>
	<label proceed="Продолжить"/>
	<label next="Далее"/>
	<label back="Назад"/>
	<label show="Показать Cisco IP Communicator"/>
	<label hide="Скрыть Cisco IP Communicator"/>
	<label AGNT_checkAutoUpdate="Проверка наличия обновлений"/>
	<label finish="Готово"/>
	<label accept="Принять"/>
	<label acceptAll="Принять все"/>
	<label reject="Отклонить"/>
	<label rejectAll="Отклонить все"/>
	<label none="Нет"/>
	<label network="Сеть"/>
	<label user="Пользователь"/>
	<label java="Java"/>
	<label audio="Аудиоустройства"/>
	<label advAudio="Дополнительные параметры аудиоустройств"/>
	<label directories="Каталоги "/>
	<label ldapSettings="Параметры каталога LDAP"/>
	<label ldapUserName="Имя пользователя:"/>
	<label ldapPassword="Пароль:"/>
	<label wave="Воспроизведение гармоник"/>
	<label kernelStreaming="Работа с потоковыми данными на уровне ядра"/>
	<label itu="Международный союз телекоммуникаций"/>
	<label ciscoIPPhone="IP-телефон Cisco"/>
	<label speakerphone="Динамик"/>
	<label headset="Гарнитура"/>
	<label handset="Трубка"/>
	<label ringer="Звонок"/>
	<label hid="Устройство интерфейса взаимодействия с пользователем (HID)"/>
	<label status="Состояние"/>
	<label title="Cisco IP Communicator"/>
	<label autoUpdate="Автоматическое обновление"/>
	<label skins="Варианты оформления"/>
	<label screenOnly="Только экран"/>
	<label alwaysOnTop="Поверх остальных окон"/>
	<label startPhone="Запуск телефона"/>
	<label stopPhone="Остановка работы телефона"/>
	<label atwMenu="Мастер Hастройки Aудиоустройств"/>
	<label quickSearchMenu="Быстрый поиск..."/>
	<label ciscoUserOptions="Параметры пользователя Cisco Unified CM"/>
	<label preferences="Предпочтительные параметры..."/>
	<label userGuide="Руководство пользователя"/>
	<label DLG_Settings="Предпочтительные параметры"/>
	<label default="По умолчанию"/>
	<label file="Файл"/>
	<label module="Модуль"/>
	<label archive="Архив"/>
	<label progress="Ход выполнения"/>
	<label updateType="Тип обновления"/>
	<label recommended="Рекомендуемые"/>
	<label required="Обязательные"/>
	<label statStarting="Запуск устройства %s"/>
	<label statInstalling="Установка устройства %s"/>
	<label statInitializing="Инициализация устройства %s"/>
	<label statReading="Чтение с устройства %s"/>
	<label statConnectTFTP="Соединение с сервером TFTP"/>
	<label cdpDriver="CDP"/>
	<label questionMark="?"/>
	<label mtDriver="Аудиоустройства"/>
	<label localSettings="Локальные параметры"/>
	<label networkSettings="Сетевые параметры"/>
	<label hibernateWarning="В случае перевода компьютера в режим пониженного энергопотребления Cisco IP Communicator завершит текущий вызов. Остановить перевод компьютера в режим пониженного энергопотребления?"/>
	<label closeWarning="При завершении работы Cisco IP Communicator завершит текущий вызов. Завершить работу?"/>
	<label configWarning="В случае изменения предпочтительных параметров Cisco IP Communicator завершит текущий вызов. Продолжить?"/>
	<label configError="Во время активного вызова было удалено аудиоустройство. В результате этого активный вызов будет завершен."/>
	<label undockWarning="При отключении компьютера от док-станции приложение Cisco IP Communicator прервет текущий вызов. Прекратить отключение компьютера от док-станции?"/>
	<label endSessionWarning="В случае завершения сеанса Windows Cisco IP Communicator завершит текущий вызов. Завершить сеанс?"/>
	<label INF_infoCaption="Cisco IP Communicator - информация"/>
	<label INF_TFTPRestart="Сбой при перезапуске Cisco IP Communicator. Запустите приложение вручную."/>
	<label needReboot="Установлено новое программное обеспечение для Cisco IP Communicator; для завершения установки необходимо перезагрузить компьютер"/>
	<label fetchingDirectories="Получение информации о каталоге LDAP"/>
	<label fetchingDialingRules="Получение правил набора"/>
	<label restartForLocaleChange="Для введения в силу изменения языка необходимо перезапустить Cisco IP Communicator"/>
	<label copyright="© Корпорация Cisco Systems, 2004-2011. Все права защищены."/>
	<label copyrightSplash="© Корпорация Cisco Systems, 2011. Все права защищены. Справочные сведения по импорту, использованию и поставке продуктов шифрования доступны в меню «Справка»,  раздел «О программе Cisco IP Communicator». "/>
	<label versionSplash="Версия "/>
	<label versionCdp="Версия драйвера CDP:"/>
	<label versionCpmt="Версия системы Voice Engine:"/>
	<label Notices="Уведомления и ограничения ответственности Cisco:"/>
	<label NoticesText="***ВАЖНОЕ ЗАМЕЧАНИЕ ОБ ЭКСТРЕННЫХ ВЫЗОВЫХ — ПРОЧТИТЕ***&#13;&#10;&#13;&#10;В экстренных ситуациях технология программофона, возможно, не обеспечит своевременных и точных данных о местоположении, если она используется для экстренного вызова (например на номер 911, 999, 112). Звонки могут быть направлены в неправильный центр по чрезвычайным ситуациям или может произойти ошибка при определении местоположения. ВЫ НЕСЕТЕ ПОЛНУЮ ОТВЕТСТВЕННОСТЬ ЗА ИСПОЛЬЗОВАНИЕ ПРОГРАММОФОНА В ЭКСТРЕННЫХ СИТУАЦИЯХ. Корпорация Cisco не несет ответственности за полученные ошибки или задержки.&#13;&#10;&#13;&#10;&#13;&#10;***УВЕДОМЛЕНИЕ ОБ ИСПОЛЬЗОВАНИИ УСТОЙЧИВОГО ШИФРОВАНИЯ***&#13;&#10;&#13;&#10;Данный продукт содержит средства криптографии и на него распространяется действие законов США и местных законов, регулирующих импорт, экспорт, передачу и использование. Поставка криптографических продуктов Cisco не подразумевает предоставление третьим сторонам прав на импорт, экспорт, распространение или использование шифрования. Импортеры, экспортеры, дистрибьютеры и пользователи несут ответственность за соблюдение законов США и местных законов. Используя этот продукт, вы соглашаетесь соблюдать соответствующие законы и правила. Если вы не можете обеспечить соблюдение законов США и местных законов, немедленно верните продукт.&#13;&#10;&#13;&#10;&#13;&#10;Перечень законов США, контролирующих криптографические продукты Cisco, представлен на сайте:&#13;&#10;&#13;&#10;http://www.cisco.com/wwl/export/crypto/tool/stqrg.html&#13;&#10;&#13;&#10;Если требуется дальнейшая поддержка, свяжитесь с нами, отправив сообщение электронной почты по адресу: export@cisco.com.&#13;&#10;&#13;&#10;&#13;&#10;***УВЕДОМЛЕНИЕ О PRT***&#13;&#10;&#13;&#10;Средство создания отчета о неполадках (PRT) получает протоколы с компьютера, которые могут содержать контактную информацию, содержимое мгновенных сообщений, номера телефонов и другую информацию, используемую для личной идетификации вас или других пользователей. Эта информация необходима в рамках диагностической процедуры для определения причин сообщенной технической проболемы. Протоколы могут передаваться за границу и временно храниться в рамках диагностической процедуры. Используя средство PRT, вы соглашаетесь предоставить протоколы в компанию Cisco, чтобы специалисты компании Cisco смогли устранить любые технические проблемы, касающиеся Cisco IP Communicator. "/>
		
	<label ERR_alreadyRunning="Cisco IP Communicator уже работает"/>
	<label ERR_exception="Исключение"/>
	<label ERR_exceptionCaption="Communicator - ошибка исключения"/>
	<label ERR_notDib="Неполадка в текущем варианте оформления: файл растрового изображения имеет формат, отличный от DIB"/>
	<label ERR_notOS2Supported="Неполадка в текущем варианте оформления: формат растровых изображений OS2 не поддерживается"/>
	<label ERR_invalidSkin="Недопустимый файл текущего варианта оформления"/>
	<label ERR_invalidButton="Недопустимая кнопка файла текущего варианта оформления"/>
	<label ERR_noStreamDev="На данном компьютере не установлено ни одного совместимого аудиоустройства. Нажмите 'OК' для выхода."/>
	<label ERR_noRingDev="На данном компьютере не установлено ни одного совместимого аудиоустройства. Нажмите 'OК' для выхода."/>
	<label ERR_noNetworkDev="На данном компьютере не установлено ни одного совместимого сетевого интерфейса. Установите сетевой интерфейс."/>
	<label ERR_noJVM="Путь виртуальной машины Java не настроен. Виртуальную машину Java невозможно запустить в режиме отладки."/>
	<label ERR_invokeJVM="Невозможно запустить виртуальную машину Java - JNI_CreateJavaVM()."/>
	<label ERR_noVenderInfo="В файле конфигурации отсутствуют сведения об изготовителе"/>
	<label ERR_mismatchMAC="Сетевой интерфейс, выбранный для регистрации в Cisco CallManager, отсутствует или отключен. Если этот интерфейс был удален преднамеренно, выберите 'ОК' для последующего выбора нового интерфейса или 'Отмена' для закрытия диалогового окна."/>
	<label ERR_mismatchVPN="Сетевой интерфейс, выбранный для аудиоустройств, не имеет допустимого IP-адреса. Выберите 'ОК для последующего выбора нового интерфейса или 'Отмена' для закрытия диалогового окна."/>
	<label ERR_noNetAdapterCC="Выберите сетевой интерфейс для регистрации в Cisco CallManager. В противном случае будет использоваться интерфейс по умолчанию."/>
	<label ERR_deviceNameLength="Недопустимое имя устройства. Длина имени устройства не должна превышать 15 символов, а имя должно содержать следующие символы [a-z A-Z 0-9._-]." />
	<label ERR_noNetAdapterVPN="Выберите сетевой интерфейс для аудиоустройств."/>
	<label ERR_noTFTPServer="Невозможно установить соединение с сервером TFTP."/>
	<label ERR_cannotReadSettings="Считывание параметров невозможно"/>
	<label ERR_networkAdaptorAbsent="Необходимый для регистрации сетевой адаптер не найден"/>
	<label ERR_badHostNameSpecified="В предпочтительных параметрах указано недопустимое имя ведущего узла"/>
	<label ERR_badNetworkInterfaceSpecified="В предпочтительных параметрах указан недопустимый сетевой интерфейс"/>
	<label ERR_cannotInitializeGraphics="Невозможно инициализировать дисплей"/>
	<label ERR_cannotInitializeMedia="Невозможно инициализировать носитель"/>
	<label ERR_cannotStartCdp="Невозможно инициализировать поддержку службы Cisco Emergency Responder. Обратитесь к системному администратору"/>
	<label ERR_cannotInitializeKeyboard="Невозможно инициализировать раскладки клавиатуры"/>
	<label ERR_cannotInitializeGUI="Невозможно инициализировать графический пользовательский интерфейс"/>
	<label ERR_cannotAutoUpdate="Сбой проверки наличия обновлений"/>
	<label ERR_invalidDeviceLoad="Недопустимая загрузка устройства"/>
	<label ERR_wrongAutoUpdatePath="Следующий путь автоматического обновления не поддерживается:"/>
	<label ERR_invalidPortRange="Указан недопустимый диапазон портов. Границы диапазона должны быть числами от 1 до 65536. Исправьте диапазон и нажмите 'ОК."/>
	<label ERR_cannotLaunchCVTA="Невозможно запустить Cisco Unified Video Advantage."/>
	<label ERR_cvtaNotFound="Необходима программа Cisco Unified Video Advantage версии 2.0(1) или более поздней."/>
	<label ERR_checkDevicePreferences="Проверьте правильность предпочтительных параметров аудиоустройств с помощью мастера настройки аудиоустройств или меню предпочтительных параметров."/>	
	<label ERR_invalidTFTPServer="Адрес сервера TFTP содержит пустое поле."/>
	<label ERR_invalidAudioIP="IP-адрес аудиоустройства содержит пустое поле."/>

	<label DLG_ND_Label="Введите имя или номер для набора"/>
	<label DLG_ND_MessageNone="Совпадений не найдено"/>
	<label DLG_ND_MessageOne="Найдено одно совпадение"/>
	<label DLG_ND_Message25="Найдено много совпадений. Ниже приводится их список."/>
	<label DLG_ND_Message25p="Найдено несколько совпадений. Ниже приводится список первых %d совпадений. Для сокращения списка результатов уточните критерии поиска."/>
	<label DLG_ND_MultipleMatches="Несколько результатов поиска"/>
	<label DLG_ND_TooManyMatches="Слишком много результатов поиска"/>
	<label DLG_ND_RefineSearch="Показаны первые %d результатов. Уточните критерии поиска"/>
	<label DLG_ND_QuickSearch="Быстрый поиск"/>
	<label DLG_ND_QuickDial="Быстр. наб."/>
	<label DLG_ND_Search="Поиск"/>
	<label DLG_ND_Dial="Выбор"/>
	<label DLG_ND_First="Первый"/>
	<label DLG_ND_Last ="Последний"/>
	<label DLG_ND_EMail="Адрес электронной почты"/>
	<label DLG_ND_Number="Номер"/>
	<label DLG_ND_Mobile="Мобильный"/>
	<label DLG_ND_ThereWereErrors="Обнаружены ошибки"/>
	<label DLG_ND_Label="Поиск..."/>
	<label ERR_ND_NoSearchBase="Не указана база поиска LDAP"/>
	<label ERR_ND_NoUserName="Ошибка аутентификации LDAP: не указано имя пользователя"/> 
	<label ERR_ND_ConnectFailed="Сбой при установлении соединения LDAP с сервером"/>
	<label ERR_ND_AuthFailed="Сбой при входе в систему. Проверьте имя пользователя и пароль"/>
	<label ERR_ND_FileError="Ошибка операции с файлом при записи результатов LDAP"/>
	<label ERR_ND_NoSelection="Ничего не выбрано"/>
	<label ERR_ND_NoPhoneNumbers="В выбранной записи нет номеров телефонов"/>

	<label DLG_ChoosePhoneNumber="Выберите номер телефона"/>
	<label DLG_CPN_Message="Найдено несколько номеров телефона. Выберите номер, который требуется набрать."/>

	<label DLG_NW_TFTPServerGroup="Серверы TFTP"/>
	<label DLG_NW_ConnConfig="Параметры CallManager"/>
	<label DLG_NW_AutoTftp="Использовать TFTP-серверы по умолчанию"/>
	<label DLG_NW_CustomTftp="Использовать следующие серверы TFTP:"/>
	<label DLG_NW_TFTP1="Сервер TFTP 1"/>
	<label DLG_NW_TFTP2="Сервер TFTP 2"/>
	<label DLG_NW_DeviceNameGroup="Имя устройства"/>
	<label DLG_NW_DeviceName="Имя устройства:"/>
	<label DLG_NW_NetAdapter="Сетевой адаптер:"/>
	<label DLG_NW_RadioNetAdapter="Сгенерировать имя устройства с помощью сетевого адаптера"/>
	<label DLG_NW_RadioUseDeviceName="Использовать данное имя устройства"/>
	<label DLG_NW_StaticUseThisDeviceName="Использовать следующее имя устройства:"/>

	<label DLG_Audio_Use729="Оптимизировать для низкой полосы пропускания"/>
	<label DLG_Audio_UseDefaultDevices="Использовать Windows устройства по умолчанию"/>
	<label DLG_Audio_Advanced="Дополнительно..."/>
	<label DLG_Audio_Network="Сеть..."/>
	<label DLG_Audio_Selections="Устройства для режимов аудиосигнала"/>
	<label DLG_Ringer_Selection="Устройство для звонка"/>

	<label DLG_AdvancedAudioSettings="Дополнительные параметры аудиоустройств"/>
	<label DLG_AudioAdv_Sidetone="Громкость самопрослушивания"/>
	<label DLG_AudioAdv_EnableSidetone="Включить самопрослушивание"/>
	<label DLG_AudioAdv_Slider="-                        0                       +"/>
	<label DLG_AudioAdv_Microphone="Усиление громкости микрофона"/>
	<label DLG_AudioAdv_Filters="Фильтр"/>
	<label DLG_AudioAdv_Mode="Режим:"/>
	<label DLG_AudioAdv_PlayFilter="Прослушивание:"/>
	<label DLG_AudioAdv_RecordFilter="Речь:"/>
	<label DLG_AudioAdv_LimitVolume="Предельная громкость"/>
	<label DLG_AudioAdv_AudioLatency="Уровень качества аудиосигнала"/>
	<label DLG_AudioAdv_AudioLatencyLow="Наивысшее (малая задержка)"/>
	<label DLG_AudioAdv_AudioLatencyMedium="Очень высокое (средняя задержка)"/>
	<label DLG_AudioAdv_AudioLatencyHigh="Высокое (длительная задержка)"/>
	<label DLG_AudioAdv_SilenceSuppression="Подавление пауз"/>
	<label DLG_AudioAdv_SsDisabled="Отключено (не рекомендуется)"/>
	<label DLG_AudioAdv_NoiseSuppression="Подавление шумов"/>
	<label DLG_AudioAdv_Aggressiveness="Уровни активности"/>
	<label DLG_AudioAdv_AggressivenessLeast="мин."/>
	<label DLG_AudioAdv_AggressivenessMedium="Средний"/>
	<label DLG_AudioAdv_AggressivenessMost="макс."/>
	<label DLG_AudioAdv_AggressivenessLow="Низкий"/>
	<label DLG_AudioAdv_AggressivenessModerate="Умеренный"/>
	<label DLG_AudioAdv_AggressivenessHigh="Высокий"/>
	<label DLG_AudioAdv_AggressivenessVeryHigh="Очень высокий"/>

	<label DLG_AudioAdv_AGC="Автоматический уровень усиления"/>
	<label DLG_AudioAdv_EC="Подавление эха"/>
	<label DLG_AudioAdv_Enabled="Включено"/>
	<label DLG_AudioAdv_Disabled="Отключено"/>
	<label DLG_AudioAdv_Auto="Автоматический"/>
	<label DLG_AudioAdv_Analog="Аналог"/>
	<label DLG_AudioAdv_Digital="Цифровой"/>
	<label DLG_AudioAdv_Both="Оба"/>
	<label DLG_AudioAdv_Cancellation="Отмена"/>
	<label DLG_AudioAdv_Suppression="Подавление"/>
	<label DLG_AudioAdv_UseInput="Использовать значение ввода"/>

	<label DLG_NWA="Параметры сетевых аудиоустройств"/>
	<label DLG_NWA_AudioIP="IP-адрес аудиоустройства"/>
	<label DLG_NWA_AutoDetectIP="Автоматическое обнаружение"/>
	<label DLG_NWA_SelectInterface="Использовать следующий адрес адаптера:"/>
	<label DLG_NWA_UseThisIP="Использовать следующий адрес:"/>
	<label DLG_NWA_PortRange="Диапазон портов аудиоустройств"/>
	<label DLG_NWA_AutoSelectPort="Использовать диапазон портов по умолчанию"/>
	<label DLG_NWA_SpecifyPort="Использовать следующий диапазон портов:"/>
	<label DLG_NWA_PortFrom="От:"/>
	<label DLG_NWA_PortTo="До:"/>

	<label DLG_USR_usrInfo="Сведения о пользователе"/>
	<label DLG_USR_usrID="Имя пользователя:"/>
	<label DLG_USR_password="Пароль:"/>
	<label DLG_USR_usrInput="Ввод данных пользователем"/>
	<label DLG_USR_usbHandset="Трубка USB:"/>
	<label DLG_USR_trace="Устранение неполадок"/>
	<label DLG_USR_traceEnable="Включить запись в протокол"/>
	<label DLG_USR_CloseHidesApp="При выборе 'Закрыть' приложение будет скрыто"/>
	<label DLG_USR_BringToFront="При активном вызове отображать поверх других окон"/>
	<label DLG_USR_DisableToast="Скрывать уведомления о входящих вызовах"/>
	<label DLG_USR_EnableAnswerHotkey="Включить «горячую» клавишу для ответа"/>
	<label DLG_USR_UserOptionsGroup="Адрес страницы параметров пользователя Cisco Unified CM"/>
	<label DLG_USR_AutoUserOptions="Использовать значение по умолчанию (сервер TFTP)"/>
	<label DLG_USR_SpecifyUserOptions="использовать определенный URL"/>

	<label SKINS_Main_MessageWaiting="Получено сообщение"/>
	<label SKINS_ButtonSets_Close="Закрыть"/>
	<label SKINS_ButtonSets_Minimize="Свернуть"/>
	<label SKINS_ButtonSets_Mode="Режим"/>
	<label SKINS_ButtonSets_Menu="Mеню"/>
	<label SKINS_lines_Line1="Линия 1"/>
	<label SKINS_lines_Line2="Линия 2"/>
	<label SKINS_lines_Line3="Линия 3"/>
	<label SKINS_lines_Line4="Линия 4"/>
	<label SKINS_lines_Line5="Линия 5"/>
	<label SKINS_lines_Line6="Линия 6"/>
	<label SKINS_lines_Line7="Линия 7"/>
	<label SKINS_lines_Line8="Линия 8"/>
	<label SKINS_keypad_One="Один"/>
	<label SKINS_keypad_Two="Два"/>
	<label SKINS_keypad_Three="Три"/>
	<label SKINS_keypad_Four="Четыре"/>
	<label SKINS_keypad_Five="Пять"/>
	<label SKINS_keypad_Six="Шесть"/>
	<label SKINS_keypad_Seven="Семь"/>
	<label SKINS_keypad_Eight="Восемь"/>
	<label SKINS_keypad_Nine="Девять"/>
	<label SKINS_keypad_Star="Звездочка"/>
	<label SKINS_keypad_Zero="Нуль"/>
	<label SKINS_keypad_Pound="Решетка"/>
	<label SKINS_softkeys_Softkey1="Экранная клавиша 1"/>
	<label SKINS_softkeys_Softkey2="Экранная клавиша 2"/>
	<label SKINS_softkeys_Softkey3="Экранная клавиша 3"/>
	<label SKINS_softkeys_Softkey4="Экранная клавиша 4"/>
	<label SKINS_softkeys_Softkey5="Экранная клавиша 5"/>
	<label SKINS_features_Messages="Почта"/>
	<label SKINS_features_Services="Сервисы"/>
	<label SKINS_features_Settings="Настройки"/>
	<label SKINS_features_Directories="Каталоги"/>
	<label SKINS_features_Information="Справка"/>
	<label SKINS_controls_Headset="Гарнитура"/>
	<label SKINS_controls_Mute="Выключить микрофон"/>
	<label SKINS_controls_Speaker="Динамик"/>
	<label SKINS_controls_VolumeDown="Уменьшить громкость"/>
	<label SKINS_controls_VolumeUp="Увеличить громкость"/>
	<label SKINS_navigation_Navigation="Перемещение"/>
	<label SKINS_navigation_Up="Вверх"/>
	<label SKINS_navigation_Down="Вниз"/>
	<label SKINS_navigation_Left="Слева (L)"/>
	<label SKINS_navigation_Right="Справа (R)"/>

	<label DLG_AUDIO_LatencyOptimization="Оптимизация задержки"/>
	<label DLG_AUDIO_LowDelay="Малая задержка"/>
	<label DLG_AUDIO_MediumDelay="Средняя задержка"/>
	<label DLG_AUDIO_HighDelay="Длительная задержка"/>
	<label DLG_AUDIO_VeryHighDelay="Очень длительная задержка"/>
	<label DLG_AUDIO_LowestLatency="Минимальная задержка"/>
	<label DLG_AUDIO_HighestLatency="Максимальная задержка"/>
	<label DLG_AUDIO_Default="Значение по умолчанию"/>
	<label DLG_AUDIO_Recommended="Рекомендуется сначала задавать минимальные значения, а затем, при необходимости, переходить к следующим значениям."/>
	<label DLG_AUDIO_Speaker="Динамик"/>	
	<label DLG_AUDIO_Mic="Микрофон"/>
	<label DLG_AUDIO_SpeakerBuffer="Номер буфера динамика"/>
	<label DLG_AUDIO_MicBuffer="Номер буфера микрофона"/>

	<label DLG_TRACE_Tracing="Трассировка"/>
	<label DLG_TRACE_GUI="Графический пользовательский интерфейс"/>
	<label DLG_TRACE_CallControl="Управление вызовом"/>
	<label DLG_TRACE_Media="Аудиоустройства"/>
	<label DLG_TRACE_CDP="CDP"/>
	<label DLG_TRACE_ATW="Мастер настройки аудиоустройств"/>
	<label DLG_TRACE_R2d="Включить дисплей телефона"/>
	<label DLG_TRACE_Levels="Уровни трассировки"/>
	<label DLG_TRACE_Errors="Ошибки"/>
	<label DLG_TRACE_Detailed="Подробно"/>
	<label DLG_TRACE_Low="Низкий"/>
	<label DLG_TRACE_Med="Средний"/>
	<label DLG_TRACE_High="Высокий"/>
	<label DLG_TRACE_All="Все"/>

	<label DLG_L10N_Language="Язык"/>
	<label DLG_L10N_Locale="Национальные параметры"/>

	<label ChangeInterfaceWarningText="Изменение сетевого интерфейса может привести к остановке работы Cisco IP Communicator. Перед изменением этого параметра обратитесь за консультацией к системному администратору."/>
	<label ChangeInterfaceWarningCaption="Предупреждение"/>

	<label ChangeProtocolWarningText="Для этого устройства изменен протокол управления вызовов. Нажмите 'OK', чтобы перезапустить Cisco IP Communicator."/>
	<label JPhoneStartupErrorText="Программе Cisco IP Communicator не удалось инициализировать приложение телефона, поэтому она будет закрыта. Перезапустить Cisco IP Communicator?"/>
	<label AutoUpdateNeedUpdatesText="Для программы Cisco IP Communicator имеются обновления. Во время процедуры обновления необходимо закрыть приложение. Продолжить обновление?"/>

	<label CheckingLocaleUpdates="Проверка изменений национальных параметров..."/>

<!-- ETOUCH -->
	<label Paste="Вставить"/>
	<label AnswerCall="Ответ"/>
	<label IgnoreCall="Пропустить"/>
	<label UnknownCaller="Состояние неизвестно"/>
<!-- ETOUCH -->
	<SkinLocMap>
		<entry file="Default" name="Режим по умолчанию" />
		<entry file="Mercurio" name="Компактный режим" />
	</SkinLocMap>

</CommunicatorStrings>